================================================================================
LP-0018 A1 COVERAGE PIPELINE EXECUTION
================================================================================

--- Preflight: Checking VPS & Local Disk Space ---
VPS Available Disk Space: 67 GB
VPS Storage Node SPR: spr:CiUIAhIhA0DhJ1C6-HZQW8dqk8k90jLwB4qsts-jvsA5oZyT__uZEgIDARo7CicAJQgCEiEDQOEnULr4dlBbx2qTyT3SMvAHiqy2z6O-wDmhnJP_-5kQhdrA1QYaCgoIBMfnu2EGH4YqRzBFAiEA9Bqf0vAN1K0wRzXDiU3qguKO7jOIYmQX22E-U5rr7U0CIC0-CKEczBJP6BujDRx2M83tLZlRaxn6Yc5S09Jr7Aov

[Entry 1/25] china/henan (China) verified from prior canonical testnet deployment.
Loaded 1 existing entries from /mnt/c/Users/Aftab/Desktop/atlasmirror/evidence/a1-coverage-manifest.json

================================================================================
[2/25] Processing Region: africa/ethiopia (Ethiopia)
================================================================================
Fetching published MD5 from https://download.geofabrik.de/africa/ethiopia-latest.osm.pbf.md5...
Published MD5: 467b12fcb4577705d0be0d0c1af58654
Local PBF /tmp/a1_work/africa_ethiopia-latest.osm.pbf exists, verifying MD5...
✅ Existing local PBF matches published MD5! Skipping download.
Downloaded Size: 139740388 bytes (133.27 MB)
Computed MD5:    467b12fcb4577705d0be0d0c1af58654
✅ Geofabrik MD5 verified!
Transferring to VPS: /root/atlasmirror_vps/staging_africa_ethiopia.osm.pbf...
  File "/mnt/c/Users/Aftab/Desktop/atlasmirror/scripts/run_a1_coverage.py", line 478
    existing_regions = {e["region"] for e in manifest_entries}
                                    ^^^
SyntaxError: f-string: expecting '=', or '!', or ':', or '}'
================================================================================
LP-0018 A1 COVERAGE PIPELINE EXECUTION
================================================================================

--- Preflight: Checking VPS & Local Disk Space ---
VPS Available Disk Space: 67 GB
VPS Storage Node SPR: spr:CiUIAhIhA0DhJ1C6-HZQW8dqk8k90jLwB4qsts-jvsA5oZyT__uZEgIDARo7CicAJQgCEiEDQOEnULr4dlBbx2qTyT3SMvAHiqy2z6O-wDmhnJP_-5kQkojD1QYaCgoIBMfnu2EGH4YqRjBEAiAcD1wRI2ryl_4ycxT23MXgsyU-QL8IJ_s6tmtHxj33gwIgHkAvV6M5qO-MAfj1poohDo8_p_-3hfNvO7bepsKTEIw

[Entry 1/25] china/henan (China) verified from prior canonical testnet deployment.
Loaded 1 existing entries from /mnt/c/Users/Aftab/Desktop/atlasmirror/evidence/a1-coverage-manifest.json
[GIT] Committed progress: feat(coverage): verified 1/25 regions (china/henan)
[GIT] Push warning: <3>WSL (518 - ) ERROR: UtilAcceptVsock:273: accept4 failed 110

================================================================================
[2/25] Processing Region: africa/ethiopia (Ethiopia)
================================================================================
Fetching published MD5 from https://download.geofabrik.de/africa/ethiopia-latest.osm.pbf.md5...
Published MD5: c2e00ecddf7ae4ed89bf05bf104d3f10
Downloading https://download.geofabrik.de/africa/ethiopia-latest.osm.pbf...
================================================================================
LP-0018 A1 COVERAGE PIPELINE EXECUTION
================================================================================

--- Preflight: Checking VPS & Local Disk Space ---
VPS Available Disk Space: 67 GB
VPS Storage Node SPR: spr:CiUIAhIhA0DhJ1C6-HZQW8dqk8k90jLwB4qsts-jvsA5oZyT__uZEgIDARo7CicAJQgCEiEDQOEnULr4dlBbx2qTyT3SMvAHiqy2z6O-wDmhnJP_-5kQ24nD1QYaCgoIBMfnu2EGH4YqRjBEAiBz363dju-YQ4-l3p_CVWoJSiv75-twFlk9FFl7JRlJ3wIgKszxeB1xFz40PAmcMopcAo_WYEKQSGhd5vBE7C2R_Lg

[Entry 1/25] china/henan (China) verified from prior canonical testnet deployment.
Loaded 1 existing entries from /mnt/c/Users/Aftab/Desktop/atlasmirror/evidence/a1-coverage-manifest.json
[GIT] Committed progress locally: feat(coverage): verified 1/25 regions (china/henan)

================================================================================
[2/25] Processing Region: africa/ethiopia (Ethiopia)
================================================================================
Fetching published MD5 from https://download.geofabrik.de/africa/ethiopia-latest.osm.pbf.md5...
Published MD5: c2e00ecddf7ae4ed89bf05bf104d3f10
Downloading https://download.geofabrik.de/africa/ethiopia-latest.osm.pbf...
================================================================================
LP-0018 A1 COVERAGE PIPELINE EXECUTION
================================================================================

--- Preflight: Checking VPS & Local Disk Space ---
VPS Available Disk Space: 67 GB
VPS Storage Node SPR: spr:CiUIAhIhA0DhJ1C6-HZQW8dqk8k90jLwB4qsts-jvsA5oZyT__uZEgIDARo7CicAJQgCEiEDQOEnULr4dlBbx2qTyT3SMvAHiqy2z6O-wDmhnJP_-5kQy4_D1QYaCgoIBMfnu2EGH4YqRjBEAiAmA8YAmhmFKFHPRbsTnpSUJk17XI3-lPwJGGqK4-yBywIgPT8MkuDUfV3cmHruvjBbIWuQ7r2lGd6nlPGi87rXGYM

[Entry 1/25] china/henan (China) verified from prior canonical testnet deployment.
Loaded 1 existing entries from /mnt/c/Users/Aftab/Desktop/atlasmirror/evidence/a1-coverage-manifest.json
[GIT] Committed progress locally: feat(coverage): verified 1/25 regions (china/henan)

================================================================================
[2/25] Processing Region: africa/ethiopia (Ethiopia)
================================================================================
Region africa/ethiopia is already registered on-chain:
  CID:       zDvZRwzmDZiWYHL4HLkvbFNXEJtS1T3tnjHQBHgjWrkbdoYNh71d
  Checksum:  467b12fcb4577705d0be0d0c1af58654
  Version:   2026-09-20
  Timestamp: 1789905720
Verified CID zDvZRwzmDZiWYHL4HLkvbFNXEJtS1T3tnjHQBHgjWrkbdoYNh71d is hosted in VPS Logos Storage (139740388 bytes).

Executing fresh external retrieval for CID zDvZRwzmDZiWYHL4HLkvbFNXEJtS1T3tnjHQBHgjWrkbdoYNh71d...
{"dependencies_loaded":[],"module":"storage_module","status":"ok","version":"2.1.3"}
{"method":"init","module":"storage_module","result":true,"status":"ok"}
{"method":"start","module":"storage_module","result":true,"status":"ok"}
{"method":"downloadManifest","module":"storage_module","result":{"error":null,"success":true,"value":null},"status":"ok"}
{"method":"downloadToUrl","module":"storage_module","result":{"error":null,"success":true,"value":"zDvZRwzmDZiWYHL4HLkvbFNXEJtS1T3tnjHQBHgjWrkbdoYNh71d"},"status":"ok"}
[0s] Download progress: 0.0 MB / 133.3 MB (0.0%)
[15s] Download progress: 3.0 MB / 133.3 MB (2.3%)
[30s] Download progress: 10.0 MB / 133.3 MB (7.5%)
[45s] Download progress: 16.0 MB / 133.3 MB (12.0%)
[60s] Download progress: 23.0 MB / 133.3 MB (17.3%)
[75s] Download progress: 30.0 MB / 133.3 MB (22.5%)
[90s] Download progress: 37.0 MB / 133.3 MB (27.8%)
[105s] Download progress: 43.0 MB / 133.3 MB (32.3%)
================================================================================
LP-0018 A1 COVERAGE PIPELINE EXECUTION
================================================================================

--- Preflight: Checking VPS & Local Disk Space ---
VPS Available Disk Space: 67 GB
VPS Storage Node SPR: spr:CiUIAhIhA0DhJ1C6-HZQW8dqk8k90jLwB4qsts-jvsA5oZyT__uZEgIDARo7CicAJQgCEiEDQOEnULr4dlBbx2qTyT3SMvAHiqy2z6O-wDmhnJP_-5kQhpLD1QYaCgoIBMfnu2EGH4YqRzBFAiEA3I_GKkaFATWiy6oLitEzMo70sP6FOYmN9pgx40gHujoCICyaazlbg17iqWMu_TvK3ASE8mO8-CNrM919bektugv-

[Entry 1/25] china/henan (China) verified from prior canonical testnet deployment.
Loaded 1 existing entries from /mnt/c/Users/Aftab/Desktop/atlasmirror/evidence/a1-coverage-manifest.json
[GIT] Committed progress locally: feat(coverage): verified 1/25 regions (china/henan)

================================================================================
[2/25] Processing Region: africa/ethiopia (Ethiopia)
================================================================================
Region africa/ethiopia is already registered on-chain:
  CID:       zDvZRwzmDZiWYHL4HLkvbFNXEJtS1T3tnjHQBHgjWrkbdoYNh71d
  Checksum:  467b12fcb4577705d0be0d0c1af58654
  Version:   2026-09-20
  Timestamp: 1789905720
Verified CID zDvZRwzmDZiWYHL4HLkvbFNXEJtS1T3tnjHQBHgjWrkbdoYNh71d is hosted in VPS Logos Storage (139740388 bytes).

Executing fresh external retrieval for CID zDvZRwzmDZiWYHL4HLkvbFNXEJtS1T3tnjHQBHgjWrkbdoYNh71d...
{"dependencies_loaded":[],"module":"storage_module","status":"ok","version":"2.1.3"}
{"method":"init","module":"storage_module","result":true,"status":"ok"}
{"method":"start","module":"storage_module","result":true,"status":"ok"}
{"method":"downloadManifest","module":"storage_module","result":{"error":null,"success":true,"value":null},"status":"ok"}
{"method":"downloadToUrl","module":"storage_module","result":{"error":null,"success":true,"value":"zDvZRwzmDZiWYHL4HLkvbFNXEJtS1T3tnjHQBHgjWrkbdoYNh71d"},"status":"ok"}
[0s] Download progress: 0.0 MB / 133.3 MB (0.0%)
[15s] Download progress: 3.0 MB / 133.3 MB (2.3%)
[30s] Download progress: 9.0 MB / 133.3 MB (6.8%)
================================================================================
LP-0018 A1 COVERAGE PIPELINE EXECUTION
================================================================================

--- Preflight: Checking VPS & Local Disk Space ---
VPS Available Disk Space: 67 GB
VPS Storage Node SPR: spr:CiUIAhIhA0DhJ1C6-HZQW8dqk8k90jLwB4qsts-jvsA5oZyT__uZEgIDARo7CicAJQgCEiEDQOEnULr4dlBbx2qTyT3SMvAHiqy2z6O-wDmhnJP_-5kQrJbD1QYaCgoIBMfnu2EGH4YqRzBFAiEAqYLfjCV5XYXjxE8pBa4iTcluZDoBB1zZvSU2QmNDaBYCIEkZQNxD15EmrvEhjh3OFOjaMzU6C2IXeeWt1Cl0rHYY

[Entry 1/25] china/henan (China) verified from prior canonical testnet deployment.
Loaded 1 existing entries from /mnt/c/Users/Aftab/Desktop/atlasmirror/evidence/a1-coverage-manifest.json
[GIT] Committed progress locally: feat(coverage): verified 1/25 regions (china/henan)

================================================================================
[2/25] Processing Region: africa/ethiopia (Ethiopia)
================================================================================
Fetching published MD5 from https://download.geofabrik.de/africa/ethiopia-latest.osm.pbf.md5...
Published MD5: c2e00ecddf7ae4ed89bf05bf104d3f10
Truthful Source Version/Date: 2026-09-20
Checking existing local PBF /mnt/c/Users/Aftab/Desktop/atlasmirror/test_data/a1_work/africa_ethiopia-latest.osm.pbf...
Local PBF MD5 mismatch (got 3d5383f69a806532665bbc1122c05502, published c2e00ecddf7ae4ed89bf05bf104d3f10), re-downloading...
Download finished in 50.8s
Downloaded Size: 139741759 bytes (133.27 MB)
Computed MD5:    c2e00ecddf7ae4ed89bf05bf104d3f10
✅ Geofabrik MD5 verified!
Transferring to VPS: /root/atlasmirror_vps/staging_africa_ethiopia.osm.pbf...
Uploading to VPS Logos Storage...
Candidate Logos Storage CID: zDvZRwzm7o1JcgDFrsC8zYrEYnhPkY52qThJLjojMvswjj8pVjPX

[Integrity Gate] Executing independent external retrieval for CID zDvZRwzm7o1JcgDFrsC8zYrEYnhPkY52qThJLjojMvswjj8pVjPX before on-chain registration...
{"dependencies_loaded":[],"module":"storage_module","status":"ok","version":"2.1.3"}
{"method":"init","module":"storage_module","result":true,"status":"ok"}
{"method":"start","module":"storage_module","result":true,"status":"ok"}
{"method":"downloadManifest","module":"storage_module","result":{"error":null,"success":true,"value":null},"status":"ok"}
{"method":"downloadToUrl","module":"storage_module","result":{"error":null,"success":true,"value":"zDvZRwzm7o1JcgDFrsC8zYrEYnhPkY52qThJLjojMvswjj8pVjPX"},"status":"ok"}
[0s] Download progress: 0.0 MB / 133.3 MB (0.0%)
[15s] Download progress: 4.0 MB / 133.3 MB (3.0%)
[30s] Download progress: 12.0 MB / 133.3 MB (9.0%)
[45s] Download progress: 18.0 MB / 133.3 MB (13.5%)
[60s] Download progress: 24.2 MB / 133.3 MB (18.2%)
[75s] Download progress: 31.0 MB / 133.3 MB (23.3%)
[90s] Download progress: 37.0 MB / 133.3 MB (27.8%)
[105s] Download progress: 44.0 MB / 133.3 MB (33.0%)
[120s] Download progress: 49.0 MB / 133.3 MB (36.8%)
[135s] Download progress: 56.0 MB / 133.3 MB (42.0%)
[150s] Download progress: 63.0 MB / 133.3 MB (47.3%)
[165s] Download progress: 69.0 MB / 133.3 MB (51.8%)
[180s] Download progress: 76.0 MB / 133.3 MB (57.0%)
[195s] Download progress: 81.0 MB / 133.3 MB (60.8%)
[210s] Download progress: 89.0 MB / 133.3 MB (66.8%)
[225s] Download progress: 95.0 MB / 133.3 MB (71.3%)
[240s] Download progress: 102.0 MB / 133.3 MB (76.5%)
[255s] Download progress: 109.0 MB / 133.3 MB (81.8%)
[270s] Download progress: 114.0 MB / 133.3 MB (85.5%)
[285s] Download progress: 120.0 MB / 133.3 MB (90.0%)
[300s] Download progress: 127.0 MB / 133.3 MB (95.3%)
[315s] Download progress: 132.0 MB / 133.3 MB (99.0%)
External retrieval complete: 139741759/139741759 bytes (318s)
Retrieved Size: 139741759 (Expected: 139741759)
Retrieved MD5:  c2e00ecddf7ae4ed89bf05bf104d3f10 (Expected: c2e00ecddf7ae4ed89bf05bf104d3f10)
✅ CID zDvZRwzm7o1JcgDFrsC8zYrEYnhPkY52qThJLjojMvswjj8pVjPX CRYPTOGRAPHICALLY PROVEN: 100% MD5 MATCH WITH GEOFABRIK!

Registering/updating africa/ethiopia on Canonical Logos Testnet (account T8T4nfBcLDNUycWNQ4SyrvsduRZZ8Uxk5XSzS2XMvci)...
Registration parameters: CID=zDvZRwzm7o1JcgDFrsC8zYrEYnhPkY52qThJLjojMvswjj8pVjPX, MD5=c2e00ecddf7ae4ed89bf05bf104d3f10, Version=2026-09-20, Timestamp=1789971761
On-chain submission attempt 1/3 for africa/ethiopia...
Program ID: [1108401340, 224902513, 3719279011, 2256696779, 2279479750, 2288278838, 1677050569, 1334542228]
Building RegisterRegion instruction: RegisterRegionArgs { region: "africa/ethiopia", parent: Some("africa"), level: Subregion, cid: "zDvZRwzm7o1JcgDFrsC8zYrEYnhPkY52qThJLjojMvswjj8pVjPX", source_url: "https://download.geofabrik.de/africa/ethiopia-latest.osm.pbf", checksum: "c2e00ecddf7ae4ed89bf05bf104d3f10", version: "2026-09-20", hosted: true, timestamp: 1789971761 }
Transaction submitted! Hash: ffb8b4ba4dd5ebd4d585e194dbdb586af0531b47cf0deb0d38780cf98f488097
Polling for transaction finalization...
Transaction hash is ffb8b4ba4dd5ebd4d585e194dbdb586af0531b47cf0deb0d38780cf98f488097
Transaction is included in block 18252
Transaction data is Public(PublicTransaction { message: Message { program_id: "bcdc104271bd670da3b1afddcb758286c619de87365d6488c9c2f563947f8b4f", account_ids: [T8T4nfBcLDNUycWNQ4SyrvsduRZZ8Uxk5XSzS2XMvci], nonces: [Nonce(3)], instruction_data: [1, 15, 1769104993, 1697603939, 1869178996, 6383984, 1, 6, 1769104993, 24931, 1, 52, 1517700218, 1836742482, 1244753719, 1178888035, 943944562, 1165121914, 1349021273, 842357099, 1248351345, 1785686604, 2004055629, 1882745450, 1481665110, 60, 1886680168, 791624307, 1853321060, 1684107116, 1868916526, 1919050086, 1680763753, 1717645157, 1633905010, 1752458543, 1768976233, 1634479457, 1953719668, 1836281646, 1717727278, 32, 811938403, 1684235568, 1631020644, 1684354149, 1717713208, 1717712176, 1681141809, 808543795, 10, 909258802, 758722605, 12338, 1, 1789971761, 0] }, witness_set: WitnessSet { signatures_and_public_keys: [(1128682b6486e762e5c4ed7a4feac57b4a0e82fcc5e3c48afb1dea0e179a5bf2c8fa0648d356a3897379fc603786535efa00c470b1dd7a515b7ef13022885475, 922b3959aead75f725bc70b319bc7733350630b8d1cc14aa366b917b785554da)] } })
Stored persistent accounts at /root/.lee/wallet-testnet-compatible/storage.json
Transaction finalized successfully! Result: TransactionExecuted { tx_hash: ffb8b4ba4dd5ebd4d585e194dbdb586af0531b47cf0deb0d38780cf98f488097 }

✅ On-chain registration/update confirmed! Tx: ffb8b4ba4dd5ebd4d585e194dbdb586af0531b47cf0deb0d38780cf98f488097, Block: 18252
✅ Canonical on-chain query verified!
[GIT] Committed progress locally: feat(coverage): verified 2/25 regions (africa/ethiopia)
✅ Region africa/ethiopia verified and added to manifest (2/25).

================================================================================
[3/25] Processing Region: asia/pakistan (Pakistan)
================================================================================
Fetching published MD5 from https://download.geofabrik.de/asia/pakistan-latest.osm.pbf.md5...
Published MD5: d63c9409c20924d0813b81266eb2f5ad
Truthful Source Version/Date: 2026-09-20
Downloading https://download.geofabrik.de/asia/pakistan-latest.osm.pbf...
Download finished in 57.2s
Downloaded Size: 156230629 bytes (148.99 MB)
Computed MD5:    d63c9409c20924d0813b81266eb2f5ad
✅ Geofabrik MD5 verified!
Transferring to VPS: /root/atlasmirror_vps/staging_asia_pakistan.osm.pbf...
Uploading to VPS Logos Storage...
Candidate Logos Storage CID: zDvZRwzm9WQQrvAZL4NavbFXjmbHTFNyho68zPMxKsCvfGEn2LbD

[Integrity Gate] Executing independent external retrieval for CID zDvZRwzm9WQQrvAZL4NavbFXjmbHTFNyho68zPMxKsCvfGEn2LbD before on-chain registration...
{"dependencies_loaded":[],"module":"storage_module","status":"ok","version":"2.1.3"}
{"method":"init","module":"storage_module","result":true,"status":"ok"}
{"method":"start","module":"storage_module","result":true,"status":"ok"}
{"method":"downloadManifest","module":"storage_module","result":{"error":null,"success":true,"value":null},"status":"ok"}
{"method":"downloadToUrl","module":"storage_module","result":{"error":"Failed to start download.","success":false,"value":null},"status":"ok"}
================================================================================
LP-0018 A1 COVERAGE PIPELINE EXECUTION
================================================================================

--- Preflight: Checking VPS & Local Disk Space ---
VPS Available Disk Space: 67 GB
VPS Storage Node SPR: spr:CiUIAhIhA0DhJ1C6-HZQW8dqk8k90jLwB4qsts-jvsA5oZyT__uZEgIDARo7CicAJQgCEiEDQOEnULr4dlBbx2qTyT3SMvAHiqy2z6O-wDmhnJP_-5kQ853D1QYaCgoIBMfnu2EGH4YqRjBEAiAqAxkDJnle9NHd2Jtps7dovTAKLXeLrz3h-I4wwj502wIgFewFqzWYq_S-Yl86XvBECRFAzx9htGEOazzhFyDEV_M

[Entry 1/25] china/henan (China) verified from prior canonical testnet deployment.
Loaded 2 existing entries from /mnt/c/Users/Aftab/Desktop/atlasmirror/evidence/a1-coverage-manifest.json
[GIT] Committed progress locally: feat(coverage): verified 2/25 regions (africa/ethiopia)
[2/25] Region africa/ethiopia (Ethiopia) already verified in manifest. Skipping.

================================================================================
[3/25] Processing Region: asia/pakistan (Pakistan)
================================================================================
Fetching published MD5 from https://download.geofabrik.de/asia/pakistan-latest.osm.pbf.md5...
Published MD5: d63c9409c20924d0813b81266eb2f5ad
Truthful Source Version/Date: 2026-09-20
Checking existing local PBF /mnt/c/Users/Aftab/Desktop/atlasmirror/test_data/a1_work/asia_pakistan-latest.osm.pbf...
✅ Existing local PBF matches live published MD5! Skipping download.
Downloaded Size: 156230629 bytes (148.99 MB)
Computed MD5:    d63c9409c20924d0813b81266eb2f5ad
✅ Geofabrik MD5 verified!
Found existing VPS manifest matching staging_asia_pakistan.osm.pbf (156230629 bytes): Candidate CID zDvZRwzm9WQQrvAZL4NavbFXjmbHTFNyho68zPMxKsCvfGEn2LbD
Candidate Logos Storage CID: zDvZRwzm9WQQrvAZL4NavbFXjmbHTFNyho68zPMxKsCvfGEn2LbD

[Integrity Gate] Executing independent external retrieval for CID zDvZRwzm9WQQrvAZL4NavbFXjmbHTFNyho68zPMxKsCvfGEn2LbD before on-chain registration...
External retrieval attempt 1/3 for asia/pakistan (CID: zDvZRwzm9WQQrvAZL4NavbFXjmbHTFNyho68zPMxKsCvfGEn2LbD)...
Live VPS SPR: spr:CiUIAhIhA0DhJ1C6-HZQW8dqk8k90jLwB4qsts-jvsA5oZyT__uZEgID...
{"dependencies_loaded":[],"module":"storage_module","status":"ok","version":"2.1.3"}
{"method":"init","module":"storage_module","result":true,"status":"ok"}
{"method":"start","module":"storage_module","result":true,"status":"ok"}
{"method":"downloadManifest","module":"storage_module","result":{"error":null,"success":true,"value":null},"status":"ok"}
[WARN] Manifest download failed on attempt 1. Retrying with fresh daemon...
External retrieval attempt 2/3 for asia/pakistan (CID: zDvZRwzm9WQQrvAZL4NavbFXjmbHTFNyho68zPMxKsCvfGEn2LbD)...
Live VPS SPR: spr:CiUIAhIhA0DhJ1C6-HZQW8dqk8k90jLwB4qsts-jvsA5oZyT__uZEgID...
{"code":"NO_DAEMON","message":"No client config at /root/a1_client/cfg/client/config.json. Start a daemon in this session (it writes one on boot), or install a dial spec with `logosctl client config set FILE` alongside the matching token file.","status":"error"}
{"code":"NO_DAEMON","message":"No client config at /root/a1_client/cfg/client/config.json. Start a daemon in this session (it writes one on boot), or install a dial spec with `logosctl client config set FILE` alongside the matching token file.","status":"error"}
{"code":"NO_DAEMON","message":"No client config at /root/a1_client/cfg/client/config.json. Start a daemon in this session (it writes one on boot), or install a dial spec with `logosctl client config set FILE` alongside the matching token file.","status":"error"}
{"code":"MODULE_NOT_LOADED","message":"Module 'storage_module' is not loaded. Load it with: logosctl module load storage_module","status":"error"}
================================================================================
LP-0018 A1 COVERAGE PIPELINE EXECUTION
================================================================================

--- Preflight: Checking VPS & Local Disk Space ---
VPS Available Disk Space: 67 GB
VPS Storage Node SPR: spr:CiUIAhIhA0DhJ1C6-HZQW8dqk8k90jLwB4qsts-jvsA5oZyT__uZEgIDARo7CicAJQgCEiEDQOEnULr4dlBbx2qTyT3SMvAHiqy2z6O-wDmhnJP_-5kQvp_D1QYaCgoIBMfnu2EGH4YqRjBEAiBY0SDJmstQblTVmZ9j6lc8MotKHHvusSLai9wjRHk3rQIgYYTJyErDHYTFpzf5tXefrBjUCMGB5lXoLFTlr099WNc

[Entry 1/25] china/henan (China) verified from prior canonical testnet deployment.
Loaded 2 existing entries from /mnt/c/Users/Aftab/Desktop/atlasmirror/evidence/a1-coverage-manifest.json
[GIT] Committed progress locally: feat(coverage): verified 2/25 regions (africa/ethiopia)
[2/25] Region africa/ethiopia (Ethiopia) already verified in manifest. Skipping.

================================================================================
[3/25] Processing Region: asia/pakistan (Pakistan)
================================================================================
Fetching published MD5 from https://download.geofabrik.de/asia/pakistan-latest.osm.pbf.md5...
Published MD5: d63c9409c20924d0813b81266eb2f5ad
Truthful Source Version/Date: 2026-09-20
Checking existing local PBF /mnt/c/Users/Aftab/Desktop/atlasmirror/test_data/a1_work/asia_pakistan-latest.osm.pbf...
✅ Existing local PBF matches live published MD5! Skipping download.
Downloaded Size: 156230629 bytes (148.99 MB)
Computed MD5:    d63c9409c20924d0813b81266eb2f5ad
✅ Geofabrik MD5 verified!
Found existing VPS manifest matching staging_asia_pakistan.osm.pbf (156230629 bytes): Candidate CID zDvZRwzm9WQQrvAZL4NavbFXjmbHTFNyho68zPMxKsCvfGEn2LbD
Candidate Logos Storage CID: zDvZRwzm9WQQrvAZL4NavbFXjmbHTFNyho68zPMxKsCvfGEn2LbD

[Integrity Gate] Executing independent external retrieval for CID zDvZRwzm9WQQrvAZL4NavbFXjmbHTFNyho68zPMxKsCvfGEn2LbD before on-chain registration...
External retrieval attempt 1/3 for asia/pakistan (CID: zDvZRwzm9WQQrvAZL4NavbFXjmbHTFNyho68zPMxKsCvfGEn2LbD)...
Live VPS SPR: spr:CiUIAhIhA0DhJ1C6-HZQW8dqk8k90jLwB4qsts-jvsA5oZyT__uZEgID...
{"dependencies_loaded":[],"module":"storage_module","status":"ok","version":"2.1.3"}
{"method":"init","module":"storage_module","result":true,"status":"ok"}
{"method":"start","module":"storage_module","result":true,"status":"ok"}
{"method":"downloadManifest","module":"storage_module","result":{"error":null,"success":true,"value":null},"status":"ok"}
{"method":"downloadToUrl","module":"storage_module","result":{"error":"Failed to start download.","success":false,"value":null},"status":"ok"}
================================================================================
LP-0018 A1 COVERAGE PIPELINE EXECUTION
================================================================================

--- Preflight: Checking VPS & Local Disk Space ---
VPS Available Disk Space: 67 GB
VPS Storage Node SPR: spr:CiUIAhIhA0DhJ1C6-HZQW8dqk8k90jLwB4qsts-jvsA5oZyT__uZEgIDARo7CicAJQgCEiEDQOEnULr4dlBbx2qTyT3SMvAHiqy2z6O-wDmhnJP_-5kQxaDD1QYaCgoIBMfnu2EGH4YqRzBFAiEAyX2lqkT3Pw1DO5y9ratQiXJhDQiH9y6xFDAmFTkB554CIGbu0iBRPyaswXPukQU1OcRFzSR4ryIgkwhJfLiZw19m

[Entry 1/25] china/henan (China) verified from prior canonical testnet deployment.
Loaded 2 existing entries from /mnt/c/Users/Aftab/Desktop/atlasmirror/evidence/a1-coverage-manifest.json
[GIT] Committed progress locally: feat(coverage): verified 2/25 regions (africa/ethiopia)
[2/25] Region africa/ethiopia (Ethiopia) already verified in manifest. Skipping.

================================================================================
[3/25] Processing Region: asia/pakistan (Pakistan)
================================================================================
Fetching published MD5 from https://download.geofabrik.de/asia/pakistan-latest.osm.pbf.md5...
Published MD5: d63c9409c20924d0813b81266eb2f5ad
Truthful Source Version/Date: 2026-09-20
Checking existing local PBF /mnt/c/Users/Aftab/Desktop/atlasmirror/test_data/a1_work/asia_pakistan-latest.osm.pbf...
✅ Existing local PBF matches live published MD5! Skipping download.
Downloaded Size: 156230629 bytes (148.99 MB)
Computed MD5:    d63c9409c20924d0813b81266eb2f5ad
✅ Geofabrik MD5 verified!
Found existing VPS manifest matching staging_asia_pakistan.osm.pbf (156230629 bytes): Candidate CID zDvZRwzm9WQQrvAZL4NavbFXjmbHTFNyho68zPMxKsCvfGEn2LbD
Candidate Logos Storage CID: zDvZRwzm9WQQrvAZL4NavbFXjmbHTFNyho68zPMxKsCvfGEn2LbD

[Integrity Gate] Executing independent external retrieval for CID zDvZRwzm9WQQrvAZL4NavbFXjmbHTFNyho68zPMxKsCvfGEn2LbD before on-chain registration...
External retrieval attempt 1/3 for asia/pakistan (CID: zDvZRwzm9WQQrvAZL4NavbFXjmbHTFNyho68zPMxKsCvfGEn2LbD)...
Live VPS SPR: spr:CiUIAhIhA0DhJ1C6-HZQW8dqk8k90jLwB4qsts-jvsA5oZyT__uZEgID...
{"dependencies_loaded":[],"module":"storage_module","status":"ok","version":"2.1.3"}
{"method":"init","module":"storage_module","result":true,"status":"ok"}
{"method":"start","module":"storage_module","result":true,"status":"ok"}
{"method":"downloadManifest","module":"storage_module","result":{"error":null,"success":true,"value":null},"status":"ok"}
[WARN] Manifest not ready on attempt 1. Retrying with fresh daemon...
External retrieval attempt 2/3 for asia/pakistan (CID: zDvZRwzm9WQQrvAZL4NavbFXjmbHTFNyho68zPMxKsCvfGEn2LbD)...
Live VPS SPR: spr:CiUIAhIhA0DhJ1C6-HZQW8dqk8k90jLwB4qsts-jvsA5oZyT__uZEgID...
{"dependencies_loaded":[],"module":"storage_module","status":"ok","version":"2.1.3"}
{"method":"init","module":"storage_module","result":true,"status":"ok"}
{"method":"start","module":"storage_module","result":true,"status":"ok"}
{"method":"downloadManifest","module":"storage_module","result":{"error":null,"success":true,"value":null},"status":"ok"}
================================================================================
LP-0018 A1 COVERAGE PIPELINE EXECUTION
================================================================================

--- Preflight: Checking VPS & Local Disk Space ---
VPS Available Disk Space: 67 GB
VPS Storage Node SPR: spr:CiUIAhIhA0DhJ1C6-HZQW8dqk8k90jLwB4qsts-jvsA5oZyT__uZEgIDARo7CicAJQgCEiEDQOEnULr4dlBbx2qTyT3SMvAHiqy2z6O-wDmhnJP_-5kQkKLD1QYaCgoIBMfnu2EGH4YqRzBFAiEAhe8Wd8vZxbk_o42W0q9H636T9_fYSGZ2HiGu0ZjOHyACIHrQfKsMA6Opd2h2muFdec83aY6mp_Q0R2QGUu31tXj3

[Entry 1/25] china/henan (China) verified from prior canonical testnet deployment.
Loaded 2 existing entries from /mnt/c/Users/Aftab/Desktop/atlasmirror/evidence/a1-coverage-manifest.json
[GIT] Committed progress locally: feat(coverage): verified 2/25 regions (africa/ethiopia)
[2/25] Region africa/ethiopia (Ethiopia) already verified in manifest. Skipping.

================================================================================
[3/25] Processing Region: asia/pakistan (Pakistan)
================================================================================
Fetching published MD5 from https://download.geofabrik.de/asia/pakistan-latest.osm.pbf.md5...
Published MD5: d63c9409c20924d0813b81266eb2f5ad
Truthful Source Version/Date: 2026-09-20
Checking existing local PBF /mnt/c/Users/Aftab/Desktop/atlasmirror/test_data/a1_work/asia_pakistan-latest.osm.pbf...
✅ Existing local PBF matches live published MD5! Skipping download.
Downloaded Size: 156230629 bytes (148.99 MB)
Computed MD5:    d63c9409c20924d0813b81266eb2f5ad
✅ Geofabrik MD5 verified!
Found existing VPS manifest matching staging_asia_pakistan.osm.pbf (156230629 bytes): Candidate CID zDvZRwzm9WQQrvAZL4NavbFXjmbHTFNyho68zPMxKsCvfGEn2LbD
Candidate Logos Storage CID: zDvZRwzm9WQQrvAZL4NavbFXjmbHTFNyho68zPMxKsCvfGEn2LbD

[Integrity Gate] Executing independent external retrieval for CID zDvZRwzm9WQQrvAZL4NavbFXjmbHTFNyho68zPMxKsCvfGEn2LbD before on-chain registration...
External retrieval attempt 1/3 for asia/pakistan (CID: zDvZRwzm9WQQrvAZL4NavbFXjmbHTFNyho68zPMxKsCvfGEn2LbD)...
Live VPS SPR: spr:CiUIAhIhA0DhJ1C6-HZQW8dqk8k90jLwB4qsts-jvsA5oZyT__uZEgID...
{"dependencies_loaded":[],"module":"storage_module","status":"ok","version":"2.1.3"}
{"method":"init","module":"storage_module","result":true,"status":"ok"}
{"method":"start","module":"storage_module","result":true,"status":"ok"}
{"method":"downloadManifest","module":"storage_module","result":{"error":null,"success":true,"value":null},"status":"ok"}
✅ Manifest downloaded and verified in local cache!
{"method":"downloadToUrl","module":"storage_module","result":{"error":null,"success":true,"value":"zDvZRwzm9WQQrvAZL4NavbFXjmbHTFNyho68zPMxKsCvfGEn2LbD"},"status":"ok"}
[0s] Download progress: 0.0 MB / 149.0 MB (0.0%)
[15s] Download progress: 2.0 MB / 149.0 MB (1.3%)
[30s] Download progress: 5.0 MB / 149.0 MB (3.4%)
[45s] Download progress: 10.0 MB / 149.0 MB (6.7%)
[60s] Download progress: 15.0 MB / 149.0 MB (10.1%)
[75s] Download progress: 20.0 MB / 149.0 MB (13.4%)
[90s] Download progress: 24.0 MB / 149.0 MB (16.1%)
[105s] Download progress: 29.0 MB / 149.0 MB (19.5%)
[120s] Download progress: 34.0 MB / 149.0 MB (22.8%)
[135s] Download progress: 38.0 MB / 149.0 MB (25.5%)
[150s] Download progress: 42.0 MB / 149.0 MB (28.2%)
[165s] Download progress: 42.0 MB / 149.0 MB (28.2%)
[180s] Download progress: 42.0 MB / 149.0 MB (28.2%)
[195s] Download progress: 42.0 MB / 149.0 MB (28.2%)
[210s] Download progress: 42.0 MB / 149.0 MB (28.2%)
[225s] Download progress: 42.0 MB / 149.0 MB (28.2%)
[240s] Download progress: 42.0 MB / 149.0 MB (28.2%)
[255s] Download progress: 43.0 MB / 149.0 MB (28.9%)
[270s] Download progress: 46.0 MB / 149.0 MB (30.9%)
[285s] Download progress: 48.0 MB / 149.0 MB (32.2%)
[300s] Download progress: 50.0 MB / 149.0 MB (33.6%)
[315s] Download progress: 52.0 MB / 149.0 MB (34.9%)
[330s] Download progress: 53.0 MB / 149.0 MB (35.6%)
[345s] Download progress: 54.0 MB / 149.0 MB (36.2%)
[360s] Download progress: 55.0 MB / 149.0 MB (36.9%)
[375s] Download progress: 57.0 MB / 149.0 MB (38.3%)
[390s] Download progress: 58.0 MB / 149.0 MB (38.9%)
[405s] Download progress: 60.0 MB / 149.0 MB (40.3%)
[420s] Download progress: 64.0 MB / 149.0 MB (43.0%)
[435s] Download progress: 67.0 MB / 149.0 MB (45.0%)
[450s] Download progress: 70.0 MB / 149.0 MB (47.0%)
[465s] Download progress: 74.0 MB / 149.0 MB (49.7%)
[480s] Download progress: 78.0 MB / 149.0 MB (52.4%)
[495s] Download progress: 81.0 MB / 149.0 MB (54.4%)
[510s] Download progress: 84.0 MB / 149.0 MB (56.4%)
[525s] Download progress: 88.0 MB / 149.0 MB (59.1%)
[540s] Download progress: 91.0 MB / 149.0 MB (61.1%)
[555s] Download progress: 94.0 MB / 149.0 MB (63.1%)
[570s] Download progress: 98.0 MB / 149.0 MB (65.8%)
[585s] Download progress: 101.0 MB / 149.0 MB (67.8%)
External retrieval attempt 2/3 for asia/pakistan (CID: zDvZRwzm9WQQrvAZL4NavbFXjmbHTFNyho68zPMxKsCvfGEn2LbD)...
Live VPS SPR: spr:CiUIAhIhA0DhJ1C6-HZQW8dqk8k90jLwB4qsts-jvsA5oZyT__uZEgID...
{"dependencies_loaded":[],"module":"storage_module","status":"ok","version":"2.1.3"}
{"method":"init","module":"storage_module","result":true,"status":"ok"}
{"method":"start","module":"storage_module","result":true,"status":"ok"}
{"method":"downloadManifest","module":"storage_module","result":{"error":null,"success":true,"value":null},"status":"ok"}
[WARN] Manifest fetch returned error: Failed to fetch manifest: Failed to fetch manifest zDvZRwzm9WQQrvAZL4NavbFXjmbHTFNyho68zPMxKsCvfGEn2LbD after 10 attempts: Key doesn't exist
[WARN] Manifest fetch returned error: Failed to fetch manifest: Failed to fetch manifest zDvZRwzm9WQQrvAZL4NavbFXjmbHTFNyho68zPMxKsCvfGEn2LbD after 10 attempts: Key doesn't exist
[WARN] Manifest fetch returned error: Failed to fetch manifest: Failed to fetch manifest zDvZRwzm9WQQrvAZL4NavbFXjmbHTFNyho68zPMxKsCvfGEn2LbD after 10 attempts: Key doesn't exist
[WARN] Manifest fetch returned error: Failed to fetch manifest: Failed to fetch manifest zDvZRwzm9WQQrvAZL4NavbFXjmbHTFNyho68zPMxKsCvfGEn2LbD after 10 attempts: Key doesn't exist
[WARN] Manifest fetch returned error: Failed to fetch manifest: Failed to fetch manifest zDvZRwzm9WQQrvAZL4NavbFXjmbHTFNyho68zPMxKsCvfGEn2LbD after 10 attempts: Key doesn't exist
[WARN] Manifest fetch returned error: Failed to fetch manifest: Failed to fetch manifest zDvZRwzm9WQQrvAZL4NavbFXjmbHTFNyho68zPMxKsCvfGEn2LbD after 10 attempts: Key doesn't exist
[WARN] Manifest fetch returned error: Failed to fetch manifest: Failed to fetch manifest zDvZRwzm9WQQrvAZL4NavbFXjmbHTFNyho68zPMxKsCvfGEn2LbD after 10 attempts: Key doesn't exist
[WARN] Manifest fetch returned error: Failed to fetch manifest: Failed to fetch manifest zDvZRwzm9WQQrvAZL4NavbFXjmbHTFNyho68zPMxKsCvfGEn2LbD after 10 attempts: Key doesn't exist
[WARN] Manifest fetch returned error: Failed to fetch manifest: Failed to fetch manifest zDvZRwzm9WQQrvAZL4NavbFXjmbHTFNyho68zPMxKsCvfGEn2LbD after 10 attempts: Key doesn't exist
[WARN] Manifest fetch returned error: Failed to fetch manifest: Failed to fetch manifest zDvZRwzm9WQQrvAZL4NavbFXjmbHTFNyho68zPMxKsCvfGEn2LbD after 10 attempts: Key doesn't exist
[WARN] Manifest fetch returned error: Failed to fetch manifest: Failed to fetch manifest zDvZRwzm9WQQrvAZL4NavbFXjmbHTFNyho68zPMxKsCvfGEn2LbD after 10 attempts: Key doesn't exist
[WARN] Manifest fetch returned error: Failed to fetch manifest: Failed to fetch manifest zDvZRwzm9WQQrvAZL4NavbFXjmbHTFNyho68zPMxKsCvfGEn2LbD after 10 attempts: Key doesn't exist
[WARN] Manifest fetch returned error: Failed to fetch manifest: Failed to fetch manifest zDvZRwzm9WQQrvAZL4NavbFXjmbHTFNyho68zPMxKsCvfGEn2LbD after 10 attempts: Key doesn't exist
[WARN] Manifest fetch returned error: Failed to fetch manifest: Failed to fetch manifest zDvZRwzm9WQQrvAZL4NavbFXjmbHTFNyho68zPMxKsCvfGEn2LbD after 10 attempts: Key doesn't exist
[WARN] Manifest fetch returned error: Failed to fetch manifest: Failed to fetch manifest zDvZRwzm9WQQrvAZL4NavbFXjmbHTFNyho68zPMxKsCvfGEn2LbD after 10 attempts: Key doesn't exist
[WARN] Manifest fetch returned error: Failed to fetch manifest: Failed to fetch manifest zDvZRwzm9WQQrvAZL4NavbFXjmbHTFNyho68zPMxKsCvfGEn2LbD after 10 attempts: Key doesn't exist
[WARN] Manifest fetch returned error: Failed to fetch manifest: Failed to fetch manifest zDvZRwzm9WQQrvAZL4NavbFXjmbHTFNyho68zPMxKsCvfGEn2LbD after 10 attempts: Key doesn't exist
[WARN] Manifest fetch returned error: Failed to fetch manifest: Failed to fetch manifest zDvZRwzm9WQQrvAZL4NavbFXjmbHTFNyho68zPMxKsCvfGEn2LbD after 10 attempts: Key doesn't exist
[WARN] Manifest fetch returned error: Failed to fetch manifest: Failed to fetch manifest zDvZRwzm9WQQrvAZL4NavbFXjmbHTFNyho68zPMxKsCvfGEn2LbD after 10 attempts: Key doesn't exist
[WARN] Manifest fetch returned error: Failed to fetch manifest: Failed to fetch manifest zDvZRwzm9WQQrvAZL4NavbFXjmbHTFNyho68zPMxKsCvfGEn2LbD after 10 attempts: Key doesn't exist
[WARN] Manifest fetch returned error: Failed to fetch manifest: Failed to fetch manifest zDvZRwzm9WQQrvAZL4NavbFXjmbHTFNyho68zPMxKsCvfGEn2LbD after 10 attempts: Key doesn't exist
[WARN] Manifest fetch returned error: Failed to fetch manifest: Failed to fetch manifest zDvZRwzm9WQQrvAZL4NavbFXjmbHTFNyho68zPMxKsCvfGEn2LbD after 10 attempts: Key doesn't exist
[WARN] Manifest fetch returned error: Failed to fetch manifest: Failed to fetch manifest zDvZRwzm9WQQrvAZL4NavbFXjmbHTFNyho68zPMxKsCvfGEn2LbD after 10 attempts: Key doesn't exist
[WARN] Manifest fetch returned error: Failed to fetch manifest: Failed to fetch manifest zDvZRwzm9WQQrvAZL4NavbFXjmbHTFNyho68zPMxKsCvfGEn2LbD after 10 attempts: Key doesn't exist
[WARN] Manifest fetch returned error: Failed to fetch manifest: Failed to fetch manifest zDvZRwzm9WQQrvAZL4NavbFXjmbHTFNyho68zPMxKsCvfGEn2LbD after 10 attempts: Key doesn't exist
[WARN] Manifest fetch returned error: Failed to fetch manifest: Failed to fetch manifest zDvZRwzm9WQQrvAZL4NavbFXjmbHTFNyho68zPMxKsCvfGEn2LbD after 10 attempts: Key doesn't exist
[WARN] Manifest fetch returned error: Failed to fetch manifest: Failed to fetch manifest zDvZRwzm9WQQrvAZL4NavbFXjmbHTFNyho68zPMxKsCvfGEn2LbD after 10 attempts: Key doesn't exist
[WARN] Manifest fetch returned error: Failed to fetch manifest: Failed to fetch manifest zDvZRwzm9WQQrvAZL4NavbFXjmbHTFNyho68zPMxKsCvfGEn2LbD after 10 attempts: Key doesn't exist
[WARN] Manifest fetch returned error: Failed to fetch manifest: Failed to fetch manifest zDvZRwzm9WQQrvAZL4NavbFXjmbHTFNyho68zPMxKsCvfGEn2LbD after 10 attempts: Key doesn't exist
[WARN] Manifest fetch returned error: Failed to fetch manifest: Failed to fetch manifest zDvZRwzm9WQQrvAZL4NavbFXjmbHTFNyho68zPMxKsCvfGEn2LbD after 10 attempts: Key doesn't exist
[WARN] Manifest fetch returned error: Failed to fetch manifest: Failed to fetch manifest zDvZRwzm9WQQrvAZL4NavbFXjmbHTFNyho68zPMxKsCvfGEn2LbD after 10 attempts: Key doesn't exist
[WARN] Manifest fetch returned error: Failed to fetch manifest: Failed to fetch manifest zDvZRwzm9WQQrvAZL4NavbFXjmbHTFNyho68zPMxKsCvfGEn2LbD after 10 attempts: Key doesn't exist
[WARN] Manifest not ready on attempt 2. Retrying with fresh daemon...
External retrieval attempt 3/3 for asia/pakistan (CID: zDvZRwzm9WQQrvAZL4NavbFXjmbHTFNyho68zPMxKsCvfGEn2LbD)...
Live VPS SPR: spr:CiUIAhIhA0DhJ1C6-HZQW8dqk8k90jLwB4qsts-jvsA5oZyT__uZEgID...
{"dependencies_loaded":[],"module":"storage_module","status":"ok","version":"2.1.3"}
{"method":"init","module":"storage_module","result":true,"status":"ok"}
{"method":"start","module":"storage_module","result":true,"status":"ok"}
{"method":"downloadManifest","module":"storage_module","result":{"error":null,"success":true,"value":null},"status":"ok"}
[WARN] Manifest fetch returned error: Failed to fetch manifest: Failed to fetch manifest zDvZRwzm9WQQrvAZL4NavbFXjmbHTFNyho68zPMxKsCvfGEn2LbD after 10 attempts: Key doesn't exist
[WARN] Manifest fetch returned error: Failed to fetch manifest: Failed to fetch manifest zDvZRwzm9WQQrvAZL4NavbFXjmbHTFNyho68zPMxKsCvfGEn2LbD after 10 attempts: Key doesn't exist
[WARN] Manifest fetch returned error: Failed to fetch manifest: Failed to fetch manifest zDvZRwzm9WQQrvAZL4NavbFXjmbHTFNyho68zPMxKsCvfGEn2LbD after 10 attempts: Key doesn't exist
[WARN] Manifest fetch returned error: Failed to fetch manifest: Failed to fetch manifest zDvZRwzm9WQQrvAZL4NavbFXjmbHTFNyho68zPMxKsCvfGEn2LbD after 10 attempts: Key doesn't exist
[WARN] Manifest fetch returned error: Failed to fetch manifest: Failed to fetch manifest zDvZRwzm9WQQrvAZL4NavbFXjmbHTFNyho68zPMxKsCvfGEn2LbD after 10 attempts: Key doesn't exist
[WARN] Manifest fetch returned error: Failed to fetch manifest: Failed to fetch manifest zDvZRwzm9WQQrvAZL4NavbFXjmbHTFNyho68zPMxKsCvfGEn2LbD after 10 attempts: Key doesn't exist
[WARN] Manifest fetch returned error: Failed to fetch manifest: Failed to fetch manifest zDvZRwzm9WQQrvAZL4NavbFXjmbHTFNyho68zPMxKsCvfGEn2LbD after 10 attempts: Key doesn't exist
[WARN] Manifest fetch returned error: Failed to fetch manifest: Failed to fetch manifest zDvZRwzm9WQQrvAZL4NavbFXjmbHTFNyho68zPMxKsCvfGEn2LbD after 10 attempts: Key doesn't exist
[WARN] Manifest fetch returned error: Failed to fetch manifest: Failed to fetch manifest zDvZRwzm9WQQrvAZL4NavbFXjmbHTFNyho68zPMxKsCvfGEn2LbD after 10 attempts: Key doesn't exist
[WARN] Manifest fetch returned error: Failed to fetch manifest: Failed to fetch manifest zDvZRwzm9WQQrvAZL4NavbFXjmbHTFNyho68zPMxKsCvfGEn2LbD after 10 attempts: Key doesn't exist
[WARN] Manifest fetch returned error: Failed to fetch manifest: Failed to fetch manifest zDvZRwzm9WQQrvAZL4NavbFXjmbHTFNyho68zPMxKsCvfGEn2LbD after 10 attempts: Key doesn't exist
[WARN] Manifest fetch returned error: Failed to fetch manifest: Failed to fetch manifest zDvZRwzm9WQQrvAZL4NavbFXjmbHTFNyho68zPMxKsCvfGEn2LbD after 10 attempts: Key doesn't exist
[WARN] Manifest fetch returned error: Failed to fetch manifest: Failed to fetch manifest zDvZRwzm9WQQrvAZL4NavbFXjmbHTFNyho68zPMxKsCvfGEn2LbD after 10 attempts: Key doesn't exist
[WARN] Manifest fetch returned error: Failed to fetch manifest: Failed to fetch manifest zDvZRwzm9WQQrvAZL4NavbFXjmbHTFNyho68zPMxKsCvfGEn2LbD after 10 attempts: Key doesn't exist
[WARN] Manifest fetch returned error: Failed to fetch manifest: Failed to fetch manifest zDvZRwzm9WQQrvAZL4NavbFXjmbHTFNyho68zPMxKsCvfGEn2LbD after 10 attempts: Key doesn't exist
[WARN] Manifest fetch returned error: Failed to fetch manifest: Failed to fetch manifest zDvZRwzm9WQQrvAZL4NavbFXjmbHTFNyho68zPMxKsCvfGEn2LbD after 10 attempts: Key doesn't exist
[WARN] Manifest fetch returned error: Failed to fetch manifest: Failed to fetch manifest zDvZRwzm9WQQrvAZL4NavbFXjmbHTFNyho68zPMxKsCvfGEn2LbD after 10 attempts: Key doesn't exist
[WARN] Manifest fetch returned error: Failed to fetch manifest: Failed to fetch manifest zDvZRwzm9WQQrvAZL4NavbFXjmbHTFNyho68zPMxKsCvfGEn2LbD after 10 attempts: Key doesn't exist
[WARN] Manifest fetch returned error: Failed to fetch manifest: Failed to fetch manifest zDvZRwzm9WQQrvAZL4NavbFXjmbHTFNyho68zPMxKsCvfGEn2LbD after 10 attempts: Key doesn't exist
[WARN] Manifest fetch returned error: Failed to fetch manifest: Failed to fetch manifest zDvZRwzm9WQQrvAZL4NavbFXjmbHTFNyho68zPMxKsCvfGEn2LbD after 10 attempts: Key doesn't exist
[WARN] Manifest fetch returned error: Failed to fetch manifest: Failed to fetch manifest zDvZRwzm9WQQrvAZL4NavbFXjmbHTFNyho68zPMxKsCvfGEn2LbD after 10 attempts: Key doesn't exist
[WARN] Manifest fetch returned error: Failed to fetch manifest: Failed to fetch manifest zDvZRwzm9WQQrvAZL4NavbFXjmbHTFNyho68zPMxKsCvfGEn2LbD after 10 attempts: Key doesn't exist
[WARN] Manifest fetch returned error: Failed to fetch manifest: Failed to fetch manifest zDvZRwzm9WQQrvAZL4NavbFXjmbHTFNyho68zPMxKsCvfGEn2LbD after 10 attempts: Key doesn't exist
[WARN] Manifest fetch returned error: Failed to fetch manifest: Failed to fetch manifest zDvZRwzm9WQQrvAZL4NavbFXjmbHTFNyho68zPMxKsCvfGEn2LbD after 10 attempts: Key doesn't exist
[WARN] Manifest fetch returned error: Failed to fetch manifest: Failed to fetch manifest zDvZRwzm9WQQrvAZL4NavbFXjmbHTFNyho68zPMxKsCvfGEn2LbD after 10 attempts: Key doesn't exist
[WARN] Manifest fetch returned error: Failed to fetch manifest: Failed to fetch manifest zDvZRwzm9WQQrvAZL4NavbFXjmbHTFNyho68zPMxKsCvfGEn2LbD after 10 attempts: Key doesn't exist
[WARN] Manifest fetch returned error: Failed to fetch manifest: Failed to fetch manifest zDvZRwzm9WQQrvAZL4NavbFXjmbHTFNyho68zPMxKsCvfGEn2LbD after 10 attempts: Key doesn't exist
[WARN] Manifest fetch returned error: Failed to fetch manifest: Failed to fetch manifest zDvZRwzm9WQQrvAZL4NavbFXjmbHTFNyho68zPMxKsCvfGEn2LbD after 10 attempts: Key doesn't exist
[WARN] Manifest fetch returned error: Failed to fetch manifest: Failed to fetch manifest zDvZRwzm9WQQrvAZL4NavbFXjmbHTFNyho68zPMxKsCvfGEn2LbD after 10 attempts: Key doesn't exist
[WARN] Manifest fetch returned error: Failed to fetch manifest: Failed to fetch manifest zDvZRwzm9WQQrvAZL4NavbFXjmbHTFNyho68zPMxKsCvfGEn2LbD after 10 attempts: Key doesn't exist
[WARN] Manifest fetch returned error: Failed to fetch manifest: Failed to fetch manifest zDvZRwzm9WQQrvAZL4NavbFXjmbHTFNyho68zPMxKsCvfGEn2LbD after 10 attempts: Key doesn't exist
[WARN] Manifest fetch returned error: Failed to fetch manifest: Failed to fetch manifest zDvZRwzm9WQQrvAZL4NavbFXjmbHTFNyho68zPMxKsCvfGEn2LbD after 10 attempts: Key doesn't exist
[WARN] Manifest not ready on attempt 3. Retrying with fresh daemon...
Traceback (most recent call last):
  File "/mnt/c/Users/Aftab/Desktop/atlasmirror/scripts/run_a1_coverage.py", line 864, in <module>
    main()
    ~~~~^^
  File "/mnt/c/Users/Aftab/Desktop/atlasmirror/scripts/run_a1_coverage.py", line 730, in main
    assert retrieved_file.exists(), f"External retrieval failed: {retrieved_file} not created for {reg_name}!"
           ~~~~~~~~~~~~~~~~~~~~~^^
AssertionError: External retrieval failed: /root/a1_client/retrieved.osm.pbf not created for asia/pakistan!
================================================================================
LP-0018 A1 COVERAGE PIPELINE EXECUTION
================================================================================

--- Preflight: Checking VPS & Local Disk Space ---
VPS Available Disk Space: 67 GB
VPS Storage Node SPR: spr:CiUIAhIhA0DhJ1C6-HZQW8dqk8k90jLwB4qsts-jvsA5oZyT__uZEgIDARo7CicAJQgCEiEDQOEnULr4dlBbx2qTyT3SMvAHiqy2z6O-wDmhnJP_-5kQxKrD1QYaCgoIBMfnu2EGH4YqRjBEAiAWcQbWpUBga5UPt_AtA2nSvByI9jX-nEWLP3C58gjqCgIgZrBC9Q4GqsEUjCZmW-tzyILeVHduCxB4IFDm4ZcFxAs

[Entry 1/25] china/henan (China) verified from prior canonical testnet deployment.
Loaded 2 existing entries from /mnt/c/Users/Aftab/Desktop/atlasmirror/evidence/a1-coverage-manifest.json
[GIT] Committed progress locally: feat(coverage): verified 2/25 regions (africa/ethiopia)
[2/25] Region africa/ethiopia (Ethiopia) already verified in manifest. Skipping.

================================================================================
[3/25] Processing Region: asia/pakistan (Pakistan)
================================================================================
Fetching published MD5 from https://download.geofabrik.de/asia/pakistan-latest.osm.pbf.md5...
Published MD5: d63c9409c20924d0813b81266eb2f5ad
Truthful Source Version/Date: 2026-09-20
Checking existing local PBF /mnt/c/Users/Aftab/Desktop/atlasmirror/test_data/a1_work/asia_pakistan-latest.osm.pbf...
✅ Existing local PBF matches live published MD5! Skipping download.
Downloaded Size: 156230629 bytes (148.99 MB)
Computed MD5:    d63c9409c20924d0813b81266eb2f5ad
✅ Geofabrik MD5 verified!
Found existing VPS manifest matching staging_asia_pakistan.osm.pbf (156230629 bytes): Candidate CID zDvZRwzm9WQQrvAZL4NavbFXjmbHTFNyho68zPMxKsCvfGEn2LbD
Candidate Logos Storage CID: zDvZRwzm9WQQrvAZL4NavbFXjmbHTFNyho68zPMxKsCvfGEn2LbD

[Integrity Gate] Executing independent external retrieval for CID zDvZRwzm9WQQrvAZL4NavbFXjmbHTFNyho68zPMxKsCvfGEn2LbD before on-chain registration...
External retrieval attempt 1/3 for asia/pakistan (CID: zDvZRwzm9WQQrvAZL4NavbFXjmbHTFNyho68zPMxKsCvfGEn2LbD)...
Live VPS SPR: spr:CiUIAhIhA0DhJ1C6-HZQW8dqk8k90jLwB4qsts-jvsA5oZyT__uZEgID...
{"dependencies_loaded":[],"module":"storage_module","status":"ok","version":"2.1.3"}
{"method":"init","module":"storage_module","result":true,"status":"ok"}
{"method":"start","module":"storage_module","result":true,"status":"ok"}
{"method":"downloadManifest","module":"storage_module","result":{"error":null,"success":true,"value":null},"status":"ok"}
✅ Manifest downloaded and verified in local cache!
{"method":"downloadToUrl","module":"storage_module","result":{"error":null,"success":true,"value":"zDvZRwzm9WQQrvAZL4NavbFXjmbHTFNyho68zPMxKsCvfGEn2LbD"},"status":"ok"}
[0s] Download progress: 0.0 MB / 149.0 MB (0.0%)
[15s] Download progress: 4.0 MB / 149.0 MB (2.7%)
[30s] Download progress: 12.0 MB / 149.0 MB (8.1%)
[45s] Download progress: 18.0 MB / 149.0 MB (12.1%)
[60s] Download progress: 24.0 MB / 149.0 MB (16.1%)
[75s] Download progress: 31.0 MB / 149.0 MB (20.8%)
[90s] Download progress: 38.0 MB / 149.0 MB (25.5%)
[105s] Download progress: 46.0 MB / 149.0 MB (30.9%)
[120s] Download progress: 53.0 MB / 149.0 MB (35.6%)
[135s] Download progress: 59.0 MB / 149.0 MB (39.6%)
[150s] Download progress: 66.0 MB / 149.0 MB (44.3%)
[165s] Download progress: 72.0 MB / 149.0 MB (48.3%)
[180s] Download progress: 79.0 MB / 149.0 MB (53.0%)
[195s] Download progress: 85.0 MB / 149.0 MB (57.0%)
[210s] Download progress: 90.0 MB / 149.0 MB (60.4%)
[225s] Download progress: 97.0 MB / 149.0 MB (65.1%)
[240s] Download progress: 104.0 MB / 149.0 MB (69.8%)
[255s] Download progress: 110.0 MB / 149.0 MB (73.8%)
[270s] Download progress: 116.0 MB / 149.0 MB (77.9%)
[285s] Download progress: 122.0 MB / 149.0 MB (81.9%)
[300s] Download progress: 128.0 MB / 149.0 MB (85.9%)
[315s] Download progress: 134.0 MB / 149.0 MB (89.9%)
[330s] Download progress: 141.0 MB / 149.0 MB (94.6%)
[345s] Download progress: 144.0 MB / 149.0 MB (96.6%)
External retrieval complete: 156230629/156230629 bytes (358s)
Retrieved Size: 156230629 (Expected: 156230629)
Retrieved MD5:  d63c9409c20924d0813b81266eb2f5ad (Expected: d63c9409c20924d0813b81266eb2f5ad)
✅ CID zDvZRwzm9WQQrvAZL4NavbFXjmbHTFNyho68zPMxKsCvfGEn2LbD CRYPTOGRAPHICALLY PROVEN: 100% MD5 MATCH WITH GEOFABRIK!

Registering/updating asia/pakistan on Canonical Logos Testnet (account T8T4nfBcLDNUycWNQ4SyrvsduRZZ8Uxk5XSzS2XMvci)...
Registration parameters: CID=zDvZRwzm9WQQrvAZL4NavbFXjmbHTFNyho68zPMxKsCvfGEn2LbD, MD5=d63c9409c20924d0813b81266eb2f5ad, Version=2026-09-20, Timestamp=1789974237
On-chain submission attempt 1/3 for asia/pakistan...
Program ID: [1108401340, 224902513, 3719279011, 2256696779, 2279479750, 2288278838, 1677050569, 1334542228]
Building RegisterRegion instruction: RegisterRegionArgs { region: "asia/pakistan", parent: Some("asia"), level: Subregion, cid: "zDvZRwzm9WQQrvAZL4NavbFXjmbHTFNyho68zPMxKsCvfGEn2LbD", source_url: "https://download.geofabrik.de/asia/pakistan-latest.osm.pbf", checksum: "d63c9409c20924d0813b81266eb2f5ad", version: "2026-09-20", hosted: true, timestamp: 1789974237 }
Transaction submitted! Hash: 73d86a467c8037cbdfcf72718c72ccf1b80a52cafabd2f9ce976faf225aa4484
Polling for transaction finalization...
Transaction hash is 73d86a467c8037cbdfcf72718c72ccf1b80a52cafabd2f9ce976faf225aa4484
Transaction is included in block 18293
Transaction data is Public(PublicTransaction { message: Message { program_id: "bcdc104271bd670da3b1afddcb758286c619de87365d6488c9c2f563947f8b4f", account_ids: [T8T4nfBcLDNUycWNQ4SyrvsduRZZ8Uxk5XSzS2XMvci], nonces: [Nonce(4)], instruction_data: [1, 13, 1634300769, 1801547823, 1635021673, 110, 1, 4, 1634300769, 1, 52, 1517700218, 1836742482, 1364285241, 1514239602, 1632515148, 1481007734, 1214410090, 2035172948, 943091560, 2018332794, 1984131915, 1850034022, 1147292722, 58, 1886680168, 791624307, 1853321060, 1684107116, 1868916526, 1919050086, 1680763753, 1935748965, 1882153321, 1936288609, 762208628, 1702125932, 1865315443, 1882090867, 26210, 32, 1664300644, 959460409, 959459939, 811873330, 1647522104, 909259064, 845309238, 1684092262, 10, 909258802, 758722605, 12338, 1, 1789974237, 0] }, witness_set: WitnessSet { signatures_and_public_keys: [(400e75a97295ec031ac36339aa92ec1684f2b2bcc71d4c76f4c6edd8f2285fd9d79e972b216c223525aec0094bb807a2ee6581ae0984e15512af827750c1ae70, 922b3959aead75f725bc70b319bc7733350630b8d1cc14aa366b917b785554da)] } })
Stored persistent accounts at /root/.lee/wallet-testnet-compatible/storage.json
Transaction finalized successfully! Result: TransactionExecuted { tx_hash: 73d86a467c8037cbdfcf72718c72ccf1b80a52cafabd2f9ce976faf225aa4484 }

✅ On-chain registration/update confirmed! Tx: 73d86a467c8037cbdfcf72718c72ccf1b80a52cafabd2f9ce976faf225aa4484, Block: 18293
✅ Canonical on-chain query verified!
[GIT] Committed progress locally: feat(coverage): verified 3/25 regions (asia/pakistan)
✅ Region asia/pakistan verified and added to manifest (3/25).

================================================================================
[4/25] Processing Region: europe/bulgaria (Bulgaria)
================================================================================
Fetching published MD5 from https://download.geofabrik.de/europe/bulgaria-latest.osm.pbf.md5...
Published MD5: 25801cfabc5bfe8e1ae56ded0fa5ed13
Truthful Source Version/Date: 2026-09-20
Downloading https://download.geofabrik.de/europe/bulgaria-latest.osm.pbf...
Download finished in 81.7s
Downloaded Size: 174092672 bytes (166.03 MB)
Computed MD5:    25801cfabc5bfe8e1ae56ded0fa5ed13
✅ Geofabrik MD5 verified!
Transferring to VPS: /root/atlasmirror_vps/staging_europe_bulgaria.osm.pbf...
Uploading to VPS Logos Storage...
Candidate Logos Storage CID: zDvZRwzm72Y7GBdMzdT7ibQWieQSmUhvk54VHfhcsUDcqnPhma51

[Integrity Gate] Executing independent external retrieval for CID zDvZRwzm72Y7GBdMzdT7ibQWieQSmUhvk54VHfhcsUDcqnPhma51 before on-chain registration...
External retrieval attempt 1/3 for europe/bulgaria (CID: zDvZRwzm72Y7GBdMzdT7ibQWieQSmUhvk54VHfhcsUDcqnPhma51)...
Live VPS SPR: spr:CiUIAhIhA0DhJ1C6-HZQW8dqk8k90jLwB4qsts-jvsA5oZyT__uZEgID...
{"dependencies_loaded":[],"module":"storage_module","status":"ok","version":"2.1.3"}
{"method":"init","module":"storage_module","result":true,"status":"ok"}
{"method":"start","module":"storage_module","result":true,"status":"ok"}
{"method":"downloadManifest","module":"storage_module","result":{"error":null,"success":true,"value":null},"status":"ok"}
[WARN] Manifest fetch returned error: Failed to fetch manifest: Failed to fetch manifest zDvZRwzm72Y7GBdMzdT7ibQWieQSmUhvk54VHfhcsUDcqnPhma51 after 10 attempts: Key doesn't exist
[WARN] Manifest fetch returned error: Failed to fetch manifest: Failed to fetch manifest zDvZRwzm72Y7GBdMzdT7ibQWieQSmUhvk54VHfhcsUDcqnPhma51 after 10 attempts: Key doesn't exist
[WARN] Manifest fetch returned error: Failed to fetch manifest: Failed to fetch manifest zDvZRwzm72Y7GBdMzdT7ibQWieQSmUhvk54VHfhcsUDcqnPhma51 after 10 attempts: Key doesn't exist
[WARN] Manifest fetch returned error: Failed to fetch manifest: Failed to fetch manifest zDvZRwzm72Y7GBdMzdT7ibQWieQSmUhvk54VHfhcsUDcqnPhma51 after 10 attempts: Key doesn't exist
[WARN] Manifest fetch returned error: Failed to fetch manifest: Failed to fetch manifest zDvZRwzm72Y7GBdMzdT7ibQWieQSmUhvk54VHfhcsUDcqnPhma51 after 10 attempts: Key doesn't exist
[WARN] Manifest fetch returned error: Failed to fetch manifest: Failed to fetch manifest zDvZRwzm72Y7GBdMzdT7ibQWieQSmUhvk54VHfhcsUDcqnPhma51 after 10 attempts: Key doesn't exist
[WARN] Manifest fetch returned error: Failed to fetch manifest: Failed to fetch manifest zDvZRwzm72Y7GBdMzdT7ibQWieQSmUhvk54VHfhcsUDcqnPhma51 after 10 attempts: Key doesn't exist
[WARN] Manifest fetch returned error: Failed to fetch manifest: Failed to fetch manifest zDvZRwzm72Y7GBdMzdT7ibQWieQSmUhvk54VHfhcsUDcqnPhma51 after 10 attempts: Key doesn't exist
[WARN] Manifest fetch returned error: Failed to fetch manifest: Failed to fetch manifest zDvZRwzm72Y7GBdMzdT7ibQWieQSmUhvk54VHfhcsUDcqnPhma51 after 10 attempts: Key doesn't exist
[WARN] Manifest fetch returned error: Failed to fetch manifest: Failed to fetch manifest zDvZRwzm72Y7GBdMzdT7ibQWieQSmUhvk54VHfhcsUDcqnPhma51 after 10 attempts: Key doesn't exist
[WARN] Manifest fetch returned error: Failed to fetch manifest: Failed to fetch manifest zDvZRwzm72Y7GBdMzdT7ibQWieQSmUhvk54VHfhcsUDcqnPhma51 after 10 attempts: Key doesn't exist
[WARN] Manifest fetch returned error: Failed to fetch manifest: Failed to fetch manifest zDvZRwzm72Y7GBdMzdT7ibQWieQSmUhvk54VHfhcsUDcqnPhma51 after 10 attempts: Key doesn't exist
[WARN] Manifest fetch returned error: Failed to fetch manifest: Failed to fetch manifest zDvZRwzm72Y7GBdMzdT7ibQWieQSmUhvk54VHfhcsUDcqnPhma51 after 10 attempts: Key doesn't exist
[WARN] Manifest fetch returned error: Failed to fetch manifest: Failed to fetch manifest zDvZRwzm72Y7GBdMzdT7ibQWieQSmUhvk54VHfhcsUDcqnPhma51 after 10 attempts: Key doesn't exist
[WARN] Manifest fetch returned error: Failed to fetch manifest: Failed to fetch manifest zDvZRwzm72Y7GBdMzdT7ibQWieQSmUhvk54VHfhcsUDcqnPhma51 after 10 attempts: Key doesn't exist
[WARN] Manifest fetch returned error: Failed to fetch manifest: Failed to fetch manifest zDvZRwzm72Y7GBdMzdT7ibQWieQSmUhvk54VHfhcsUDcqnPhma51 after 10 attempts: Key doesn't exist
[WARN] Manifest fetch returned error: Failed to fetch manifest: Failed to fetch manifest zDvZRwzm72Y7GBdMzdT7ibQWieQSmUhvk54VHfhcsUDcqnPhma51 after 10 attempts: Key doesn't exist
[INFO] Manifest fetch attempt 1/3 failed, waiting 5s for DHT peer discovery...
{"method":"downloadManifest","module":"storage_module","result":{"error":null,"success":true,"value":null},"status":"ok"}
[WARN] Manifest fetch returned error: Failed to fetch manifest: Failed to fetch manifest zDvZRwzm72Y7GBdMzdT7ibQWieQSmUhvk54VHfhcsUDcqnPhma51 after 10 attempts: Key doesn't exist
[WARN] Manifest fetch returned error: Failed to fetch manifest: Failed to fetch manifest zDvZRwzm72Y7GBdMzdT7ibQWieQSmUhvk54VHfhcsUDcqnPhma51 after 10 attempts: Key doesn't exist
[WARN] Manifest fetch returned error: Failed to fetch manifest: Failed to fetch manifest zDvZRwzm72Y7GBdMzdT7ibQWieQSmUhvk54VHfhcsUDcqnPhma51 after 10 attempts: Key doesn't exist
[WARN] Manifest fetch returned error: Failed to fetch manifest: Failed to fetch manifest zDvZRwzm72Y7GBdMzdT7ibQWieQSmUhvk54VHfhcsUDcqnPhma51 after 10 attempts: Key doesn't exist
[WARN] Manifest fetch returned error: Failed to fetch manifest: Failed to fetch manifest zDvZRwzm72Y7GBdMzdT7ibQWieQSmUhvk54VHfhcsUDcqnPhma51 after 10 attempts: Key doesn't exist
[WARN] Manifest fetch returned error: Failed to fetch manifest: Failed to fetch manifest zDvZRwzm72Y7GBdMzdT7ibQWieQSmUhvk54VHfhcsUDcqnPhma51 after 10 attempts: Key doesn't exist
[WARN] Manifest fetch returned error: Failed to fetch manifest: Failed to fetch manifest zDvZRwzm72Y7GBdMzdT7ibQWieQSmUhvk54VHfhcsUDcqnPhma51 after 10 attempts: Key doesn't exist
[WARN] Manifest fetch returned error: Failed to fetch manifest: Failed to fetch manifest zDvZRwzm72Y7GBdMzdT7ibQWieQSmUhvk54VHfhcsUDcqnPhma51 after 10 attempts: Key doesn't exist
[WARN] Manifest fetch returned error: Failed to fetch manifest: Failed to fetch manifest zDvZRwzm72Y7GBdMzdT7ibQWieQSmUhvk54VHfhcsUDcqnPhma51 after 10 attempts: Key doesn't exist
[WARN] Manifest fetch returned error: Failed to fetch manifest: Failed to fetch manifest zDvZRwzm72Y7GBdMzdT7ibQWieQSmUhvk54VHfhcsUDcqnPhma51 after 10 attempts: Key doesn't exist
[WARN] Manifest fetch returned error: Failed to fetch manifest: Failed to fetch manifest zDvZRwzm72Y7GBdMzdT7ibQWieQSmUhvk54VHfhcsUDcqnPhma51 after 10 attempts: Key doesn't exist
[WARN] Manifest fetch returned error: Failed to fetch manifest: Failed to fetch manifest zDvZRwzm72Y7GBdMzdT7ibQWieQSmUhvk54VHfhcsUDcqnPhma51 after 10 attempts: Key doesn't exist
[WARN] Manifest fetch returned error: Failed to fetch manifest: Failed to fetch manifest zDvZRwzm72Y7GBdMzdT7ibQWieQSmUhvk54VHfhcsUDcqnPhma51 after 10 attempts: Key doesn't exist
[WARN] Manifest fetch returned error: Failed to fetch manifest: Failed to fetch manifest zDvZRwzm72Y7GBdMzdT7ibQWieQSmUhvk54VHfhcsUDcqnPhma51 after 10 attempts: Key doesn't exist
[WARN] Manifest fetch returned error: Failed to fetch manifest: Failed to fetch manifest zDvZRwzm72Y7GBdMzdT7ibQWieQSmUhvk54VHfhcsUDcqnPhma51 after 10 attempts: Key doesn't exist
[WARN] Manifest fetch returned error: Failed to fetch manifest: Failed to fetch manifest zDvZRwzm72Y7GBdMzdT7ibQWieQSmUhvk54VHfhcsUDcqnPhma51 after 10 attempts: Key doesn't exist
[WARN] Manifest fetch returned error: Failed to fetch manifest: Failed to fetch manifest zDvZRwzm72Y7GBdMzdT7ibQWieQSmUhvk54VHfhcsUDcqnPhma51 after 10 attempts: Key doesn't exist
[INFO] Manifest fetch attempt 2/3 failed, waiting 5s for DHT peer discovery...
{"method":"downloadManifest","module":"storage_module","result":{"error":null,"success":true,"value":null},"status":"ok"}
[WARN] Manifest fetch returned error: Failed to fetch manifest: Failed to fetch manifest zDvZRwzm72Y7GBdMzdT7ibQWieQSmUhvk54VHfhcsUDcqnPhma51 after 10 attempts: Key doesn't exist
[WARN] Manifest fetch returned error: Failed to fetch manifest: Failed to fetch manifest zDvZRwzm72Y7GBdMzdT7ibQWieQSmUhvk54VHfhcsUDcqnPhma51 after 10 attempts: Key doesn't exist
[WARN] Manifest fetch returned error: Failed to fetch manifest: Failed to fetch manifest zDvZRwzm72Y7GBdMzdT7ibQWieQSmUhvk54VHfhcsUDcqnPhma51 after 10 attempts: Key doesn't exist
[WARN] Manifest fetch returned error: Failed to fetch manifest: Failed to fetch manifest zDvZRwzm72Y7GBdMzdT7ibQWieQSmUhvk54VHfhcsUDcqnPhma51 after 10 attempts: Key doesn't exist
[WARN] Manifest fetch returned error: Failed to fetch manifest: Failed to fetch manifest zDvZRwzm72Y7GBdMzdT7ibQWieQSmUhvk54VHfhcsUDcqnPhma51 after 10 attempts: Key doesn't exist
[WARN] Manifest fetch returned error: Failed to fetch manifest: Failed to fetch manifest zDvZRwzm72Y7GBdMzdT7ibQWieQSmUhvk54VHfhcsUDcqnPhma51 after 10 attempts: Key doesn't exist
[WARN] Manifest fetch returned error: Failed to fetch manifest: Failed to fetch manifest zDvZRwzm72Y7GBdMzdT7ibQWieQSmUhvk54VHfhcsUDcqnPhma51 after 10 attempts: Key doesn't exist
[WARN] Manifest fetch returned error: Failed to fetch manifest: Failed to fetch manifest zDvZRwzm72Y7GBdMzdT7ibQWieQSmUhvk54VHfhcsUDcqnPhma51 after 10 attempts: Key doesn't exist
[WARN] Manifest fetch returned error: Failed to fetch manifest: Failed to fetch manifest zDvZRwzm72Y7GBdMzdT7ibQWieQSmUhvk54VHfhcsUDcqnPhma51 after 10 attempts: Key doesn't exist
[WARN] Manifest fetch returned error: Failed to fetch manifest: Failed to fetch manifest zDvZRwzm72Y7GBdMzdT7ibQWieQSmUhvk54VHfhcsUDcqnPhma51 after 10 attempts: Key doesn't exist
[WARN] Manifest fetch returned error: Failed to fetch manifest: Failed to fetch manifest zDvZRwzm72Y7GBdMzdT7ibQWieQSmUhvk54VHfhcsUDcqnPhma51 after 10 attempts: Key doesn't exist
[WARN] Manifest fetch returned error: Failed to fetch manifest: Failed to fetch manifest zDvZRwzm72Y7GBdMzdT7ibQWieQSmUhvk54VHfhcsUDcqnPhma51 after 10 attempts: Key doesn't exist
[WARN] Manifest fetch returned error: Failed to fetch manifest: Failed to fetch manifest zDvZRwzm72Y7GBdMzdT7ibQWieQSmUhvk54VHfhcsUDcqnPhma51 after 10 attempts: Key doesn't exist
[WARN] Manifest fetch returned error: Failed to fetch manifest: Failed to fetch manifest zDvZRwzm72Y7GBdMzdT7ibQWieQSmUhvk54VHfhcsUDcqnPhma51 after 10 attempts: Key doesn't exist
[WARN] Manifest fetch returned error: Failed to fetch manifest: Failed to fetch manifest zDvZRwzm72Y7GBdMzdT7ibQWieQSmUhvk54VHfhcsUDcqnPhma51 after 10 attempts: Key doesn't exist
[WARN] Manifest fetch returned error: Failed to fetch manifest: Failed to fetch manifest zDvZRwzm72Y7GBdMzdT7ibQWieQSmUhvk54VHfhcsUDcqnPhma51 after 10 attempts: Key doesn't exist
[WARN] Manifest fetch returned error: Failed to fetch manifest: Failed to fetch manifest zDvZRwzm72Y7GBdMzdT7ibQWieQSmUhvk54VHfhcsUDcqnPhma51 after 10 attempts: Key doesn't exist
[INFO] Manifest fetch attempt 3/3 failed, waiting 5s for DHT peer discovery...
[WARN] Manifest not ready on attempt 1. Retrying with fresh daemon...
External retrieval attempt 2/3 for europe/bulgaria (CID: zDvZRwzm72Y7GBdMzdT7ibQWieQSmUhvk54VHfhcsUDcqnPhma51)...
Live VPS SPR: spr:CiUIAhIhA0DhJ1C6-HZQW8dqk8k90jLwB4qsts-jvsA5oZyT__uZEgID...
{"dependencies_loaded":[],"module":"storage_module","status":"ok","version":"2.1.3"}
{"method":"init","module":"storage_module","result":true,"status":"ok"}
{"method":"start","module":"storage_module","result":true,"status":"ok"}
{"method":"downloadManifest","module":"storage_module","result":{"error":null,"success":true,"value":null},"status":"ok"}
[WARN] Manifest fetch returned error: Failed to fetch manifest: Failed to fetch manifest zDvZRwzm72Y7GBdMzdT7ibQWieQSmUhvk54VHfhcsUDcqnPhma51 after 10 attempts: Key doesn't exist
[WARN] Manifest fetch returned error: Failed to fetch manifest: Failed to fetch manifest zDvZRwzm72Y7GBdMzdT7ibQWieQSmUhvk54VHfhcsUDcqnPhma51 after 10 attempts: Key doesn't exist
[WARN] Manifest fetch returned error: Failed to fetch manifest: Failed to fetch manifest zDvZRwzm72Y7GBdMzdT7ibQWieQSmUhvk54VHfhcsUDcqnPhma51 after 10 attempts: Key doesn't exist
[WARN] Manifest fetch returned error: Failed to fetch manifest: Failed to fetch manifest zDvZRwzm72Y7GBdMzdT7ibQWieQSmUhvk54VHfhcsUDcqnPhma51 after 10 attempts: Key doesn't exist
[WARN] Manifest fetch returned error: Failed to fetch manifest: Failed to fetch manifest zDvZRwzm72Y7GBdMzdT7ibQWieQSmUhvk54VHfhcsUDcqnPhma51 after 10 attempts: Key doesn't exist
[WARN] Manifest fetch returned error: Failed to fetch manifest: Failed to fetch manifest zDvZRwzm72Y7GBdMzdT7ibQWieQSmUhvk54VHfhcsUDcqnPhma51 after 10 attempts: Key doesn't exist
[WARN] Manifest fetch returned error: Failed to fetch manifest: Failed to fetch manifest zDvZRwzm72Y7GBdMzdT7ibQWieQSmUhvk54VHfhcsUDcqnPhma51 after 10 attempts: Key doesn't exist
[WARN] Manifest fetch returned error: Failed to fetch manifest: Failed to fetch manifest zDvZRwzm72Y7GBdMzdT7ibQWieQSmUhvk54VHfhcsUDcqnPhma51 after 10 attempts: Key doesn't exist
[WARN] Manifest fetch returned error: Failed to fetch manifest: Failed to fetch manifest zDvZRwzm72Y7GBdMzdT7ibQWieQSmUhvk54VHfhcsUDcqnPhma51 after 10 attempts: Key doesn't exist
[WARN] Manifest fetch returned error: Failed to fetch manifest: Failed to fetch manifest zDvZRwzm72Y7GBdMzdT7ibQWieQSmUhvk54VHfhcsUDcqnPhma51 after 10 attempts: Key doesn't exist
[WARN] Manifest fetch returned error: Failed to fetch manifest: Failed to fetch manifest zDvZRwzm72Y7GBdMzdT7ibQWieQSmUhvk54VHfhcsUDcqnPhma51 after 10 attempts: Key doesn't exist
[WARN] Manifest fetch returned error: Failed to fetch manifest: Failed to fetch manifest zDvZRwzm72Y7GBdMzdT7ibQWieQSmUhvk54VHfhcsUDcqnPhma51 after 10 attempts: Key doesn't exist
[WARN] Manifest fetch returned error: Failed to fetch manifest: Failed to fetch manifest zDvZRwzm72Y7GBdMzdT7ibQWieQSmUhvk54VHfhcsUDcqnPhma51 after 10 attempts: Key doesn't exist
[WARN] Manifest fetch returned error: Failed to fetch manifest: Failed to fetch manifest zDvZRwzm72Y7GBdMzdT7ibQWieQSmUhvk54VHfhcsUDcqnPhma51 after 10 attempts: Key doesn't exist
[WARN] Manifest fetch returned error: Failed to fetch manifest: Failed to fetch manifest zDvZRwzm72Y7GBdMzdT7ibQWieQSmUhvk54VHfhcsUDcqnPhma51 after 10 attempts: Key doesn't exist
[WARN] Manifest fetch returned error: Failed to fetch manifest: Failed to fetch manifest zDvZRwzm72Y7GBdMzdT7ibQWieQSmUhvk54VHfhcsUDcqnPhma51 after 10 attempts: Key doesn't exist
[WARN] Manifest fetch returned error: Failed to fetch manifest: Failed to fetch manifest zDvZRwzm72Y7GBdMzdT7ibQWieQSmUhvk54VHfhcsUDcqnPhma51 after 10 attempts: Key doesn't exist
[INFO] Manifest fetch attempt 1/3 failed, waiting 5s for DHT peer discovery...
{"method":"downloadManifest","module":"storage_module","result":{"error":null,"success":true,"value":null},"status":"ok"}
[WARN] Manifest fetch returned error: Failed to fetch manifest: Failed to fetch manifest zDvZRwzm72Y7GBdMzdT7ibQWieQSmUhvk54VHfhcsUDcqnPhma51 after 10 attempts: Key doesn't exist
[WARN] Manifest fetch returned error: Failed to fetch manifest: Failed to fetch manifest zDvZRwzm72Y7GBdMzdT7ibQWieQSmUhvk54VHfhcsUDcqnPhma51 after 10 attempts: Key doesn't exist
[WARN] Manifest fetch returned error: Failed to fetch manifest: Failed to fetch manifest zDvZRwzm72Y7GBdMzdT7ibQWieQSmUhvk54VHfhcsUDcqnPhma51 after 10 attempts: Key doesn't exist
[WARN] Manifest fetch returned error: Failed to fetch manifest: Failed to fetch manifest zDvZRwzm72Y7GBdMzdT7ibQWieQSmUhvk54VHfhcsUDcqnPhma51 after 10 attempts: Key doesn't exist
[WARN] Manifest fetch returned error: Failed to fetch manifest: Failed to fetch manifest zDvZRwzm72Y7GBdMzdT7ibQWieQSmUhvk54VHfhcsUDcqnPhma51 after 10 attempts: Key doesn't exist
[WARN] Manifest fetch returned error: Failed to fetch manifest: Failed to fetch manifest zDvZRwzm72Y7GBdMzdT7ibQWieQSmUhvk54VHfhcsUDcqnPhma51 after 10 attempts: Key doesn't exist
[WARN] Manifest fetch returned error: Failed to fetch manifest: Failed to fetch manifest zDvZRwzm72Y7GBdMzdT7ibQWieQSmUhvk54VHfhcsUDcqnPhma51 after 10 attempts: Key doesn't exist
[WARN] Manifest fetch returned error: Failed to fetch manifest: Failed to fetch manifest zDvZRwzm72Y7GBdMzdT7ibQWieQSmUhvk54VHfhcsUDcqnPhma51 after 10 attempts: Key doesn't exist
[WARN] Manifest fetch returned error: Failed to fetch manifest: Failed to fetch manifest zDvZRwzm72Y7GBdMzdT7ibQWieQSmUhvk54VHfhcsUDcqnPhma51 after 10 attempts: Key doesn't exist
[WARN] Manifest fetch returned error: Failed to fetch manifest: Failed to fetch manifest zDvZRwzm72Y7GBdMzdT7ibQWieQSmUhvk54VHfhcsUDcqnPhma51 after 10 attempts: Key doesn't exist
[WARN] Manifest fetch returned error: Failed to fetch manifest: Failed to fetch manifest zDvZRwzm72Y7GBdMzdT7ibQWieQSmUhvk54VHfhcsUDcqnPhma51 after 10 attempts: Key doesn't exist
[WARN] Manifest fetch returned error: Failed to fetch manifest: Failed to fetch manifest zDvZRwzm72Y7GBdMzdT7ibQWieQSmUhvk54VHfhcsUDcqnPhma51 after 10 attempts: Key doesn't exist
[WARN] Manifest fetch returned error: Failed to fetch manifest: Failed to fetch manifest zDvZRwzm72Y7GBdMzdT7ibQWieQSmUhvk54VHfhcsUDcqnPhma51 after 10 attempts: Key doesn't exist
[WARN] Manifest fetch returned error: Failed to fetch manifest: Failed to fetch manifest zDvZRwzm72Y7GBdMzdT7ibQWieQSmUhvk54VHfhcsUDcqnPhma51 after 10 attempts: Key doesn't exist
[WARN] Manifest fetch returned error: Failed to fetch manifest: Failed to fetch manifest zDvZRwzm72Y7GBdMzdT7ibQWieQSmUhvk54VHfhcsUDcqnPhma51 after 10 attempts: Key doesn't exist
[WARN] Manifest fetch returned error: Failed to fetch manifest: Failed to fetch manifest zDvZRwzm72Y7GBdMzdT7ibQWieQSmUhvk54VHfhcsUDcqnPhma51 after 10 attempts: Key doesn't exist
[WARN] Manifest fetch returned error: Failed to fetch manifest: Failed to fetch manifest zDvZRwzm72Y7GBdMzdT7ibQWieQSmUhvk54VHfhcsUDcqnPhma51 after 10 attempts: Key doesn't exist
[INFO] Manifest fetch attempt 2/3 failed, waiting 5s for DHT peer discovery...
{"method":"downloadManifest","module":"storage_module","result":{"error":null,"success":true,"value":null},"status":"ok"}
[WARN] Manifest fetch returned error: Failed to fetch manifest: Failed to fetch manifest zDvZRwzm72Y7GBdMzdT7ibQWieQSmUhvk54VHfhcsUDcqnPhma51 after 10 attempts: Key doesn't exist
[WARN] Manifest fetch returned error: Failed to fetch manifest: Failed to fetch manifest zDvZRwzm72Y7GBdMzdT7ibQWieQSmUhvk54VHfhcsUDcqnPhma51 after 10 attempts: Key doesn't exist
[WARN] Manifest fetch returned error: Failed to fetch manifest: Failed to fetch manifest zDvZRwzm72Y7GBdMzdT7ibQWieQSmUhvk54VHfhcsUDcqnPhma51 after 10 attempts: Key doesn't exist
[WARN] Manifest fetch returned error: Failed to fetch manifest: Failed to fetch manifest zDvZRwzm72Y7GBdMzdT7ibQWieQSmUhvk54VHfhcsUDcqnPhma51 after 10 attempts: Key doesn't exist
[WARN] Manifest fetch returned error: Failed to fetch manifest: Failed to fetch manifest zDvZRwzm72Y7GBdMzdT7ibQWieQSmUhvk54VHfhcsUDcqnPhma51 after 10 attempts: Key doesn't exist
[WARN] Manifest fetch returned error: Failed to fetch manifest: Failed to fetch manifest zDvZRwzm72Y7GBdMzdT7ibQWieQSmUhvk54VHfhcsUDcqnPhma51 after 10 attempts: Key doesn't exist
[WARN] Manifest fetch returned error: Failed to fetch manifest: Failed to fetch manifest zDvZRwzm72Y7GBdMzdT7ibQWieQSmUhvk54VHfhcsUDcqnPhma51 after 10 attempts: Key doesn't exist
[WARN] Manifest fetch returned error: Failed to fetch manifest: Failed to fetch manifest zDvZRwzm72Y7GBdMzdT7ibQWieQSmUhvk54VHfhcsUDcqnPhma51 after 10 attempts: Key doesn't exist
[WARN] Manifest fetch returned error: Failed to fetch manifest: Failed to fetch manifest zDvZRwzm72Y7GBdMzdT7ibQWieQSmUhvk54VHfhcsUDcqnPhma51 after 10 attempts: Key doesn't exist
[WARN] Manifest fetch returned error: Failed to fetch manifest: Failed to fetch manifest zDvZRwzm72Y7GBdMzdT7ibQWieQSmUhvk54VHfhcsUDcqnPhma51 after 10 attempts: Key doesn't exist
[WARN] Manifest fetch returned error: Failed to fetch manifest: Failed to fetch manifest zDvZRwzm72Y7GBdMzdT7ibQWieQSmUhvk54VHfhcsUDcqnPhma51 after 10 attempts: Key doesn't exist
[WARN] Manifest fetch returned error: Failed to fetch manifest: Failed to fetch manifest zDvZRwzm72Y7GBdMzdT7ibQWieQSmUhvk54VHfhcsUDcqnPhma51 after 10 attempts: Key doesn't exist
[WARN] Manifest fetch returned error: Failed to fetch manifest: Failed to fetch manifest zDvZRwzm72Y7GBdMzdT7ibQWieQSmUhvk54VHfhcsUDcqnPhma51 after 10 attempts: Key doesn't exist
[WARN] Manifest fetch returned error: Failed to fetch manifest: Failed to fetch manifest zDvZRwzm72Y7GBdMzdT7ibQWieQSmUhvk54VHfhcsUDcqnPhma51 after 10 attempts: Key doesn't exist
[WARN] Manifest fetch returned error: Failed to fetch manifest: Failed to fetch manifest zDvZRwzm72Y7GBdMzdT7ibQWieQSmUhvk54VHfhcsUDcqnPhma51 after 10 attempts: Key doesn't exist
[WARN] Manifest fetch returned error: Failed to fetch manifest: Failed to fetch manifest zDvZRwzm72Y7GBdMzdT7ibQWieQSmUhvk54VHfhcsUDcqnPhma51 after 10 attempts: Key doesn't exist
[WARN] Manifest fetch returned error: Failed to fetch manifest: Failed to fetch manifest zDvZRwzm72Y7GBdMzdT7ibQWieQSmUhvk54VHfhcsUDcqnPhma51 after 10 attempts: Key doesn't exist
[INFO] Manifest fetch attempt 3/3 failed, waiting 5s for DHT peer discovery...
[WARN] Manifest not ready on attempt 2. Retrying with fresh daemon...
External retrieval attempt 3/3 for europe/bulgaria (CID: zDvZRwzm72Y7GBdMzdT7ibQWieQSmUhvk54VHfhcsUDcqnPhma51)...
Live VPS SPR: spr:CiUIAhIhA0DhJ1C6-HZQW8dqk8k90jLwB4qsts-jvsA5oZyT__uZEgID...
{"dependencies_loaded":[],"module":"storage_module","status":"ok","version":"2.1.3"}
{"method":"init","module":"storage_module","result":true,"status":"ok"}
{"method":"start","module":"storage_module","result":true,"status":"ok"}
{"method":"downloadManifest","module":"storage_module","result":{"error":null,"success":true,"value":null},"status":"ok"}
[WARN] Manifest fetch returned error: Failed to fetch manifest: Failed to fetch manifest zDvZRwzm72Y7GBdMzdT7ibQWieQSmUhvk54VHfhcsUDcqnPhma51 after 10 attempts: Key doesn't exist
[WARN] Manifest fetch returned error: Failed to fetch manifest: Failed to fetch manifest zDvZRwzm72Y7GBdMzdT7ibQWieQSmUhvk54VHfhcsUDcqnPhma51 after 10 attempts: Key doesn't exist
[WARN] Manifest fetch returned error: Failed to fetch manifest: Failed to fetch manifest zDvZRwzm72Y7GBdMzdT7ibQWieQSmUhvk54VHfhcsUDcqnPhma51 after 10 attempts: Key doesn't exist
[WARN] Manifest fetch returned error: Failed to fetch manifest: Failed to fetch manifest zDvZRwzm72Y7GBdMzdT7ibQWieQSmUhvk54VHfhcsUDcqnPhma51 after 10 attempts: Key doesn't exist
[WARN] Manifest fetch returned error: Failed to fetch manifest: Failed to fetch manifest zDvZRwzm72Y7GBdMzdT7ibQWieQSmUhvk54VHfhcsUDcqnPhma51 after 10 attempts: Key doesn't exist
[WARN] Manifest fetch returned error: Failed to fetch manifest: Failed to fetch manifest zDvZRwzm72Y7GBdMzdT7ibQWieQSmUhvk54VHfhcsUDcqnPhma51 after 10 attempts: Key doesn't exist
[WARN] Manifest fetch returned error: Failed to fetch manifest: Failed to fetch manifest zDvZRwzm72Y7GBdMzdT7ibQWieQSmUhvk54VHfhcsUDcqnPhma51 after 10 attempts: Key doesn't exist
[WARN] Manifest fetch returned error: Failed to fetch manifest: Failed to fetch manifest zDvZRwzm72Y7GBdMzdT7ibQWieQSmUhvk54VHfhcsUDcqnPhma51 after 10 attempts: Key doesn't exist
[WARN] Manifest fetch returned error: Failed to fetch manifest: Failed to fetch manifest zDvZRwzm72Y7GBdMzdT7ibQWieQSmUhvk54VHfhcsUDcqnPhma51 after 10 attempts: Key doesn't exist
[WARN] Manifest fetch returned error: Failed to fetch manifest: Failed to fetch manifest zDvZRwzm72Y7GBdMzdT7ibQWieQSmUhvk54VHfhcsUDcqnPhma51 after 10 attempts: Key doesn't exist
[WARN] Manifest fetch returned error: Failed to fetch manifest: Failed to fetch manifest zDvZRwzm72Y7GBdMzdT7ibQWieQSmUhvk54VHfhcsUDcqnPhma51 after 10 attempts: Key doesn't exist
[WARN] Manifest fetch returned error: Failed to fetch manifest: Failed to fetch manifest zDvZRwzm72Y7GBdMzdT7ibQWieQSmUhvk54VHfhcsUDcqnPhma51 after 10 attempts: Key doesn't exist
[WARN] Manifest fetch returned error: Failed to fetch manifest: Failed to fetch manifest zDvZRwzm72Y7GBdMzdT7ibQWieQSmUhvk54VHfhcsUDcqnPhma51 after 10 attempts: Key doesn't exist
[WARN] Manifest fetch returned error: Failed to fetch manifest: Failed to fetch manifest zDvZRwzm72Y7GBdMzdT7ibQWieQSmUhvk54VHfhcsUDcqnPhma51 after 10 attempts: Key doesn't exist
[WARN] Manifest fetch returned error: Failed to fetch manifest: Failed to fetch manifest zDvZRwzm72Y7GBdMzdT7ibQWieQSmUhvk54VHfhcsUDcqnPhma51 after 10 attempts: Key doesn't exist
[WARN] Manifest fetch returned error: Failed to fetch manifest: Failed to fetch manifest zDvZRwzm72Y7GBdMzdT7ibQWieQSmUhvk54VHfhcsUDcqnPhma51 after 10 attempts: Key doesn't exist
[WARN] Manifest fetch returned error: Failed to fetch manifest: Failed to fetch manifest zDvZRwzm72Y7GBdMzdT7ibQWieQSmUhvk54VHfhcsUDcqnPhma51 after 10 attempts: Key doesn't exist
[INFO] Manifest fetch attempt 1/3 failed, waiting 5s for DHT peer discovery...
{"method":"downloadManifest","module":"storage_module","result":{"error":null,"success":true,"value":null},"status":"ok"}
[WARN] Manifest fetch returned error: Failed to fetch manifest: Failed to fetch manifest zDvZRwzm72Y7GBdMzdT7ibQWieQSmUhvk54VHfhcsUDcqnPhma51 after 10 attempts: Key doesn't exist
[WARN] Manifest fetch returned error: Failed to fetch manifest: Failed to fetch manifest zDvZRwzm72Y7GBdMzdT7ibQWieQSmUhvk54VHfhcsUDcqnPhma51 after 10 attempts: Key doesn't exist
[WARN] Manifest fetch returned error: Failed to fetch manifest: Failed to fetch manifest zDvZRwzm72Y7GBdMzdT7ibQWieQSmUhvk54VHfhcsUDcqnPhma51 after 10 attempts: Key doesn't exist
[WARN] Manifest fetch returned error: Failed to fetch manifest: Failed to fetch manifest zDvZRwzm72Y7GBdMzdT7ibQWieQSmUhvk54VHfhcsUDcqnPhma51 after 10 attempts: Key doesn't exist
[WARN] Manifest fetch returned error: Failed to fetch manifest: Failed to fetch manifest zDvZRwzm72Y7GBdMzdT7ibQWieQSmUhvk54VHfhcsUDcqnPhma51 after 10 attempts: Key doesn't exist
[WARN] Manifest fetch returned error: Failed to fetch manifest: Failed to fetch manifest zDvZRwzm72Y7GBdMzdT7ibQWieQSmUhvk54VHfhcsUDcqnPhma51 after 10 attempts: Key doesn't exist
[WARN] Manifest fetch returned error: Failed to fetch manifest: Failed to fetch manifest zDvZRwzm72Y7GBdMzdT7ibQWieQSmUhvk54VHfhcsUDcqnPhma51 after 10 attempts: Key doesn't exist
[WARN] Manifest fetch returned error: Failed to fetch manifest: Failed to fetch manifest zDvZRwzm72Y7GBdMzdT7ibQWieQSmUhvk54VHfhcsUDcqnPhma51 after 10 attempts: Key doesn't exist
[WARN] Manifest fetch returned error: Failed to fetch manifest: Failed to fetch manifest zDvZRwzm72Y7GBdMzdT7ibQWieQSmUhvk54VHfhcsUDcqnPhma51 after 10 attempts: Key doesn't exist
[WARN] Manifest fetch returned error: Failed to fetch manifest: Failed to fetch manifest zDvZRwzm72Y7GBdMzdT7ibQWieQSmUhvk54VHfhcsUDcqnPhma51 after 10 attempts: Key doesn't exist
[WARN] Manifest fetch returned error: Failed to fetch manifest: Failed to fetch manifest zDvZRwzm72Y7GBdMzdT7ibQWieQSmUhvk54VHfhcsUDcqnPhma51 after 10 attempts: Key doesn't exist
[WARN] Manifest fetch returned error: Failed to fetch manifest: Failed to fetch manifest zDvZRwzm72Y7GBdMzdT7ibQWieQSmUhvk54VHfhcsUDcqnPhma51 after 10 attempts: Key doesn't exist
[WARN] Manifest fetch returned error: Failed to fetch manifest: Failed to fetch manifest zDvZRwzm72Y7GBdMzdT7ibQWieQSmUhvk54VHfhcsUDcqnPhma51 after 10 attempts: Key doesn't exist
[WARN] Manifest fetch returned error: Failed to fetch manifest: Failed to fetch manifest zDvZRwzm72Y7GBdMzdT7ibQWieQSmUhvk54VHfhcsUDcqnPhma51 after 10 attempts: Key doesn't exist
[WARN] Manifest fetch returned error: Failed to fetch manifest: Failed to fetch manifest zDvZRwzm72Y7GBdMzdT7ibQWieQSmUhvk54VHfhcsUDcqnPhma51 after 10 attempts: Key doesn't exist
[WARN] Manifest fetch returned error: Failed to fetch manifest: Failed to fetch manifest zDvZRwzm72Y7GBdMzdT7ibQWieQSmUhvk54VHfhcsUDcqnPhma51 after 10 attempts: Key doesn't exist
[WARN] Manifest fetch returned error: Failed to fetch manifest: Failed to fetch manifest zDvZRwzm72Y7GBdMzdT7ibQWieQSmUhvk54VHfhcsUDcqnPhma51 after 10 attempts: Key doesn't exist
[INFO] Manifest fetch attempt 2/3 failed, waiting 5s for DHT peer discovery...
{"method":"downloadManifest","module":"storage_module","result":{"error":null,"success":true,"value":null},"status":"ok"}
[WARN] Manifest fetch returned error: Failed to fetch manifest: Failed to fetch manifest zDvZRwzm72Y7GBdMzdT7ibQWieQSmUhvk54VHfhcsUDcqnPhma51 after 10 attempts: Key doesn't exist
[WARN] Manifest fetch returned error: Failed to fetch manifest: Failed to fetch manifest zDvZRwzm72Y7GBdMzdT7ibQWieQSmUhvk54VHfhcsUDcqnPhma51 after 10 attempts: Key doesn't exist
[WARN] Manifest fetch returned error: Failed to fetch manifest: Failed to fetch manifest zDvZRwzm72Y7GBdMzdT7ibQWieQSmUhvk54VHfhcsUDcqnPhma51 after 10 attempts: Key doesn't exist
[WARN] Manifest fetch returned error: Failed to fetch manifest: Failed to fetch manifest zDvZRwzm72Y7GBdMzdT7ibQWieQSmUhvk54VHfhcsUDcqnPhma51 after 10 attempts: Key doesn't exist
[WARN] Manifest fetch returned error: Failed to fetch manifest: Failed to fetch manifest zDvZRwzm72Y7GBdMzdT7ibQWieQSmUhvk54VHfhcsUDcqnPhma51 after 10 attempts: Key doesn't exist
[WARN] Manifest fetch returned error: Failed to fetch manifest: Failed to fetch manifest zDvZRwzm72Y7GBdMzdT7ibQWieQSmUhvk54VHfhcsUDcqnPhma51 after 10 attempts: Key doesn't exist
[WARN] Manifest fetch returned error: Failed to fetch manifest: Failed to fetch manifest zDvZRwzm72Y7GBdMzdT7ibQWieQSmUhvk54VHfhcsUDcqnPhma51 after 10 attempts: Key doesn't exist
[WARN] Manifest fetch returned error: Failed to fetch manifest: Failed to fetch manifest zDvZRwzm72Y7GBdMzdT7ibQWieQSmUhvk54VHfhcsUDcqnPhma51 after 10 attempts: Key doesn't exist
[WARN] Manifest fetch returned error: Failed to fetch manifest: Failed to fetch manifest zDvZRwzm72Y7GBdMzdT7ibQWieQSmUhvk54VHfhcsUDcqnPhma51 after 10 attempts: Key doesn't exist
[WARN] Manifest fetch returned error: Failed to fetch manifest: Failed to fetch manifest zDvZRwzm72Y7GBdMzdT7ibQWieQSmUhvk54VHfhcsUDcqnPhma51 after 10 attempts: Key doesn't exist
[WARN] Manifest fetch returned error: Failed to fetch manifest: Failed to fetch manifest zDvZRwzm72Y7GBdMzdT7ibQWieQSmUhvk54VHfhcsUDcqnPhma51 after 10 attempts: Key doesn't exist
[WARN] Manifest fetch returned error: Failed to fetch manifest: Failed to fetch manifest zDvZRwzm72Y7GBdMzdT7ibQWieQSmUhvk54VHfhcsUDcqnPhma51 after 10 attempts: Key doesn't exist
[WARN] Manifest fetch returned error: Failed to fetch manifest: Failed to fetch manifest zDvZRwzm72Y7GBdMzdT7ibQWieQSmUhvk54VHfhcsUDcqnPhma51 after 10 attempts: Key doesn't exist
[WARN] Manifest fetch returned error: Failed to fetch manifest: Failed to fetch manifest zDvZRwzm72Y7GBdMzdT7ibQWieQSmUhvk54VHfhcsUDcqnPhma51 after 10 attempts: Key doesn't exist
[WARN] Manifest fetch returned error: Failed to fetch manifest: Failed to fetch manifest zDvZRwzm72Y7GBdMzdT7ibQWieQSmUhvk54VHfhcsUDcqnPhma51 after 10 attempts: Key doesn't exist
[WARN] Manifest fetch returned error: Failed to fetch manifest: Failed to fetch manifest zDvZRwzm72Y7GBdMzdT7ibQWieQSmUhvk54VHfhcsUDcqnPhma51 after 10 attempts: Key doesn't exist
[WARN] Manifest fetch returned error: Failed to fetch manifest: Failed to fetch manifest zDvZRwzm72Y7GBdMzdT7ibQWieQSmUhvk54VHfhcsUDcqnPhma51 after 10 attempts: Key doesn't exist
[INFO] Manifest fetch attempt 3/3 failed, waiting 5s for DHT peer discovery...
[WARN] Manifest not ready on attempt 3. Retrying with fresh daemon...
Traceback (most recent call last):
  File "/mnt/c/Users/Aftab/Desktop/atlasmirror/scripts/run_a1_coverage.py", line 881, in <module>
    main()
    ~~~~^^
  File "/mnt/c/Users/Aftab/Desktop/atlasmirror/scripts/run_a1_coverage.py", line 747, in main
    assert retrieved_file.exists(), f"External retrieval failed: {retrieved_file} not created for {reg_name}!"
           ~~~~~~~~~~~~~~~~~~~~~^^
AssertionError: External retrieval failed: /root/a1_client/retrieved.osm.pbf not created for europe/bulgaria!
================================================================================
LP-0018 A1 COVERAGE PIPELINE EXECUTION
================================================================================

--- Preflight: Checking VPS & Local Disk Space ---
VPS Available Disk Space: 67 GB
VPS Storage Node SPR: spr:CiUIAhIhA0DhJ1C6-HZQW8dqk8k90jLwB4qsts-jvsA5oZyT__uZEgIDARo7CicAJQgCEiEDQOEnULr4dlBbx2qTyT3SMvAHiqy2z6O-wDmhnJP_-5kQ2rbD1QYaCgoIBMfnu2EGH4YqRzBFAiEAlcwA8aENWPc63vxiL7z4F6CmEA5hS-0Hd8TuTSgLZJACID7MhzzU4lVA8W3Iv5dC6eCpmUklW0f_ykA97Q-SvTRu

[Entry 1/25] china/henan (China) verified from prior canonical testnet deployment.
Loaded 3 existing entries from /mnt/c/Users/Aftab/Desktop/atlasmirror/evidence/a1-coverage-manifest.json
[GIT] Committed progress locally: feat(coverage): verified 3/25 regions (asia/pakistan)
[2/25] Region africa/ethiopia (Ethiopia) already verified in manifest. Skipping.
[3/25] Region asia/pakistan (Pakistan) already verified in manifest. Skipping.

================================================================================
[4/25] Processing Region: europe/bulgaria (Bulgaria)
================================================================================
Fetching published MD5 from https://download.geofabrik.de/europe/bulgaria-latest.osm.pbf.md5...
Published MD5: 25801cfabc5bfe8e1ae56ded0fa5ed13
Truthful Source Version/Date: 2026-09-20
Checking existing local PBF /mnt/c/Users/Aftab/Desktop/atlasmirror/test_data/a1_work/europe_bulgaria-latest.osm.pbf...
✅ Existing local PBF matches live published MD5! Skipping download.
Downloaded Size: 174092672 bytes (166.03 MB)
Computed MD5:    25801cfabc5bfe8e1ae56ded0fa5ed13
✅ Geofabrik MD5 verified!
Transferring to VPS: /root/atlasmirror_vps/staging_europe_bulgaria.osm.pbf...
Uploading to VPS Logos Storage...
Traceback (most recent call last):
  File "/mnt/c/Users/Aftab/Desktop/atlasmirror/scripts/run_a1_coverage.py", line 903, in <module>
    main()
    ~~~~^^
  File "/mnt/c/Users/Aftab/Desktop/atlasmirror/scripts/run_a1_coverage.py", line 603, in main
    for line in ev_out.splitlines():
                ^^^^^^^^^^^^^^^^^
AttributeError: 'CompletedProcess' object has no attribute 'splitlines'
================================================================================
LP-0018 A1 COVERAGE PIPELINE EXECUTION
================================================================================

--- Preflight: Checking VPS & Local Disk Space ---
VPS Available Disk Space: 67 GB
VPS Storage Node SPR: spr:CiUIAhIhA0DhJ1C6-HZQW8dqk8k90jLwB4qsts-jvsA5oZyT__uZEgIDARo7CicAJQgCEiEDQOEnULr4dlBbx2qTyT3SMvAHiqy2z6O-wDmhnJP_-5kQzrvD1QYaCgoIBMfnu2EGH4YqRjBEAiB1QT-wwj2dpmzDtkUNqFjRRRB4DbckyCJCR2QJ7r_uvAIgCF47Oie5yfk7lQL2LhPiXglngLRLosQdu25tXhyTuP8

[Entry 1/25] china/henan (China) verified from prior canonical testnet deployment.
Loaded 3 existing entries from /mnt/c/Users/Aftab/Desktop/atlasmirror/evidence/a1-coverage-manifest.json
[GIT] Committed progress locally: feat(coverage): verified 3/25 regions (asia/pakistan)
[2/25] Region africa/ethiopia (Ethiopia) already verified in manifest. Skipping.
[3/25] Region asia/pakistan (Pakistan) already verified in manifest. Skipping.

================================================================================
[4/25] Processing Region: europe/bulgaria (Bulgaria)
================================================================================
Fetching published MD5 from https://download.geofabrik.de/europe/bulgaria-latest.osm.pbf.md5...
Published MD5: 25801cfabc5bfe8e1ae56ded0fa5ed13
Truthful Source Version/Date: 2026-09-20
Checking existing local PBF /mnt/c/Users/Aftab/Desktop/atlasmirror/test_data/a1_work/europe_bulgaria-latest.osm.pbf...
✅ Existing local PBF matches live published MD5! Skipping download.
Downloaded Size: 174092672 bytes (166.03 MB)
Computed MD5:    25801cfabc5bfe8e1ae56ded0fa5ed13
✅ Geofabrik MD5 verified!
Staging file already on VPS with exact size (174092672 bytes). Skipping SCP.
Uploading to VPS Logos Storage...
[ERROR] SSH failed: 
================================================================================
LP-0018 A1 COVERAGE PIPELINE EXECUTION
================================================================================

--- Preflight: Checking VPS & Local Disk Space ---
VPS Available Disk Space: 67 GB
VPS Storage Node SPR: spr:CiUIAhIhA0DhJ1C6-HZQW8dqk8k90jLwB4qsts-jvsA5oZyT__uZEgIDARo7CicAJQgCEiEDQOEnULr4dlBbx2qTyT3SMvAHiqy2z6O-wDmhnJP_-5kQqb7D1QYaCgoIBMfnu2EGH4YqRjBEAiAeP4pffaKWLGe9vuHR76NJszWrxyaMdFM6TCjbczl3kgIgAfZ8vyHIyj-gGvss4EjMgVb8zrw441f8DlhwvHjWasI

[Entry 1/25] china/henan (China) verified from prior canonical testnet deployment.
Loaded 3 existing entries from /mnt/c/Users/Aftab/Desktop/atlasmirror/evidence/a1-coverage-manifest.json
[GIT] Committed progress locally: feat(coverage): verified 3/25 regions (asia/pakistan)
[2/25] Region africa/ethiopia (Ethiopia) already verified in manifest. Skipping.
[3/25] Region asia/pakistan (Pakistan) already verified in manifest. Skipping.

================================================================================
[4/25] Processing Region: europe/bulgaria (Bulgaria)
================================================================================
Fetching published MD5 from https://download.geofabrik.de/europe/bulgaria-latest.osm.pbf.md5...
Published MD5: 25801cfabc5bfe8e1ae56ded0fa5ed13
Truthful Source Version/Date: 2026-09-20
Checking existing local PBF /mnt/c/Users/Aftab/Desktop/atlasmirror/test_data/a1_work/europe_bulgaria-latest.osm.pbf...
✅ Existing local PBF matches live published MD5! Skipping download.
Downloaded Size: 174092672 bytes (166.03 MB)
Computed MD5:    25801cfabc5bfe8e1ae56ded0fa5ed13
✅ Geofabrik MD5 verified!
Staging file already on VPS with exact size (174092672 bytes). Skipping SCP.
Candidate Logos Storage CID: zDvZRwzm72Y7GBdMzdT7ibQWieQSmUhvk54VHfhcsUDcqnPhma51

[Integrity Gate] Executing independent external retrieval for CID zDvZRwzm72Y7GBdMzdT7ibQWieQSmUhvk54VHfhcsUDcqnPhma51 before on-chain registration...
External retrieval attempt 1/3 for europe/bulgaria (CID: zDvZRwzm72Y7GBdMzdT7ibQWieQSmUhvk54VHfhcsUDcqnPhma51)...
Live VPS SPR: spr:CiUIAhIhA0DhJ1C6-HZQW8dqk8k90jLwB4qsts-jvsA5oZyT__uZEgID...
{"dependencies_loaded":[],"module":"storage_module","status":"ok","version":"2.1.3"}
{"method":"init","module":"storage_module","result":true,"status":"ok"}
{"method":"start","module":"storage_module","result":true,"status":"ok"}
{"method":"downloadManifest","module":"storage_module","result":{"error":null,"success":true,"value":null},"status":"ok"}
✅ Manifest downloaded and verified in local cache!
{"method":"downloadToUrl","module":"storage_module","result":{"error":null,"success":true,"value":"zDvZRwzm72Y7GBdMzdT7ibQWieQSmUhvk54VHfhcsUDcqnPhma51"},"status":"ok"}
[0s] Download progress: 0.0 MB / 166.0 MB (0.0%)
[15s] Download progress: 4.0 MB / 166.0 MB (2.4%)
[30s] Download progress: 10.0 MB / 166.0 MB (6.0%)
[45s] Download progress: 13.0 MB / 166.0 MB (7.8%)
[60s] Download progress: 19.0 MB / 166.0 MB (11.4%)
[75s] Download progress: 24.0 MB / 166.0 MB (14.5%)
[90s] Download progress: 30.0 MB / 166.0 MB (18.1%)
[105s] Download progress: 36.0 MB / 166.0 MB (21.7%)
[120s] Download progress: 42.0 MB / 166.0 MB (25.3%)
[135s] Download progress: 47.0 MB / 166.0 MB (28.3%)
[150s] Download progress: 53.0 MB / 166.0 MB (31.9%)
[165s] Download progress: 58.0 MB / 166.0 MB (34.9%)
[180s] Download progress: 64.0 MB / 166.0 MB (38.5%)
[195s] Download progress: 69.0 MB / 166.0 MB (41.6%)
[210s] Download progress: 74.0 MB / 166.0 MB (44.6%)
[225s] Download progress: 79.0 MB / 166.0 MB (47.6%)
[240s] Download progress: 84.0 MB / 166.0 MB (50.6%)
[255s] Download progress: 89.0 MB / 166.0 MB (53.6%)
[270s] Download progress: 95.0 MB / 166.0 MB (57.2%)
[285s] Download progress: 100.0 MB / 166.0 MB (60.2%)
[300s] Download progress: 106.0 MB / 166.0 MB (63.8%)
[315s] Download progress: 112.0 MB / 166.0 MB (67.5%)
[330s] Download progress: 119.0 MB / 166.0 MB (71.7%)
[345s] Download progress: 125.0 MB / 166.0 MB (75.3%)
[360s] Download progress: 131.0 MB / 166.0 MB (78.9%)
[375s] Download progress: 137.0 MB / 166.0 MB (82.5%)
[390s] Download progress: 144.0 MB / 166.0 MB (86.7%)
[405s] Download progress: 150.0 MB / 166.0 MB (90.3%)
[420s] Download progress: 156.0 MB / 166.0 MB (94.0%)
[435s] Download progress: 162.0 MB / 166.0 MB (97.6%)
External retrieval complete: 174092672/174092672 bytes (443s)
Retrieved Size: 174092672 (Expected: 174092672)
Retrieved MD5:  25801cfabc5bfe8e1ae56ded0fa5ed13 (Expected: 25801cfabc5bfe8e1ae56ded0fa5ed13)
✅ CID zDvZRwzm72Y7GBdMzdT7ibQWieQSmUhvk54VHfhcsUDcqnPhma51 CRYPTOGRAPHICALLY PROVEN: 100% MD5 MATCH WITH GEOFABRIK!

Registering/updating europe/bulgaria on Canonical Logos Testnet (account T8T4nfBcLDNUycWNQ4SyrvsduRZZ8Uxk5XSzS2XMvci)...
Registration parameters: CID=zDvZRwzm72Y7GBdMzdT7ibQWieQSmUhvk54VHfhcsUDcqnPhma51, MD5=25801cfabc5bfe8e1ae56ded0fa5ed13, Version=2026-09-20, Timestamp=1789976858
On-chain submission attempt 1/3 for europe/bulgaria...
Program ID: [1108401340, 224902513, 3719279011, 2256696779, 2279479750, 2288278838, 1677050569, 1334542228]
Building RegisterRegion instruction: RegisterRegionArgs { region: "europe/bulgaria", parent: Some("europe"), level: Subregion, cid: "zDvZRwzm72Y7GBdMzdT7ibQWieQSmUhvk54VHfhcsUDcqnPhma51", source_url: "https://download.geofabrik.de/europe/bulgaria-latest.osm.pbf", checksum: "25801cfabc5bfe8e1ae56ded0fa5ed13", version: "2026-09-20", hosted: true, timestamp: 1789976858 }
Transaction submitted! Hash: eb8604ba5a686e81d738a7c68d6a3cc4a219d1ca633e881a4444533635f7f844
Polling for transaction finalization...
Transaction hash is eb8604ba5a686e81d738a7c68d6a3cc4a219d1ca633e881a4444533635f7f844
Transaction is included in block 18337
Transaction data is Public(PublicTransaction { message: Message { program_id: "bcdc104271bd670da3b1afddcb758286c619de87365d6488c9c2f563947f8b4f", account_ids: [T8T4nfBcLDNUycWNQ4SyrvsduRZZ8Uxk5XSzS2XMvci], nonces: [Nonce(5)], instruction_data: [1, 15, 1869772133, 1647273328, 1634167925, 6383986, 1, 6, 1869772133, 25968, 1, 52, 1517700218, 1836742482, 928592439, 1298416199, 928277626, 1464951401, 1397843305, 1986549101, 1446262123, 1667786312, 1665422707, 1750101617, 825581933, 60, 1886680168, 791624307, 1853321060, 1684107116, 1868916526, 1919050086, 1680763753, 1969565541, 1701867378, 1819632175, 1769103719, 1634479457, 1953719668, 1836281646, 1717727278, 32, 808990002, 1634100017, 1647666018, 1698194790, 895836465, 1684366390, 895575600, 858874981, 10, 909258802, 758722605, 12338, 1, 1789976858, 0] }, witness_set: WitnessSet { signatures_and_public_keys: [(ca842f937558b98bdb1bd76b952fcb67c7d1e69acdda861d10e2217615b160a7d0671b981f1928f2949343cc24d440b0aa7426688c40ea83332bada557c770d4, 922b3959aead75f725bc70b319bc7733350630b8d1cc14aa366b917b785554da)] } })
Stored persistent accounts at /root/.lee/wallet-testnet-compatible/storage.json
Transaction finalized successfully! Result: TransactionExecuted { tx_hash: eb8604ba5a686e81d738a7c68d6a3cc4a219d1ca633e881a4444533635f7f844 }

✅ On-chain registration/update confirmed! Tx: eb8604ba5a686e81d738a7c68d6a3cc4a219d1ca633e881a4444533635f7f844, Block: 18337
✅ Canonical on-chain query verified!
[GIT] Committed progress locally: feat(coverage): verified 4/25 regions (europe/bulgaria)
✅ Region europe/bulgaria verified and added to manifest (4/25).

================================================================================
[5/25] Processing Region: africa/egypt (Egypt)
================================================================================
Fetching published MD5 from https://download.geofabrik.de/africa/egypt-latest.osm.pbf.md5...
Traceback (most recent call last):
  File "/mnt/c/Users/Aftab/Desktop/atlasmirror/scripts/run_a1_coverage.py", line 892, in <module>
    main()
    ~~~~^^
  File "/mnt/c/Users/Aftab/Desktop/atlasmirror/scripts/run_a1_coverage.py", line 555, in main
    published_md5, source_version = fetch_geofabrik_metadata(pbf_url, md5_url)
                                    ~~~~~~~~~~~~~~~~~~~~~~~~^^^^^^^^^^^^^^^^^^
  File "/mnt/c/Users/Aftab/Desktop/atlasmirror/scripts/run_a1_coverage.py", line 343, in fetch_geofabrik_metadata
    req_md5 = urllib.request.urlopen(md5_url, timeout=25)
  File "/usr/lib/python3.14/urllib/request.py", line 187, in urlopen
    return opener.open(url, data, timeout)
           ~~~~~~~~~~~^^^^^^^^^^^^^^^^^^^^
  File "/usr/lib/python3.14/urllib/request.py", line 487, in open
    response = self._open(req, data)
  File "/usr/lib/python3.14/urllib/request.py", line 504, in _open
    result = self._call_chain(self.handle_open, protocol, protocol +
                              '_open', req)
  File "/usr/lib/python3.14/urllib/request.py", line 464, in _call_chain
    result = func(*args)
  File "/usr/lib/python3.14/urllib/request.py", line 1369, in https_open
    return self.do_open(http.client.HTTPSConnection, req,
           ~~~~~~~~~~~~^^^^^^^^^^^^^^^^^^^^^^^^^^^^^^^^^^
                        context=self._context)
                        ^^^^^^^^^^^^^^^^^^^^^^
  File "/usr/lib/python3.14/urllib/request.py", line 1325, in do_open
    r = h.getresponse()
  File "/usr/lib/python3.14/http/client.py", line 1459, in getresponse
    response.begin()
    ~~~~~~~~~~~~~~^^
  File "/usr/lib/python3.14/http/client.py", line 336, in begin
    version, status, reason = self._read_status()
                              ~~~~~~~~~~~~~~~~~^^
  File "/usr/lib/python3.14/http/client.py", line 297, in _read_status
    line = str(self.fp.readline(_MAXLINE + 1), "iso-8859-1")
               ~~~~~~~~~~~~~~~~^^^^^^^^^^^^^^
  File "/usr/lib/python3.14/socket.py", line 725, in readinto
    return self._sock.recv_into(b)
           ~~~~~~~~~~~~~~~~~~~~^^^
  File "/usr/lib/python3.14/ssl.py", line 1304, in recv_into
    return self.read(nbytes, buffer)
           ~~~~~~~~~^^^^^^^^^^^^^^^^
  File "/usr/lib/python3.14/ssl.py", line 1138, in read
    return self._sslobj.read(len, buffer)
           ~~~~~~~~~~~~~~~~~^^^^^^^^^^^^^
TimeoutError: The read operation timed out
================================================================================
LP-0018 A1 COVERAGE PIPELINE EXECUTION
================================================================================

--- Preflight: Checking VPS & Local Disk Space ---
VPS Available Disk Space: 67 GB
VPS Storage Node SPR: spr:CiUIAhIhA0DhJ1C6-HZQW8dqk8k90jLwB4qsts-jvsA5oZyT__uZEgIDARo7CicAJQgCEiEDQOEnULr4dlBbx2qTyT3SMvAHiqy2z6O-wDmhnJP_-5kQqMPD1QYaCgoIBMfnu2EGH4YqRjBEAiALyMScpjjcmmkg3e-iMOwmmOd_7bXmOeQ2awdGmRFvkgIgcUgmS8GdD68urx0wE0F9fmWbVPfqldDIi--bvfPf5yM

[Entry 1/25] china/henan (China) verified from prior canonical testnet deployment.
Loaded 4 existing entries from /mnt/c/Users/Aftab/Desktop/atlasmirror/evidence/a1-coverage-manifest.json
[GIT] Committed progress locally: feat(coverage): verified 4/25 regions (europe/bulgaria)
[2/25] Region africa/ethiopia (Ethiopia) already verified in manifest. Skipping.
[3/25] Region asia/pakistan (Pakistan) already verified in manifest. Skipping.
[4/25] Region europe/bulgaria (Bulgaria) already verified in manifest. Skipping.

================================================================================
[5/25] Processing Region: africa/egypt (Egypt)
================================================================================
Fetching published MD5 from https://download.geofabrik.de/africa/egypt-latest.osm.pbf.md5...
Published MD5: 04a4d557c902a5f29ba0e7a1394e0232
Truthful Source Version/Date: 2026-09-20
Downloading https://download.geofabrik.de/africa/egypt-latest.osm.pbf...
Download finished in 86.4s
Downloaded Size: 178421161 bytes (170.16 MB)
Computed MD5:    04a4d557c902a5f29ba0e7a1394e0232
✅ Geofabrik MD5 verified!
Transferring to VPS: /root/atlasmirror_vps/staging_africa_egypt.osm.pbf...
Uploading to VPS Logos Storage...
uploadUrl response: {"method":"uploadUrl","module":"storage_module","result":{"error":null,"success":true,"value":"5"},"status":"ok"}
Candidate Logos Storage CID: zDvZRwzmDbJCqSLbyt1Fw4mSvrGFkJGBLaBAogpw8VF66wA469mm

[Integrity Gate] Executing independent external retrieval for CID zDvZRwzmDbJCqSLbyt1Fw4mSvrGFkJGBLaBAogpw8VF66wA469mm before on-chain registration...
External retrieval attempt 1/3 for africa/egypt (CID: zDvZRwzmDbJCqSLbyt1Fw4mSvrGFkJGBLaBAogpw8VF66wA469mm)...
Live VPS SPR: spr:CiUIAhIhA0DhJ1C6-HZQW8dqk8k90jLwB4qsts-jvsA5oZyT__uZEgID...
{"dependencies_loaded":[],"module":"storage_module","status":"ok","version":"2.1.3"}
{"method":"init","module":"storage_module","result":true,"status":"ok"}
{"method":"start","module":"storage_module","result":true,"status":"ok"}
{"method":"downloadManifest","module":"storage_module","result":{"error":null,"success":true,"value":null},"status":"ok"}
✅ Manifest downloaded and verified in local cache!
{"method":"downloadToUrl","module":"storage_module","result":{"error":null,"success":true,"value":"zDvZRwzmDbJCqSLbyt1Fw4mSvrGFkJGBLaBAogpw8VF66wA469mm"},"status":"ok"}
[0s] Download progress: 0.0 MB / 170.2 MB (0.0%)
[15s] Download progress: 5.0 MB / 170.2 MB (2.9%)
[30s] Download progress: 12.0 MB / 170.2 MB (7.1%)
[45s] Download progress: 18.0 MB / 170.2 MB (10.6%)
[60s] Download progress: 24.0 MB / 170.2 MB (14.1%)
[75s] Download progress: 31.0 MB / 170.2 MB (18.2%)
[90s] Download progress: 36.0 MB / 170.2 MB (21.2%)
[105s] Download progress: 42.0 MB / 170.2 MB (24.7%)
[120s] Download progress: 47.0 MB / 170.2 MB (27.6%)
[135s] Download progress: 53.0 MB / 170.2 MB (31.1%)
[150s] Download progress: 59.0 MB / 170.2 MB (34.7%)
[165s] Download progress: 65.0 MB / 170.2 MB (38.2%)
[180s] Download progress: 68.0 MB / 170.2 MB (40.0%)
[195s] Download progress: 73.0 MB / 170.2 MB (42.9%)
[210s] Download progress: 76.0 MB / 170.2 MB (44.7%)
[225s] Download progress: 82.0 MB / 170.2 MB (48.2%)
[240s] Download progress: 88.0 MB / 170.2 MB (51.7%)
[255s] Download progress: 93.0 MB / 170.2 MB (54.7%)
[270s] Download progress: 99.0 MB / 170.2 MB (58.2%)
[285s] Download progress: 105.0 MB / 170.2 MB (61.7%)
[300s] Download progress: 112.0 MB / 170.2 MB (65.8%)
[315s] Download progress: 117.0 MB / 170.2 MB (68.8%)
[330s] Download progress: 122.0 MB / 170.2 MB (71.7%)
[345s] Download progress: 127.0 MB / 170.2 MB (74.6%)
[360s] Download progress: 134.0 MB / 170.2 MB (78.8%)
[375s] Download progress: 140.0 MB / 170.2 MB (82.3%)
[390s] Download progress: 146.0 MB / 170.2 MB (85.8%)
[405s] Download progress: 152.0 MB / 170.2 MB (89.3%)
[420s] Download progress: 158.0 MB / 170.2 MB (92.9%)
[435s] Download progress: 163.0 MB / 170.2 MB (95.8%)
[450s] Download progress: 167.8 MB / 170.2 MB (98.6%)
External retrieval complete: 178421161/178421161 bytes (456s)
Retrieved Size: 178421161 (Expected: 178421161)
Retrieved MD5:  04a4d557c902a5f29ba0e7a1394e0232 (Expected: 04a4d557c902a5f29ba0e7a1394e0232)
✅ CID zDvZRwzmDbJCqSLbyt1Fw4mSvrGFkJGBLaBAogpw8VF66wA469mm CRYPTOGRAPHICALLY PROVEN: 100% MD5 MATCH WITH GEOFABRIK!

Registering/updating africa/egypt on Canonical Logos Testnet (account T8T4nfBcLDNUycWNQ4SyrvsduRZZ8Uxk5XSzS2XMvci)...
Registration parameters: CID=zDvZRwzmDbJCqSLbyt1Fw4mSvrGFkJGBLaBAogpw8VF66wA469mm, MD5=04a4d557c902a5f29ba0e7a1394e0232, Version=2026-09-20, Timestamp=1789977848
On-chain submission attempt 1/3 for africa/egypt...
Program ID: [1108401340, 224902513, 3719279011, 2256696779, 2279479750, 2288278838, 1677050569, 1334542228]
Building RegisterRegion instruction: RegisterRegionArgs { region: "africa/egypt", parent: Some("africa"), level: Subregion, cid: "zDvZRwzmDbJCqSLbyt1Fw4mSvrGFkJGBLaBAogpw8VF66wA469mm", source_url: "https://download.geofabrik.de/africa/egypt-latest.osm.pbf", checksum: "04a4d557c902a5f29ba0e7a1394e0232", version: "2026-09-20", hosted: true, timestamp: 1789977848 }
Transaction submitted! Hash: 5279d9b21fc2833281a2502acb6a7c031b4f2ab9ee4fc40445ed8eb31b2e6ea9
Polling for transaction finalization...
Transaction hash is 5279d9b21fc2833281a2502acb6a7c031b4f2ab9ee4fc40445ed8eb31b2e6ea9
Transaction is included in block 18353
Transaction data is Public(PublicTransaction { message: Message { program_id: "bcdc104271bd670da3b1afddcb758286c619de87365d6488c9c2f563947f8b4f", account_ids: [T8T4nfBcLDNUycWNQ4SyrvsduRZZ8Uxk5XSzS2XMvci], nonces: [Nonce(6)], instruction_data: [1, 12, 1769104993, 1697603939, 1953528167, 1, 6, 1769104993, 24931, 1, 52, 1517700218, 1836742482, 1128948292, 1649169265, 1177646201, 1399665783, 1179087478, 1111968363, 1094869324, 2003855215, 910579256, 876705590, 1835874614, 57, 1886680168, 791624307, 1853321060, 1684107116, 1868916526, 1919050086, 1680763753, 1717645157, 1633905010, 2036819247, 1814918256, 1936028769, 1936666228, 1651519085, 102, 32, 878785584, 926233956, 842021219, 845559137, 811688505, 828454757, 1697921331, 842215984, 10, 909258802, 758722605, 12338, 1, 1789977848, 0] }, witness_set: WitnessSet { signatures_and_public_keys: [(3138a70b03998b95b5795b5dd78dabcaea00360bc59e96d7b91d314d6f6ed77462f970d4fb9f3953a682454504368c89b81d198b8c0b66a3b56d9e26af2b9d1c, 922b3959aead75f725bc70b319bc7733350630b8d1cc14aa366b917b785554da)] } })
Stored persistent accounts at /root/.lee/wallet-testnet-compatible/storage.json
Transaction finalized successfully! Result: TransactionExecuted { tx_hash: 5279d9b21fc2833281a2502acb6a7c031b4f2ab9ee4fc40445ed8eb31b2e6ea9 }

✅ On-chain registration/update confirmed! Tx: 5279d9b21fc2833281a2502acb6a7c031b4f2ab9ee4fc40445ed8eb31b2e6ea9, Block: 18353
✅ Canonical on-chain query verified!
[GIT] Committed progress locally: feat(coverage): verified 5/25 regions (africa/egypt)
✅ Region africa/egypt verified and added to manifest (5/25).

================================================================================
[6/25] Processing Region: asia/iran (Iran)
================================================================================
Fetching published MD5 from https://download.geofabrik.de/asia/iran-latest.osm.pbf.md5...
Published MD5: e503562d3826bec67e6f87b899da4098
Truthful Source Version/Date: 2026-09-20
Downloading https://download.geofabrik.de/asia/iran-latest.osm.pbf...
Download finished in 235.0s
Downloaded Size: 229501907 bytes (218.87 MB)
Computed MD5:    e503562d3826bec67e6f87b899da4098
✅ Geofabrik MD5 verified!
Transferring to VPS: /root/atlasmirror_vps/staging_asia_iran.osm.pbf...
Uploading to VPS Logos Storage...
uploadUrl response: {"method":"uploadUrl","module":"storage_module","result":{"error":null,"success":true,"value":"6"},"status":"ok"}
Candidate Logos Storage CID: zDvZRwzkybLEXZoEjDetaF4yKT73jszhgkMTboXedKCt4En1gUKV

[Integrity Gate] Executing independent external retrieval for CID zDvZRwzkybLEXZoEjDetaF4yKT73jszhgkMTboXedKCt4En1gUKV before on-chain registration...
External retrieval attempt 1/3 for asia/iran (CID: zDvZRwzkybLEXZoEjDetaF4yKT73jszhgkMTboXedKCt4En1gUKV)...
Live VPS SPR: spr:CiUIAhIhA0DhJ1C6-HZQW8dqk8k90jLwB4qsts-jvsA5oZyT__uZEgID...
{"dependencies_loaded":[],"module":"storage_module","status":"ok","version":"2.1.3"}
{"method":"init","module":"storage_module","result":true,"status":"ok"}
{"method":"start","module":"storage_module","result":true,"status":"ok"}
{"method":"downloadManifest","module":"storage_module","result":{"error":null,"success":true,"value":null},"status":"ok"}
[WARN] Manifest fetch returned error: Failed to fetch manifest: Failed to fetch manifest zDvZRwzkybLEXZoEjDetaF4yKT73jszhgkMTboXedKCt4En1gUKV after 10 attempts: Key doesn't exist
[WARN] Manifest fetch returned error: Failed to fetch manifest: Failed to fetch manifest zDvZRwzkybLEXZoEjDetaF4yKT73jszhgkMTboXedKCt4En1gUKV after 10 attempts: Key doesn't exist
[WARN] Manifest fetch returned error: Failed to fetch manifest: Failed to fetch manifest zDvZRwzkybLEXZoEjDetaF4yKT73jszhgkMTboXedKCt4En1gUKV after 10 attempts: Key doesn't exist
[WARN] Manifest fetch returned error: Failed to fetch manifest: Failed to fetch manifest zDvZRwzkybLEXZoEjDetaF4yKT73jszhgkMTboXedKCt4En1gUKV after 10 attempts: Key doesn't exist
[WARN] Manifest fetch returned error: Failed to fetch manifest: Failed to fetch manifest zDvZRwzkybLEXZoEjDetaF4yKT73jszhgkMTboXedKCt4En1gUKV after 10 attempts: Key doesn't exist
[WARN] Manifest fetch returned error: Failed to fetch manifest: Failed to fetch manifest zDvZRwzkybLEXZoEjDetaF4yKT73jszhgkMTboXedKCt4En1gUKV after 10 attempts: Key doesn't exist
[WARN] Manifest fetch returned error: Failed to fetch manifest: Failed to fetch manifest zDvZRwzkybLEXZoEjDetaF4yKT73jszhgkMTboXedKCt4En1gUKV after 10 attempts: Key doesn't exist
[WARN] Manifest fetch returned error: Failed to fetch manifest: Failed to fetch manifest zDvZRwzkybLEXZoEjDetaF4yKT73jszhgkMTboXedKCt4En1gUKV after 10 attempts: Key doesn't exist
[WARN] Manifest fetch returned error: Failed to fetch manifest: Failed to fetch manifest zDvZRwzkybLEXZoEjDetaF4yKT73jszhgkMTboXedKCt4En1gUKV after 10 attempts: Key doesn't exist
[WARN] Manifest fetch returned error: Failed to fetch manifest: Failed to fetch manifest zDvZRwzkybLEXZoEjDetaF4yKT73jszhgkMTboXedKCt4En1gUKV after 10 attempts: Key doesn't exist
[WARN] Manifest fetch returned error: Failed to fetch manifest: Failed to fetch manifest zDvZRwzkybLEXZoEjDetaF4yKT73jszhgkMTboXedKCt4En1gUKV after 10 attempts: Key doesn't exist
[WARN] Manifest fetch returned error: Failed to fetch manifest: Failed to fetch manifest zDvZRwzkybLEXZoEjDetaF4yKT73jszhgkMTboXedKCt4En1gUKV after 10 attempts: Key doesn't exist
[WARN] Manifest fetch returned error: Failed to fetch manifest: Failed to fetch manifest zDvZRwzkybLEXZoEjDetaF4yKT73jszhgkMTboXedKCt4En1gUKV after 10 attempts: Key doesn't exist
[WARN] Manifest fetch returned error: Failed to fetch manifest: Failed to fetch manifest zDvZRwzkybLEXZoEjDetaF4yKT73jszhgkMTboXedKCt4En1gUKV after 10 attempts: Key doesn't exist
[WARN] Manifest fetch returned error: Failed to fetch manifest: Failed to fetch manifest zDvZRwzkybLEXZoEjDetaF4yKT73jszhgkMTboXedKCt4En1gUKV after 10 attempts: Key doesn't exist
[WARN] Manifest fetch returned error: Failed to fetch manifest: Failed to fetch manifest zDvZRwzkybLEXZoEjDetaF4yKT73jszhgkMTboXedKCt4En1gUKV after 10 attempts: Key doesn't exist
[WARN] Manifest fetch returned error: Failed to fetch manifest: Failed to fetch manifest zDvZRwzkybLEXZoEjDetaF4yKT73jszhgkMTboXedKCt4En1gUKV after 10 attempts: Key doesn't exist
[INFO] Manifest fetch attempt 1/3 failed, waiting 5s for DHT peer discovery...
{"method":"downloadManifest","module":"storage_module","result":{"error":null,"success":true,"value":null},"status":"ok"}
[WARN] Manifest fetch returned error: Failed to fetch manifest: Failed to fetch manifest zDvZRwzkybLEXZoEjDetaF4yKT73jszhgkMTboXedKCt4En1gUKV after 10 attempts: Key doesn't exist
[WARN] Manifest fetch returned error: Failed to fetch manifest: Failed to fetch manifest zDvZRwzkybLEXZoEjDetaF4yKT73jszhgkMTboXedKCt4En1gUKV after 10 attempts: Key doesn't exist
[WARN] Manifest fetch returned error: Failed to fetch manifest: Failed to fetch manifest zDvZRwzkybLEXZoEjDetaF4yKT73jszhgkMTboXedKCt4En1gUKV after 10 attempts: Key doesn't exist
[WARN] Manifest fetch returned error: Failed to fetch manifest: Failed to fetch manifest zDvZRwzkybLEXZoEjDetaF4yKT73jszhgkMTboXedKCt4En1gUKV after 10 attempts: Key doesn't exist
[WARN] Manifest fetch returned error: Failed to fetch manifest: Failed to fetch manifest zDvZRwzkybLEXZoEjDetaF4yKT73jszhgkMTboXedKCt4En1gUKV after 10 attempts: Key doesn't exist
[WARN] Manifest fetch returned error: Failed to fetch manifest: Failed to fetch manifest zDvZRwzkybLEXZoEjDetaF4yKT73jszhgkMTboXedKCt4En1gUKV after 10 attempts: Key doesn't exist
[WARN] Manifest fetch returned error: Failed to fetch manifest: Failed to fetch manifest zDvZRwzkybLEXZoEjDetaF4yKT73jszhgkMTboXedKCt4En1gUKV after 10 attempts: Key doesn't exist
[WARN] Manifest fetch returned error: Failed to fetch manifest: Failed to fetch manifest zDvZRwzkybLEXZoEjDetaF4yKT73jszhgkMTboXedKCt4En1gUKV after 10 attempts: Key doesn't exist
[WARN] Manifest fetch returned error: Failed to fetch manifest: Failed to fetch manifest zDvZRwzkybLEXZoEjDetaF4yKT73jszhgkMTboXedKCt4En1gUKV after 10 attempts: Key doesn't exist
[WARN] Manifest fetch returned error: Failed to fetch manifest: Failed to fetch manifest zDvZRwzkybLEXZoEjDetaF4yKT73jszhgkMTboXedKCt4En1gUKV after 10 attempts: Key doesn't exist
[WARN] Manifest fetch returned error: Failed to fetch manifest: Failed to fetch manifest zDvZRwzkybLEXZoEjDetaF4yKT73jszhgkMTboXedKCt4En1gUKV after 10 attempts: Key doesn't exist
[WARN] Manifest fetch returned error: Failed to fetch manifest: Failed to fetch manifest zDvZRwzkybLEXZoEjDetaF4yKT73jszhgkMTboXedKCt4En1gUKV after 10 attempts: Key doesn't exist
[WARN] Manifest fetch returned error: Failed to fetch manifest: Failed to fetch manifest zDvZRwzkybLEXZoEjDetaF4yKT73jszhgkMTboXedKCt4En1gUKV after 10 attempts: Key doesn't exist
[WARN] Manifest fetch returned error: Failed to fetch manifest: Failed to fetch manifest zDvZRwzkybLEXZoEjDetaF4yKT73jszhgkMTboXedKCt4En1gUKV after 10 attempts: Key doesn't exist
[WARN] Manifest fetch returned error: Failed to fetch manifest: Failed to fetch manifest zDvZRwzkybLEXZoEjDetaF4yKT73jszhgkMTboXedKCt4En1gUKV after 10 attempts: Key doesn't exist
[WARN] Manifest fetch returned error: Failed to fetch manifest: Failed to fetch manifest zDvZRwzkybLEXZoEjDetaF4yKT73jszhgkMTboXedKCt4En1gUKV after 10 attempts: Key doesn't exist
[WARN] Manifest fetch returned error: Failed to fetch manifest: Failed to fetch manifest zDvZRwzkybLEXZoEjDetaF4yKT73jszhgkMTboXedKCt4En1gUKV after 10 attempts: Key doesn't exist
[INFO] Manifest fetch attempt 2/3 failed, waiting 5s for DHT peer discovery...
{"method":"downloadManifest","module":"storage_module","result":{"error":null,"success":true,"value":null},"status":"ok"}
[WARN] Manifest fetch returned error: Failed to fetch manifest: Failed to fetch manifest zDvZRwzkybLEXZoEjDetaF4yKT73jszhgkMTboXedKCt4En1gUKV after 10 attempts: Key doesn't exist
[WARN] Manifest fetch returned error: Failed to fetch manifest: Failed to fetch manifest zDvZRwzkybLEXZoEjDetaF4yKT73jszhgkMTboXedKCt4En1gUKV after 10 attempts: Key doesn't exist
[WARN] Manifest fetch returned error: Failed to fetch manifest: Failed to fetch manifest zDvZRwzkybLEXZoEjDetaF4yKT73jszhgkMTboXedKCt4En1gUKV after 10 attempts: Key doesn't exist
[WARN] Manifest fetch returned error: Failed to fetch manifest: Failed to fetch manifest zDvZRwzkybLEXZoEjDetaF4yKT73jszhgkMTboXedKCt4En1gUKV after 10 attempts: Key doesn't exist
[WARN] Manifest fetch returned error: Failed to fetch manifest: Failed to fetch manifest zDvZRwzkybLEXZoEjDetaF4yKT73jszhgkMTboXedKCt4En1gUKV after 10 attempts: Key doesn't exist
[WARN] Manifest fetch returned error: Failed to fetch manifest: Failed to fetch manifest zDvZRwzkybLEXZoEjDetaF4yKT73jszhgkMTboXedKCt4En1gUKV after 10 attempts: Key doesn't exist
[WARN] Manifest fetch returned error: Failed to fetch manifest: Failed to fetch manifest zDvZRwzkybLEXZoEjDetaF4yKT73jszhgkMTboXedKCt4En1gUKV after 10 attempts: Key doesn't exist
[WARN] Manifest fetch returned error: Failed to fetch manifest: Failed to fetch manifest zDvZRwzkybLEXZoEjDetaF4yKT73jszhgkMTboXedKCt4En1gUKV after 10 attempts: Key doesn't exist
[WARN] Manifest fetch returned error: Failed to fetch manifest: Failed to fetch manifest zDvZRwzkybLEXZoEjDetaF4yKT73jszhgkMTboXedKCt4En1gUKV after 10 attempts: Key doesn't exist
[WARN] Manifest fetch returned error: Failed to fetch manifest: Failed to fetch manifest zDvZRwzkybLEXZoEjDetaF4yKT73jszhgkMTboXedKCt4En1gUKV after 10 attempts: Key doesn't exist
[WARN] Manifest fetch returned error: Failed to fetch manifest: Failed to fetch manifest zDvZRwzkybLEXZoEjDetaF4yKT73jszhgkMTboXedKCt4En1gUKV after 10 attempts: Key doesn't exist
[WARN] Manifest fetch returned error: Failed to fetch manifest: Failed to fetch manifest zDvZRwzkybLEXZoEjDetaF4yKT73jszhgkMTboXedKCt4En1gUKV after 10 attempts: Key doesn't exist
[WARN] Manifest fetch returned error: Failed to fetch manifest: Failed to fetch manifest zDvZRwzkybLEXZoEjDetaF4yKT73jszhgkMTboXedKCt4En1gUKV after 10 attempts: Key doesn't exist
[WARN] Manifest fetch returned error: Failed to fetch manifest: Failed to fetch manifest zDvZRwzkybLEXZoEjDetaF4yKT73jszhgkMTboXedKCt4En1gUKV after 10 attempts: Key doesn't exist
[WARN] Manifest fetch returned error: Failed to fetch manifest: Failed to fetch manifest zDvZRwzkybLEXZoEjDetaF4yKT73jszhgkMTboXedKCt4En1gUKV after 10 attempts: Key doesn't exist
[WARN] Manifest fetch returned error: Failed to fetch manifest: Failed to fetch manifest zDvZRwzkybLEXZoEjDetaF4yKT73jszhgkMTboXedKCt4En1gUKV after 10 attempts: Key doesn't exist
[WARN] Manifest fetch returned error: Failed to fetch manifest: Failed to fetch manifest zDvZRwzkybLEXZoEjDetaF4yKT73jszhgkMTboXedKCt4En1gUKV after 10 attempts: Key doesn't exist
[INFO] Manifest fetch attempt 3/3 failed, waiting 5s for DHT peer discovery...
[WARN] Manifest not ready on attempt 1. Retrying with fresh daemon...
External retrieval attempt 2/3 for asia/iran (CID: zDvZRwzkybLEXZoEjDetaF4yKT73jszhgkMTboXedKCt4En1gUKV)...
Live VPS SPR: spr:CiUIAhIhA0DhJ1C6-HZQW8dqk8k90jLwB4qsts-jvsA5oZyT__uZEgID...
{"dependencies_loaded":[],"module":"storage_module","status":"ok","version":"2.1.3"}
{"method":"init","module":"storage_module","result":true,"status":"ok"}
{"method":"start","module":"storage_module","result":true,"status":"ok"}
{"method":"downloadManifest","module":"storage_module","result":{"error":null,"success":true,"value":null},"status":"ok"}
[WARN] Manifest fetch returned error: Failed to fetch manifest: Failed to fetch manifest zDvZRwzkybLEXZoEjDetaF4yKT73jszhgkMTboXedKCt4En1gUKV after 10 attempts: Key doesn't exist
[WARN] Manifest fetch returned error: Failed to fetch manifest: Failed to fetch manifest zDvZRwzkybLEXZoEjDetaF4yKT73jszhgkMTboXedKCt4En1gUKV after 10 attempts: Key doesn't exist
[WARN] Manifest fetch returned error: Failed to fetch manifest: Failed to fetch manifest zDvZRwzkybLEXZoEjDetaF4yKT73jszhgkMTboXedKCt4En1gUKV after 10 attempts: Key doesn't exist
[WARN] Manifest fetch returned error: Failed to fetch manifest: Failed to fetch manifest zDvZRwzkybLEXZoEjDetaF4yKT73jszhgkMTboXedKCt4En1gUKV after 10 attempts: Key doesn't exist
[WARN] Manifest fetch returned error: Failed to fetch manifest: Failed to fetch manifest zDvZRwzkybLEXZoEjDetaF4yKT73jszhgkMTboXedKCt4En1gUKV after 10 attempts: Key doesn't exist
[WARN] Manifest fetch returned error: Failed to fetch manifest: Failed to fetch manifest zDvZRwzkybLEXZoEjDetaF4yKT73jszhgkMTboXedKCt4En1gUKV after 10 attempts: Key doesn't exist
[WARN] Manifest fetch returned error: Failed to fetch manifest: Failed to fetch manifest zDvZRwzkybLEXZoEjDetaF4yKT73jszhgkMTboXedKCt4En1gUKV after 10 attempts: Key doesn't exist
[WARN] Manifest fetch returned error: Failed to fetch manifest: Failed to fetch manifest zDvZRwzkybLEXZoEjDetaF4yKT73jszhgkMTboXedKCt4En1gUKV after 10 attempts: Key doesn't exist
[WARN] Manifest fetch returned error: Failed to fetch manifest: Failed to fetch manifest zDvZRwzkybLEXZoEjDetaF4yKT73jszhgkMTboXedKCt4En1gUKV after 10 attempts: Key doesn't exist
[WARN] Manifest fetch returned error: Failed to fetch manifest: Failed to fetch manifest zDvZRwzkybLEXZoEjDetaF4yKT73jszhgkMTboXedKCt4En1gUKV after 10 attempts: Key doesn't exist
[WARN] Manifest fetch returned error: Failed to fetch manifest: Failed to fetch manifest zDvZRwzkybLEXZoEjDetaF4yKT73jszhgkMTboXedKCt4En1gUKV after 10 attempts: Key doesn't exist
[WARN] Manifest fetch returned error: Failed to fetch manifest: Failed to fetch manifest zDvZRwzkybLEXZoEjDetaF4yKT73jszhgkMTboXedKCt4En1gUKV after 10 attempts: Key doesn't exist
[WARN] Manifest fetch returned error: Failed to fetch manifest: Failed to fetch manifest zDvZRwzkybLEXZoEjDetaF4yKT73jszhgkMTboXedKCt4En1gUKV after 10 attempts: Key doesn't exist
[WARN] Manifest fetch returned error: Failed to fetch manifest: Failed to fetch manifest zDvZRwzkybLEXZoEjDetaF4yKT73jszhgkMTboXedKCt4En1gUKV after 10 attempts: Key doesn't exist
[WARN] Manifest fetch returned error: Failed to fetch manifest: Failed to fetch manifest zDvZRwzkybLEXZoEjDetaF4yKT73jszhgkMTboXedKCt4En1gUKV after 10 attempts: Key doesn't exist
[WARN] Manifest fetch returned error: Failed to fetch manifest: Failed to fetch manifest zDvZRwzkybLEXZoEjDetaF4yKT73jszhgkMTboXedKCt4En1gUKV after 10 attempts: Key doesn't exist
[WARN] Manifest fetch returned error: Failed to fetch manifest: Failed to fetch manifest zDvZRwzkybLEXZoEjDetaF4yKT73jszhgkMTboXedKCt4En1gUKV after 10 attempts: Key doesn't exist
[INFO] Manifest fetch attempt 1/3 failed, waiting 5s for DHT peer discovery...
{"method":"downloadManifest","module":"storage_module","result":{"error":null,"success":true,"value":null},"status":"ok"}
[WARN] Manifest fetch returned error: Failed to fetch manifest: Failed to fetch manifest zDvZRwzkybLEXZoEjDetaF4yKT73jszhgkMTboXedKCt4En1gUKV after 10 attempts: Key doesn't exist
[WARN] Manifest fetch returned error: Failed to fetch manifest: Failed to fetch manifest zDvZRwzkybLEXZoEjDetaF4yKT73jszhgkMTboXedKCt4En1gUKV after 10 attempts: Key doesn't exist
[WARN] Manifest fetch returned error: Failed to fetch manifest: Failed to fetch manifest zDvZRwzkybLEXZoEjDetaF4yKT73jszhgkMTboXedKCt4En1gUKV after 10 attempts: Key doesn't exist
[WARN] Manifest fetch returned error: Failed to fetch manifest: Failed to fetch manifest zDvZRwzkybLEXZoEjDetaF4yKT73jszhgkMTboXedKCt4En1gUKV after 10 attempts: Key doesn't exist
[WARN] Manifest fetch returned error: Failed to fetch manifest: Failed to fetch manifest zDvZRwzkybLEXZoEjDetaF4yKT73jszhgkMTboXedKCt4En1gUKV after 10 attempts: Key doesn't exist
[WARN] Manifest fetch returned error: Failed to fetch manifest: Failed to fetch manifest zDvZRwzkybLEXZoEjDetaF4yKT73jszhgkMTboXedKCt4En1gUKV after 10 attempts: Key doesn't exist
[WARN] Manifest fetch returned error: Failed to fetch manifest: Failed to fetch manifest zDvZRwzkybLEXZoEjDetaF4yKT73jszhgkMTboXedKCt4En1gUKV after 10 attempts: Key doesn't exist
[WARN] Manifest fetch returned error: Failed to fetch manifest: Failed to fetch manifest zDvZRwzkybLEXZoEjDetaF4yKT73jszhgkMTboXedKCt4En1gUKV after 10 attempts: Key doesn't exist
[WARN] Manifest fetch returned error: Failed to fetch manifest: Failed to fetch manifest zDvZRwzkybLEXZoEjDetaF4yKT73jszhgkMTboXedKCt4En1gUKV after 10 attempts: Key doesn't exist
[WARN] Manifest fetch returned error: Failed to fetch manifest: Failed to fetch manifest zDvZRwzkybLEXZoEjDetaF4yKT73jszhgkMTboXedKCt4En1gUKV after 10 attempts: Key doesn't exist
[WARN] Manifest fetch returned error: Failed to fetch manifest: Failed to fetch manifest zDvZRwzkybLEXZoEjDetaF4yKT73jszhgkMTboXedKCt4En1gUKV after 10 attempts: Key doesn't exist
[WARN] Manifest fetch returned error: Failed to fetch manifest: Failed to fetch manifest zDvZRwzkybLEXZoEjDetaF4yKT73jszhgkMTboXedKCt4En1gUKV after 10 attempts: Key doesn't exist
[WARN] Manifest fetch returned error: Failed to fetch manifest: Failed to fetch manifest zDvZRwzkybLEXZoEjDetaF4yKT73jszhgkMTboXedKCt4En1gUKV after 10 attempts: Key doesn't exist
[WARN] Manifest fetch returned error: Failed to fetch manifest: Failed to fetch manifest zDvZRwzkybLEXZoEjDetaF4yKT73jszhgkMTboXedKCt4En1gUKV after 10 attempts: Key doesn't exist
[WARN] Manifest fetch returned error: Failed to fetch manifest: Failed to fetch manifest zDvZRwzkybLEXZoEjDetaF4yKT73jszhgkMTboXedKCt4En1gUKV after 10 attempts: Key doesn't exist
[WARN] Manifest fetch returned error: Failed to fetch manifest: Failed to fetch manifest zDvZRwzkybLEXZoEjDetaF4yKT73jszhgkMTboXedKCt4En1gUKV after 10 attempts: Key doesn't exist
[WARN] Manifest fetch returned error: Failed to fetch manifest: Failed to fetch manifest zDvZRwzkybLEXZoEjDetaF4yKT73jszhgkMTboXedKCt4En1gUKV after 10 attempts: Key doesn't exist
[INFO] Manifest fetch attempt 2/3 failed, waiting 5s for DHT peer discovery...
{"method":"downloadManifest","module":"storage_module","result":{"error":null,"success":true,"value":null},"status":"ok"}
[WARN] Manifest fetch returned error: Failed to fetch manifest: Failed to fetch manifest zDvZRwzkybLEXZoEjDetaF4yKT73jszhgkMTboXedKCt4En1gUKV after 10 attempts: Key doesn't exist
[WARN] Manifest fetch returned error: Failed to fetch manifest: Failed to fetch manifest zDvZRwzkybLEXZoEjDetaF4yKT73jszhgkMTboXedKCt4En1gUKV after 10 attempts: Key doesn't exist
[WARN] Manifest fetch returned error: Failed to fetch manifest: Failed to fetch manifest zDvZRwzkybLEXZoEjDetaF4yKT73jszhgkMTboXedKCt4En1gUKV after 10 attempts: Key doesn't exist
[WARN] Manifest fetch returned error: Failed to fetch manifest: Failed to fetch manifest zDvZRwzkybLEXZoEjDetaF4yKT73jszhgkMTboXedKCt4En1gUKV after 10 attempts: Key doesn't exist
[WARN] Manifest fetch returned error: Failed to fetch manifest: Failed to fetch manifest zDvZRwzkybLEXZoEjDetaF4yKT73jszhgkMTboXedKCt4En1gUKV after 10 attempts: Key doesn't exist
[WARN] Manifest fetch returned error: Failed to fetch manifest: Failed to fetch manifest zDvZRwzkybLEXZoEjDetaF4yKT73jszhgkMTboXedKCt4En1gUKV after 10 attempts: Key doesn't exist
[WARN] Manifest fetch returned error: Failed to fetch manifest: Failed to fetch manifest zDvZRwzkybLEXZoEjDetaF4yKT73jszhgkMTboXedKCt4En1gUKV after 10 attempts: Key doesn't exist
[WARN] Manifest fetch returned error: Failed to fetch manifest: Failed to fetch manifest zDvZRwzkybLEXZoEjDetaF4yKT73jszhgkMTboXedKCt4En1gUKV after 10 attempts: Key doesn't exist
[WARN] Manifest fetch returned error: Failed to fetch manifest: Failed to fetch manifest zDvZRwzkybLEXZoEjDetaF4yKT73jszhgkMTboXedKCt4En1gUKV after 10 attempts: Key doesn't exist
[WARN] Manifest fetch returned error: Failed to fetch manifest: Failed to fetch manifest zDvZRwzkybLEXZoEjDetaF4yKT73jszhgkMTboXedKCt4En1gUKV after 10 attempts: Key doesn't exist
[WARN] Manifest fetch returned error: Failed to fetch manifest: Failed to fetch manifest zDvZRwzkybLEXZoEjDetaF4yKT73jszhgkMTboXedKCt4En1gUKV after 10 attempts: Key doesn't exist
[WARN] Manifest fetch returned error: Failed to fetch manifest: Failed to fetch manifest zDvZRwzkybLEXZoEjDetaF4yKT73jszhgkMTboXedKCt4En1gUKV after 10 attempts: Key doesn't exist
[WARN] Manifest fetch returned error: Failed to fetch manifest: Failed to fetch manifest zDvZRwzkybLEXZoEjDetaF4yKT73jszhgkMTboXedKCt4En1gUKV after 10 attempts: Key doesn't exist
[WARN] Manifest fetch returned error: Failed to fetch manifest: Failed to fetch manifest zDvZRwzkybLEXZoEjDetaF4yKT73jszhgkMTboXedKCt4En1gUKV after 10 attempts: Key doesn't exist
[WARN] Manifest fetch returned error: Failed to fetch manifest: Failed to fetch manifest zDvZRwzkybLEXZoEjDetaF4yKT73jszhgkMTboXedKCt4En1gUKV after 10 attempts: Key doesn't exist
[WARN] Manifest fetch returned error: Failed to fetch manifest: Failed to fetch manifest zDvZRwzkybLEXZoEjDetaF4yKT73jszhgkMTboXedKCt4En1gUKV after 10 attempts: Key doesn't exist
[WARN] Manifest fetch returned error: Failed to fetch manifest: Failed to fetch manifest zDvZRwzkybLEXZoEjDetaF4yKT73jszhgkMTboXedKCt4En1gUKV after 10 attempts: Key doesn't exist
[INFO] Manifest fetch attempt 3/3 failed, waiting 5s for DHT peer discovery...
[WARN] Manifest not ready on attempt 2. Retrying with fresh daemon...
External retrieval attempt 3/3 for asia/iran (CID: zDvZRwzkybLEXZoEjDetaF4yKT73jszhgkMTboXedKCt4En1gUKV)...
Live VPS SPR: spr:CiUIAhIhA0DhJ1C6-HZQW8dqk8k90jLwB4qsts-jvsA5oZyT__uZEgID...
{"dependencies_loaded":[],"module":"storage_module","status":"ok","version":"2.1.3"}
{"method":"init","module":"storage_module","result":true,"status":"ok"}
{"method":"start","module":"storage_module","result":true,"status":"ok"}
{"method":"downloadManifest","module":"storage_module","result":{"error":null,"success":true,"value":null},"status":"ok"}
[WARN] Manifest fetch returned error: Failed to fetch manifest: Failed to fetch manifest zDvZRwzkybLEXZoEjDetaF4yKT73jszhgkMTboXedKCt4En1gUKV after 10 attempts: Key doesn't exist
[WARN] Manifest fetch returned error: Failed to fetch manifest: Failed to fetch manifest zDvZRwzkybLEXZoEjDetaF4yKT73jszhgkMTboXedKCt4En1gUKV after 10 attempts: Key doesn't exist
[WARN] Manifest fetch returned error: Failed to fetch manifest: Failed to fetch manifest zDvZRwzkybLEXZoEjDetaF4yKT73jszhgkMTboXedKCt4En1gUKV after 10 attempts: Key doesn't exist
[WARN] Manifest fetch returned error: Failed to fetch manifest: Failed to fetch manifest zDvZRwzkybLEXZoEjDetaF4yKT73jszhgkMTboXedKCt4En1gUKV after 10 attempts: Key doesn't exist
[WARN] Manifest fetch returned error: Failed to fetch manifest: Failed to fetch manifest zDvZRwzkybLEXZoEjDetaF4yKT73jszhgkMTboXedKCt4En1gUKV after 10 attempts: Key doesn't exist
[WARN] Manifest fetch returned error: Failed to fetch manifest: Failed to fetch manifest zDvZRwzkybLEXZoEjDetaF4yKT73jszhgkMTboXedKCt4En1gUKV after 10 attempts: Key doesn't exist
[WARN] Manifest fetch returned error: Failed to fetch manifest: Failed to fetch manifest zDvZRwzkybLEXZoEjDetaF4yKT73jszhgkMTboXedKCt4En1gUKV after 10 attempts: Key doesn't exist
[WARN] Manifest fetch returned error: Failed to fetch manifest: Failed to fetch manifest zDvZRwzkybLEXZoEjDetaF4yKT73jszhgkMTboXedKCt4En1gUKV after 10 attempts: Key doesn't exist
[WARN] Manifest fetch returned error: Failed to fetch manifest: Failed to fetch manifest zDvZRwzkybLEXZoEjDetaF4yKT73jszhgkMTboXedKCt4En1gUKV after 10 attempts: Key doesn't exist
[WARN] Manifest fetch returned error: Failed to fetch manifest: Failed to fetch manifest zDvZRwzkybLEXZoEjDetaF4yKT73jszhgkMTboXedKCt4En1gUKV after 10 attempts: Key doesn't exist
[WARN] Manifest fetch returned error: Failed to fetch manifest: Failed to fetch manifest zDvZRwzkybLEXZoEjDetaF4yKT73jszhgkMTboXedKCt4En1gUKV after 10 attempts: Key doesn't exist
[WARN] Manifest fetch returned error: Failed to fetch manifest: Failed to fetch manifest zDvZRwzkybLEXZoEjDetaF4yKT73jszhgkMTboXedKCt4En1gUKV after 10 attempts: Key doesn't exist
[WARN] Manifest fetch returned error: Failed to fetch manifest: Failed to fetch manifest zDvZRwzkybLEXZoEjDetaF4yKT73jszhgkMTboXedKCt4En1gUKV after 10 attempts: Key doesn't exist
[WARN] Manifest fetch returned error: Failed to fetch manifest: Failed to fetch manifest zDvZRwzkybLEXZoEjDetaF4yKT73jszhgkMTboXedKCt4En1gUKV after 10 attempts: Key doesn't exist
[WARN] Manifest fetch returned error: Failed to fetch manifest: Failed to fetch manifest zDvZRwzkybLEXZoEjDetaF4yKT73jszhgkMTboXedKCt4En1gUKV after 10 attempts: Key doesn't exist
[WARN] Manifest fetch returned error: Failed to fetch manifest: Failed to fetch manifest zDvZRwzkybLEXZoEjDetaF4yKT73jszhgkMTboXedKCt4En1gUKV after 10 attempts: Key doesn't exist
[WARN] Manifest fetch returned error: Failed to fetch manifest: Failed to fetch manifest zDvZRwzkybLEXZoEjDetaF4yKT73jszhgkMTboXedKCt4En1gUKV after 10 attempts: Key doesn't exist
[INFO] Manifest fetch attempt 1/3 failed, waiting 5s for DHT peer discovery...
{"method":"downloadManifest","module":"storage_module","result":{"error":null,"success":true,"value":null},"status":"ok"}
[WARN] Manifest fetch returned error: Failed to fetch manifest: Failed to fetch manifest zDvZRwzkybLEXZoEjDetaF4yKT73jszhgkMTboXedKCt4En1gUKV after 10 attempts: Key doesn't exist
[WARN] Manifest fetch returned error: Failed to fetch manifest: Failed to fetch manifest zDvZRwzkybLEXZoEjDetaF4yKT73jszhgkMTboXedKCt4En1gUKV after 10 attempts: Key doesn't exist
[WARN] Manifest fetch returned error: Failed to fetch manifest: Failed to fetch manifest zDvZRwzkybLEXZoEjDetaF4yKT73jszhgkMTboXedKCt4En1gUKV after 10 attempts: Key doesn't exist
[WARN] Manifest fetch returned error: Failed to fetch manifest: Failed to fetch manifest zDvZRwzkybLEXZoEjDetaF4yKT73jszhgkMTboXedKCt4En1gUKV after 10 attempts: Key doesn't exist
[WARN] Manifest fetch returned error: Failed to fetch manifest: Failed to fetch manifest zDvZRwzkybLEXZoEjDetaF4yKT73jszhgkMTboXedKCt4En1gUKV after 10 attempts: Key doesn't exist
[WARN] Manifest fetch returned error: Failed to fetch manifest: Failed to fetch manifest zDvZRwzkybLEXZoEjDetaF4yKT73jszhgkMTboXedKCt4En1gUKV after 10 attempts: Key doesn't exist
[WARN] Manifest fetch returned error: Failed to fetch manifest: Failed to fetch manifest zDvZRwzkybLEXZoEjDetaF4yKT73jszhgkMTboXedKCt4En1gUKV after 10 attempts: Key doesn't exist
[WARN] Manifest fetch returned error: Failed to fetch manifest: Failed to fetch manifest zDvZRwzkybLEXZoEjDetaF4yKT73jszhgkMTboXedKCt4En1gUKV after 10 attempts: Key doesn't exist
[WARN] Manifest fetch returned error: Failed to fetch manifest: Failed to fetch manifest zDvZRwzkybLEXZoEjDetaF4yKT73jszhgkMTboXedKCt4En1gUKV after 10 attempts: Key doesn't exist
[WARN] Manifest fetch returned error: Failed to fetch manifest: Failed to fetch manifest zDvZRwzkybLEXZoEjDetaF4yKT73jszhgkMTboXedKCt4En1gUKV after 10 attempts: Key doesn't exist
[WARN] Manifest fetch returned error: Failed to fetch manifest: Failed to fetch manifest zDvZRwzkybLEXZoEjDetaF4yKT73jszhgkMTboXedKCt4En1gUKV after 10 attempts: Key doesn't exist
[WARN] Manifest fetch returned error: Failed to fetch manifest: Failed to fetch manifest zDvZRwzkybLEXZoEjDetaF4yKT73jszhgkMTboXedKCt4En1gUKV after 10 attempts: Key doesn't exist
[WARN] Manifest fetch returned error: Failed to fetch manifest: Failed to fetch manifest zDvZRwzkybLEXZoEjDetaF4yKT73jszhgkMTboXedKCt4En1gUKV after 10 attempts: Key doesn't exist
[WARN] Manifest fetch returned error: Failed to fetch manifest: Failed to fetch manifest zDvZRwzkybLEXZoEjDetaF4yKT73jszhgkMTboXedKCt4En1gUKV after 10 attempts: Key doesn't exist
[WARN] Manifest fetch returned error: Failed to fetch manifest: Failed to fetch manifest zDvZRwzkybLEXZoEjDetaF4yKT73jszhgkMTboXedKCt4En1gUKV after 10 attempts: Key doesn't exist
[WARN] Manifest fetch returned error: Failed to fetch manifest: Failed to fetch manifest zDvZRwzkybLEXZoEjDetaF4yKT73jszhgkMTboXedKCt4En1gUKV after 10 attempts: Key doesn't exist
[WARN] Manifest fetch returned error: Failed to fetch manifest: Failed to fetch manifest zDvZRwzkybLEXZoEjDetaF4yKT73jszhgkMTboXedKCt4En1gUKV after 10 attempts: Key doesn't exist
[INFO] Manifest fetch attempt 2/3 failed, waiting 5s for DHT peer discovery...
{"method":"downloadManifest","module":"storage_module","result":{"error":null,"success":true,"value":null},"status":"ok"}
[WARN] Manifest fetch returned error: Failed to fetch manifest: Failed to fetch manifest zDvZRwzkybLEXZoEjDetaF4yKT73jszhgkMTboXedKCt4En1gUKV after 10 attempts: Key doesn't exist
[WARN] Manifest fetch returned error: Failed to fetch manifest: Failed to fetch manifest zDvZRwzkybLEXZoEjDetaF4yKT73jszhgkMTboXedKCt4En1gUKV after 10 attempts: Key doesn't exist
[WARN] Manifest fetch returned error: Failed to fetch manifest: Failed to fetch manifest zDvZRwzkybLEXZoEjDetaF4yKT73jszhgkMTboXedKCt4En1gUKV after 10 attempts: Key doesn't exist
[WARN] Manifest fetch returned error: Failed to fetch manifest: Failed to fetch manifest zDvZRwzkybLEXZoEjDetaF4yKT73jszhgkMTboXedKCt4En1gUKV after 10 attempts: Key doesn't exist
[WARN] Manifest fetch returned error: Failed to fetch manifest: Failed to fetch manifest zDvZRwzkybLEXZoEjDetaF4yKT73jszhgkMTboXedKCt4En1gUKV after 10 attempts: Key doesn't exist
[WARN] Manifest fetch returned error: Failed to fetch manifest: Failed to fetch manifest zDvZRwzkybLEXZoEjDetaF4yKT73jszhgkMTboXedKCt4En1gUKV after 10 attempts: Key doesn't exist
[WARN] Manifest fetch returned error: Failed to fetch manifest: Failed to fetch manifest zDvZRwzkybLEXZoEjDetaF4yKT73jszhgkMTboXedKCt4En1gUKV after 10 attempts: Key doesn't exist
[WARN] Manifest fetch returned error: Failed to fetch manifest: Failed to fetch manifest zDvZRwzkybLEXZoEjDetaF4yKT73jszhgkMTboXedKCt4En1gUKV after 10 attempts: Key doesn't exist
[WARN] Manifest fetch returned error: Failed to fetch manifest: Failed to fetch manifest zDvZRwzkybLEXZoEjDetaF4yKT73jszhgkMTboXedKCt4En1gUKV after 10 attempts: Key doesn't exist
[WARN] Manifest fetch returned error: Failed to fetch manifest: Failed to fetch manifest zDvZRwzkybLEXZoEjDetaF4yKT73jszhgkMTboXedKCt4En1gUKV after 10 attempts: Key doesn't exist
[WARN] Manifest fetch returned error: Failed to fetch manifest: Failed to fetch manifest zDvZRwzkybLEXZoEjDetaF4yKT73jszhgkMTboXedKCt4En1gUKV after 10 attempts: Key doesn't exist
[WARN] Manifest fetch returned error: Failed to fetch manifest: Failed to fetch manifest zDvZRwzkybLEXZoEjDetaF4yKT73jszhgkMTboXedKCt4En1gUKV after 10 attempts: Key doesn't exist
[WARN] Manifest fetch returned error: Failed to fetch manifest: Failed to fetch manifest zDvZRwzkybLEXZoEjDetaF4yKT73jszhgkMTboXedKCt4En1gUKV after 10 attempts: Key doesn't exist
[WARN] Manifest fetch returned error: Failed to fetch manifest: Failed to fetch manifest zDvZRwzkybLEXZoEjDetaF4yKT73jszhgkMTboXedKCt4En1gUKV after 10 attempts: Key doesn't exist
[WARN] Manifest fetch returned error: Failed to fetch manifest: Failed to fetch manifest zDvZRwzkybLEXZoEjDetaF4yKT73jszhgkMTboXedKCt4En1gUKV after 10 attempts: Key doesn't exist
[WARN] Manifest fetch returned error: Failed to fetch manifest: Failed to fetch manifest zDvZRwzkybLEXZoEjDetaF4yKT73jszhgkMTboXedKCt4En1gUKV after 10 attempts: Key doesn't exist
[WARN] Manifest fetch returned error: Failed to fetch manifest: Failed to fetch manifest zDvZRwzkybLEXZoEjDetaF4yKT73jszhgkMTboXedKCt4En1gUKV after 10 attempts: Key doesn't exist
[INFO] Manifest fetch attempt 3/3 failed, waiting 5s for DHT peer discovery...
[WARN] Manifest not ready on attempt 3. Retrying with fresh daemon...
Traceback (most recent call last):
  File "/mnt/c/Users/Aftab/Desktop/atlasmirror/scripts/run_a1_coverage.py", line 906, in <module>
    main()
    ~~~~^^
  File "/mnt/c/Users/Aftab/Desktop/atlasmirror/scripts/run_a1_coverage.py", line 771, in main
    assert retrieved_file.exists(), f"External retrieval failed: {retrieved_file} not created for {reg_name}!"
           ~~~~~~~~~~~~~~~~~~~~~^^
AssertionError: External retrieval failed: /root/a1_client/retrieved.osm.pbf not created for asia/iran!
================================================================================
LP-0018 A1 COVERAGE PIPELINE EXECUTION
================================================================================

--- Preflight: Checking VPS & Local Disk Space ---
VPS Available Disk Space: 66 GB
VPS Storage Node SPR: spr:CiUIAhIhA0DhJ1C6-HZQW8dqk8k90jLwB4qsts-jvsA5oZyT__uZEgIDARo7CicAJQgCEiEDQOEnULr4dlBbx2qTyT3SMvAHiqy2z6O-wDmhnJP_-5kQ-9PD1QYaCgoIBMfnu2EGH4YqRjBEAiAZe4zjCSXGiHeUhgLkgAnvxrsKc06MFJKLMb3l9vKmwAIgecYQvWrdu1UJgrlgl1j8Q-ijQHRwL-Ltj-BC97cLgNQ

[Entry 1/25] china/henan (China) verified from prior canonical testnet deployment.
Loaded 5 existing entries from /mnt/c/Users/Aftab/Desktop/atlasmirror/evidence/a1-coverage-manifest.json
[GIT] Committed progress locally: feat(coverage): verified 5/25 regions (africa/egypt)
[2/25] Region africa/ethiopia (Ethiopia) already verified in manifest. Skipping.
[3/25] Region asia/pakistan (Pakistan) already verified in manifest. Skipping.
[4/25] Region europe/bulgaria (Bulgaria) already verified in manifest. Skipping.
[5/25] Region africa/egypt (Egypt) already verified in manifest. Skipping.

================================================================================
[6/25] Processing Region: asia/iran (Iran)
================================================================================
Fetching published MD5 from https://download.geofabrik.de/asia/iran-latest.osm.pbf.md5...
Published MD5: e503562d3826bec67e6f87b899da4098
Truthful Source Version/Date: 2026-09-20
Checking existing local PBF /mnt/c/Users/Aftab/Desktop/atlasmirror/test_data/a1_work/asia_iran-latest.osm.pbf...
✅ Existing local PBF matches live published MD5! Skipping download.
Downloaded Size: 229501907 bytes (218.87 MB)
Computed MD5:    e503562d3826bec67e6f87b899da4098
✅ Geofabrik MD5 verified!
Staging file already on VPS with exact size (229501907 bytes). Skipping SCP.
Candidate Logos Storage CID: zDvZRwzkybLEXZoEjDetaF4yKT73jszhgkMTboXedKCt4En1gUKV

[Integrity Gate] Executing independent external retrieval for CID zDvZRwzkybLEXZoEjDetaF4yKT73jszhgkMTboXedKCt4En1gUKV before on-chain registration...
External retrieval attempt 1/3 for asia/iran (CID: zDvZRwzkybLEXZoEjDetaF4yKT73jszhgkMTboXedKCt4En1gUKV)...
Live VPS SPR: spr:CiUIAhIhA0DhJ1C6-HZQW8dqk8k90jLwB4qsts-jvsA5oZyT__uZEgID...
{"dependencies_loaded":[],"module":"storage_module","status":"ok","version":"2.1.3"}
{"method":"init","module":"storage_module","result":true,"status":"ok"}
{"method":"start","module":"storage_module","result":true,"status":"ok"}
{"method":"downloadManifest","module":"storage_module","result":{"error":null,"success":true,"value":null},"status":"ok"}
✅ Manifest downloaded and verified in local cache!
{"method":"downloadToUrl","module":"storage_module","result":{"error":null,"success":true,"value":"zDvZRwzkybLEXZoEjDetaF4yKT73jszhgkMTboXedKCt4En1gUKV"},"status":"ok"}
[0s] Download progress: 0.0 MB / 218.9 MB (0.0%)
[15s] Download progress: 1.0 MB / 218.9 MB (0.5%)
[30s] Download progress: 3.0 MB / 218.9 MB (1.4%)
[45s] Download progress: 6.0 MB / 218.9 MB (2.7%)
[60s] Download progress: 9.0 MB / 218.9 MB (4.1%)
[75s] Download progress: 12.0 MB / 218.9 MB (5.5%)
[90s] Download progress: 17.0 MB / 218.9 MB (7.8%)
[105s] Download progress: 21.0 MB / 218.9 MB (9.6%)
[120s] Download progress: 26.0 MB / 218.9 MB (11.9%)
[135s] Download progress: 31.0 MB / 218.9 MB (14.2%)
[150s] Download progress: 35.0 MB / 218.9 MB (16.0%)
[165s] Download progress: 38.0 MB / 218.9 MB (17.4%)
[180s] Download progress: 40.0 MB / 218.9 MB (18.3%)
[195s] Download progress: 43.0 MB / 218.9 MB (19.6%)
[210s] Download progress: 46.0 MB / 218.9 MB (21.0%)
[225s] Download progress: 49.0 MB / 218.9 MB (22.4%)
[240s] Download progress: 52.0 MB / 218.9 MB (23.8%)
[255s] Download progress: 55.0 MB / 218.9 MB (25.1%)
[270s] Download progress: 61.0 MB / 218.9 MB (27.9%)
[285s] Download progress: 66.0 MB / 218.9 MB (30.2%)
[300s] Download progress: 72.0 MB / 218.9 MB (32.9%)
[315s] Download progress: 76.0 MB / 218.9 MB (34.7%)
[330s] Download progress: 82.0 MB / 218.9 MB (37.5%)
[345s] Download progress: 87.0 MB / 218.9 MB (39.7%)
[360s] Download progress: 91.0 MB / 218.9 MB (41.6%)
[375s] Download progress: 96.0 MB / 218.9 MB (43.9%)
[390s] Download progress: 101.0 MB / 218.9 MB (46.1%)
[405s] Download progress: 106.0 MB / 218.9 MB (48.4%)
[420s] Download progress: 112.0 MB / 218.9 MB (51.2%)
[435s] Download progress: 116.0 MB / 218.9 MB (53.0%)
[450s] Download progress: 122.0 MB / 218.9 MB (55.7%)
[465s] Download progress: 125.0 MB / 218.9 MB (57.1%)
[480s] Download progress: 130.0 MB / 218.9 MB (59.4%)
[495s] Download progress: 134.0 MB / 218.9 MB (61.2%)
[510s] Download progress: 139.0 MB / 218.9 MB (63.5%)
[525s] Download progress: 143.0 MB / 218.9 MB (65.3%)
[540s] Download progress: 148.0 MB / 218.9 MB (67.6%)
[555s] Download progress: 154.0 MB / 218.9 MB (70.4%)
[570s] Download progress: 159.0 MB / 218.9 MB (72.6%)
[585s] Download progress: 164.0 MB / 218.9 MB (74.9%)
[600s] Download progress: 169.0 MB / 218.9 MB (77.2%)
[615s] Download progress: 170.0 MB / 218.9 MB (77.7%)
[630s] Download progress: 175.0 MB / 218.9 MB (80.0%)
[645s] Download progress: 179.0 MB / 218.9 MB (81.8%)
[660s] Download progress: 182.0 MB / 218.9 MB (83.2%)
[675s] Download progress: 185.0 MB / 218.9 MB (84.5%)
[690s] Download progress: 188.0 MB / 218.9 MB (85.9%)
[705s] Download progress: 191.0 MB / 218.9 MB (87.3%)
[720s] Download progress: 194.0 MB / 218.9 MB (88.6%)
[735s] Download progress: 198.0 MB / 218.9 MB (90.5%)
[750s] Download progress: 201.0 MB / 218.9 MB (91.8%)
[765s] Download progress: 204.0 MB / 218.9 MB (93.2%)
[780s] Download progress: 207.0 MB / 218.9 MB (94.6%)
[795s] Download progress: 211.0 MB / 218.9 MB (96.4%)
[810s] Download progress: 214.0 MB / 218.9 MB (97.8%)
[825s] Download progress: 217.0 MB / 218.9 MB (99.1%)
External retrieval complete: 229501907/229501907 bytes (831s)
Retrieved Size: 229501907 (Expected: 229501907)
Retrieved MD5:  e503562d3826bec67e6f87b899da4098 (Expected: e503562d3826bec67e6f87b899da4098)
✅ CID zDvZRwzkybLEXZoEjDetaF4yKT73jszhgkMTboXedKCt4En1gUKV CRYPTOGRAPHICALLY PROVEN: 100% MD5 MATCH WITH GEOFABRIK!

Registering/updating asia/iran on Canonical Logos Testnet (account T8T4nfBcLDNUycWNQ4SyrvsduRZZ8Uxk5XSzS2XMvci)...
Registration parameters: CID=zDvZRwzkybLEXZoEjDetaF4yKT73jszhgkMTboXedKCt4En1gUKV, MD5=e503562d3826bec67e6f87b899da4098, Version=2026-09-20, Timestamp=1789980029
On-chain submission attempt 1/3 for asia/iran...
Program ID: [1108401340, 224902513, 3719279011, 2256696779, 2279479750, 2288278838, 1677050569, 1334542228]
Building RegisterRegion instruction: RegisterRegionArgs { region: "asia/iran", parent: Some("asia"), level: Subregion, cid: "zDvZRwzkybLEXZoEjDetaF4yKT73jszhgkMTboXedKCt4En1gUKV", source_url: "https://download.geofabrik.de/asia/iran-latest.osm.pbf", checksum: "e503562d3826bec67e6f87b899da4098", version: "2026-09-20", hosted: true, timestamp: 1789980029 }
Transaction submitted! Hash: b0cc4522d8e4c77c85ae1e577f9c5ac65401898b53faf5c7f1acd57d4a419a59
Polling for transaction finalization...
Transaction hash is b0cc4522d8e4c77c85ae1e577f9c5ac65401898b53faf5c7f1acd57d4a419a59
Transaction is included in block 18390
Transaction data is Public(PublicTransaction { message: Message { program_id: "bcdc104271bd670da3b1afddcb758286c619de87365d6488c9c2f563947f8b4f", account_ids: [T8T4nfBcLDNUycWNQ4SyrvsduRZZ8Uxk5XSzS2XMvci], nonces: [Nonce(7)], instruction_data: [1, 9, 1634300769, 1634887983, 110, 1, 4, 1634300769, 1, 52, 1517700218, 1803188050, 1162633849, 1164925528, 1952793706, 2033469025, 859264075, 1752855402, 1414359911, 1700294498, 1950567268, 829310260, 1447777639, 54, 1886680168, 791624307, 1853321060, 1684107116, 1868916526, 1919050086, 1680763753, 1935748965, 1764712809, 762208626, 1702125932, 1865315443, 1882090867, 26210, 32, 858797413, 1681012277, 909260851, 912483682, 1714840887, 945960760, 1633958201, 943271988, 10, 909258802, 758722605, 12338, 1, 1789980029, 0] }, witness_set: WitnessSet { signatures_and_public_keys: [(e311dc05170f3d61f3f4608e7d623c0dccaa376d6b2775897b5e138164e3bdd591b3dcba8655c825ee3cbfa65dbe1c4fabcc1e2d1f729a1ad090153931f3ff6b, 922b3959aead75f725bc70b319bc7733350630b8d1cc14aa366b917b785554da)] } })
Stored persistent accounts at /root/.lee/wallet-testnet-compatible/storage.json
Transaction finalized successfully! Result: TransactionExecuted { tx_hash: b0cc4522d8e4c77c85ae1e577f9c5ac65401898b53faf5c7f1acd57d4a419a59 }

✅ On-chain registration/update confirmed! Tx: b0cc4522d8e4c77c85ae1e577f9c5ac65401898b53faf5c7f1acd57d4a419a59, Block: 18390
✅ Canonical on-chain query verified!
[GIT] Committed progress locally: feat(coverage): verified 6/25 regions (asia/iran)
✅ Region asia/iran verified and added to manifest (6/25).

================================================================================
[7/25] Processing Region: africa/morocco (Morocco)
================================================================================
Fetching published MD5 from https://download.geofabrik.de/africa/morocco-latest.osm.pbf.md5...
Published MD5: ac60aed8b36bac264f2c17c89a584b94
Truthful Source Version/Date: 2026-09-20
Downloading https://download.geofabrik.de/africa/morocco-latest.osm.pbf...
Download finished in 170.3s
Downloaded Size: 243471217 bytes (232.19 MB)
Computed MD5:    ac60aed8b36bac264f2c17c89a584b94
✅ Geofabrik MD5 verified!
Transferring to VPS: /root/atlasmirror_vps/staging_africa_morocco.osm.pbf...
Uploading to VPS Logos Storage...
uploadUrl response: {"method":"uploadUrl","module":"storage_module","result":{"error":null,"success":true,"value":"7"},"status":"ok"}
Waiting for VPS block ingestion to complete...
VPS block ingestion finished at 2604 blocks.
Candidate Logos Storage CID: zDvZRwzmD3VCUxT9UqAh7mXpT4XmWarwKBFR6p2eRiY7PxjQg3kt

[Integrity Gate] Executing independent external retrieval for CID zDvZRwzmD3VCUxT9UqAh7mXpT4XmWarwKBFR6p2eRiY7PxjQg3kt before on-chain registration...
External retrieval attempt 1/3 for africa/morocco (CID: zDvZRwzmD3VCUxT9UqAh7mXpT4XmWarwKBFR6p2eRiY7PxjQg3kt)...
Live VPS SPR: spr:CiUIAhIhA0DhJ1C6-HZQW8dqk8k90jLwB4qsts-jvsA5oZyT__uZEgID...
{"dependencies_loaded":[],"module":"storage_module","status":"ok","version":"2.1.3"}
{"method":"init","module":"storage_module","result":true,"status":"ok"}
{"method":"start","module":"storage_module","result":true,"status":"ok"}
{"method":"downloadManifest","module":"storage_module","result":{"error":null,"success":true,"value":null},"status":"ok"}
[WARN] Manifest fetch returned error: Failed to fetch manifest: Failed to fetch manifest zDvZRwzmD3VCUxT9UqAh7mXpT4XmWarwKBFR6p2eRiY7PxjQg3kt after 10 attempts: Key doesn't exist
[WARN] Manifest fetch returned error: Failed to fetch manifest: Failed to fetch manifest zDvZRwzmD3VCUxT9UqAh7mXpT4XmWarwKBFR6p2eRiY7PxjQg3kt after 10 attempts: Key doesn't exist
[WARN] Manifest fetch returned error: Failed to fetch manifest: Failed to fetch manifest zDvZRwzmD3VCUxT9UqAh7mXpT4XmWarwKBFR6p2eRiY7PxjQg3kt after 10 attempts: Key doesn't exist
[WARN] Manifest fetch returned error: Failed to fetch manifest: Failed to fetch manifest zDvZRwzmD3VCUxT9UqAh7mXpT4XmWarwKBFR6p2eRiY7PxjQg3kt after 10 attempts: Key doesn't exist
[WARN] Manifest fetch returned error: Failed to fetch manifest: Failed to fetch manifest zDvZRwzmD3VCUxT9UqAh7mXpT4XmWarwKBFR6p2eRiY7PxjQg3kt after 10 attempts: Key doesn't exist
[WARN] Manifest fetch returned error: Failed to fetch manifest: Failed to fetch manifest zDvZRwzmD3VCUxT9UqAh7mXpT4XmWarwKBFR6p2eRiY7PxjQg3kt after 10 attempts: Key doesn't exist
[WARN] Manifest fetch returned error: Failed to fetch manifest: Failed to fetch manifest zDvZRwzmD3VCUxT9UqAh7mXpT4XmWarwKBFR6p2eRiY7PxjQg3kt after 10 attempts: Key doesn't exist
[WARN] Manifest fetch returned error: Failed to fetch manifest: Failed to fetch manifest zDvZRwzmD3VCUxT9UqAh7mXpT4XmWarwKBFR6p2eRiY7PxjQg3kt after 10 attempts: Key doesn't exist
[WARN] Manifest fetch returned error: Failed to fetch manifest: Failed to fetch manifest zDvZRwzmD3VCUxT9UqAh7mXpT4XmWarwKBFR6p2eRiY7PxjQg3kt after 10 attempts: Key doesn't exist
[WARN] Manifest fetch returned error: Failed to fetch manifest: Failed to fetch manifest zDvZRwzmD3VCUxT9UqAh7mXpT4XmWarwKBFR6p2eRiY7PxjQg3kt after 10 attempts: Key doesn't exist
[WARN] Manifest fetch returned error: Failed to fetch manifest: Failed to fetch manifest zDvZRwzmD3VCUxT9UqAh7mXpT4XmWarwKBFR6p2eRiY7PxjQg3kt after 10 attempts: Key doesn't exist
[WARN] Manifest fetch returned error: Failed to fetch manifest: Failed to fetch manifest zDvZRwzmD3VCUxT9UqAh7mXpT4XmWarwKBFR6p2eRiY7PxjQg3kt after 10 attempts: Key doesn't exist
[WARN] Manifest fetch returned error: Failed to fetch manifest: Failed to fetch manifest zDvZRwzmD3VCUxT9UqAh7mXpT4XmWarwKBFR6p2eRiY7PxjQg3kt after 10 attempts: Key doesn't exist
[WARN] Manifest fetch returned error: Failed to fetch manifest: Failed to fetch manifest zDvZRwzmD3VCUxT9UqAh7mXpT4XmWarwKBFR6p2eRiY7PxjQg3kt after 10 attempts: Key doesn't exist
[WARN] Manifest fetch returned error: Failed to fetch manifest: Failed to fetch manifest zDvZRwzmD3VCUxT9UqAh7mXpT4XmWarwKBFR6p2eRiY7PxjQg3kt after 10 attempts: Key doesn't exist
[WARN] Manifest fetch returned error: Failed to fetch manifest: Failed to fetch manifest zDvZRwzmD3VCUxT9UqAh7mXpT4XmWarwKBFR6p2eRiY7PxjQg3kt after 10 attempts: Key doesn't exist
[WARN] Manifest fetch returned error: Failed to fetch manifest: Failed to fetch manifest zDvZRwzmD3VCUxT9UqAh7mXpT4XmWarwKBFR6p2eRiY7PxjQg3kt after 10 attempts: Key doesn't exist
[INFO] Manifest fetch attempt 1/5 failed, waiting 10s for DHT peer discovery...
{"method":"downloadManifest","module":"storage_module","result":{"error":null,"success":true,"value":null},"status":"ok"}
[WARN] Manifest fetch returned error: Failed to fetch manifest: Failed to fetch manifest zDvZRwzmD3VCUxT9UqAh7mXpT4XmWarwKBFR6p2eRiY7PxjQg3kt after 10 attempts: Key doesn't exist
[WARN] Manifest fetch returned error: Failed to fetch manifest: Failed to fetch manifest zDvZRwzmD3VCUxT9UqAh7mXpT4XmWarwKBFR6p2eRiY7PxjQg3kt after 10 attempts: Key doesn't exist
[WARN] Manifest fetch returned error: Failed to fetch manifest: Failed to fetch manifest zDvZRwzmD3VCUxT9UqAh7mXpT4XmWarwKBFR6p2eRiY7PxjQg3kt after 10 attempts: Key doesn't exist
[WARN] Manifest fetch returned error: Failed to fetch manifest: Failed to fetch manifest zDvZRwzmD3VCUxT9UqAh7mXpT4XmWarwKBFR6p2eRiY7PxjQg3kt after 10 attempts: Key doesn't exist
[WARN] Manifest fetch returned error: Failed to fetch manifest: Failed to fetch manifest zDvZRwzmD3VCUxT9UqAh7mXpT4XmWarwKBFR6p2eRiY7PxjQg3kt after 10 attempts: Key doesn't exist
[WARN] Manifest fetch returned error: Failed to fetch manifest: Failed to fetch manifest zDvZRwzmD3VCUxT9UqAh7mXpT4XmWarwKBFR6p2eRiY7PxjQg3kt after 10 attempts: Key doesn't exist
[WARN] Manifest fetch returned error: Failed to fetch manifest: Failed to fetch manifest zDvZRwzmD3VCUxT9UqAh7mXpT4XmWarwKBFR6p2eRiY7PxjQg3kt after 10 attempts: Key doesn't exist
[WARN] Manifest fetch returned error: Failed to fetch manifest: Failed to fetch manifest zDvZRwzmD3VCUxT9UqAh7mXpT4XmWarwKBFR6p2eRiY7PxjQg3kt after 10 attempts: Key doesn't exist
[WARN] Manifest fetch returned error: Failed to fetch manifest: Failed to fetch manifest zDvZRwzmD3VCUxT9UqAh7mXpT4XmWarwKBFR6p2eRiY7PxjQg3kt after 10 attempts: Key doesn't exist
[WARN] Manifest fetch returned error: Failed to fetch manifest: Failed to fetch manifest zDvZRwzmD3VCUxT9UqAh7mXpT4XmWarwKBFR6p2eRiY7PxjQg3kt after 10 attempts: Key doesn't exist
[WARN] Manifest fetch returned error: Failed to fetch manifest: Failed to fetch manifest zDvZRwzmD3VCUxT9UqAh7mXpT4XmWarwKBFR6p2eRiY7PxjQg3kt after 10 attempts: Key doesn't exist
[WARN] Manifest fetch returned error: Failed to fetch manifest: Failed to fetch manifest zDvZRwzmD3VCUxT9UqAh7mXpT4XmWarwKBFR6p2eRiY7PxjQg3kt after 10 attempts: Key doesn't exist
[WARN] Manifest fetch returned error: Failed to fetch manifest: Failed to fetch manifest zDvZRwzmD3VCUxT9UqAh7mXpT4XmWarwKBFR6p2eRiY7PxjQg3kt after 10 attempts: Key doesn't exist
[WARN] Manifest fetch returned error: Failed to fetch manifest: Failed to fetch manifest zDvZRwzmD3VCUxT9UqAh7mXpT4XmWarwKBFR6p2eRiY7PxjQg3kt after 10 attempts: Key doesn't exist
[WARN] Manifest fetch returned error: Failed to fetch manifest: Failed to fetch manifest zDvZRwzmD3VCUxT9UqAh7mXpT4XmWarwKBFR6p2eRiY7PxjQg3kt after 10 attempts: Key doesn't exist
[WARN] Manifest fetch returned error: Failed to fetch manifest: Failed to fetch manifest zDvZRwzmD3VCUxT9UqAh7mXpT4XmWarwKBFR6p2eRiY7PxjQg3kt after 10 attempts: Key doesn't exist
[WARN] Manifest fetch returned error: Failed to fetch manifest: Failed to fetch manifest zDvZRwzmD3VCUxT9UqAh7mXpT4XmWarwKBFR6p2eRiY7PxjQg3kt after 10 attempts: Key doesn't exist
[INFO] Manifest fetch attempt 2/5 failed, waiting 10s for DHT peer discovery...
{"method":"downloadManifest","module":"storage_module","result":{"error":null,"success":true,"value":null},"status":"ok"}
[WARN] Manifest fetch returned error: Failed to fetch manifest: Failed to fetch manifest zDvZRwzmD3VCUxT9UqAh7mXpT4XmWarwKBFR6p2eRiY7PxjQg3kt after 10 attempts: Key doesn't exist
[WARN] Manifest fetch returned error: Failed to fetch manifest: Failed to fetch manifest zDvZRwzmD3VCUxT9UqAh7mXpT4XmWarwKBFR6p2eRiY7PxjQg3kt after 10 attempts: Key doesn't exist
[WARN] Manifest fetch returned error: Failed to fetch manifest: Failed to fetch manifest zDvZRwzmD3VCUxT9UqAh7mXpT4XmWarwKBFR6p2eRiY7PxjQg3kt after 10 attempts: Key doesn't exist
[WARN] Manifest fetch returned error: Failed to fetch manifest: Failed to fetch manifest zDvZRwzmD3VCUxT9UqAh7mXpT4XmWarwKBFR6p2eRiY7PxjQg3kt after 10 attempts: Key doesn't exist
[WARN] Manifest fetch returned error: Failed to fetch manifest: Failed to fetch manifest zDvZRwzmD3VCUxT9UqAh7mXpT4XmWarwKBFR6p2eRiY7PxjQg3kt after 10 attempts: Key doesn't exist
[WARN] Manifest fetch returned error: Failed to fetch manifest: Failed to fetch manifest zDvZRwzmD3VCUxT9UqAh7mXpT4XmWarwKBFR6p2eRiY7PxjQg3kt after 10 attempts: Key doesn't exist
[WARN] Manifest fetch returned error: Failed to fetch manifest: Failed to fetch manifest zDvZRwzmD3VCUxT9UqAh7mXpT4XmWarwKBFR6p2eRiY7PxjQg3kt after 10 attempts: Key doesn't exist
[WARN] Manifest fetch returned error: Failed to fetch manifest: Failed to fetch manifest zDvZRwzmD3VCUxT9UqAh7mXpT4XmWarwKBFR6p2eRiY7PxjQg3kt after 10 attempts: Key doesn't exist
[WARN] Manifest fetch returned error: Failed to fetch manifest: Failed to fetch manifest zDvZRwzmD3VCUxT9UqAh7mXpT4XmWarwKBFR6p2eRiY7PxjQg3kt after 10 attempts: Key doesn't exist
[WARN] Manifest fetch returned error: Failed to fetch manifest: Failed to fetch manifest zDvZRwzmD3VCUxT9UqAh7mXpT4XmWarwKBFR6p2eRiY7PxjQg3kt after 10 attempts: Key doesn't exist
[WARN] Manifest fetch returned error: Failed to fetch manifest: Failed to fetch manifest zDvZRwzmD3VCUxT9UqAh7mXpT4XmWarwKBFR6p2eRiY7PxjQg3kt after 10 attempts: Key doesn't exist
[WARN] Manifest fetch returned error: Failed to fetch manifest: Failed to fetch manifest zDvZRwzmD3VCUxT9UqAh7mXpT4XmWarwKBFR6p2eRiY7PxjQg3kt after 10 attempts: Key doesn't exist
[WARN] Manifest fetch returned error: Failed to fetch manifest: Failed to fetch manifest zDvZRwzmD3VCUxT9UqAh7mXpT4XmWarwKBFR6p2eRiY7PxjQg3kt after 10 attempts: Key doesn't exist
[WARN] Manifest fetch returned error: Failed to fetch manifest: Failed to fetch manifest zDvZRwzmD3VCUxT9UqAh7mXpT4XmWarwKBFR6p2eRiY7PxjQg3kt after 10 attempts: Key doesn't exist
[WARN] Manifest fetch returned error: Failed to fetch manifest: Failed to fetch manifest zDvZRwzmD3VCUxT9UqAh7mXpT4XmWarwKBFR6p2eRiY7PxjQg3kt after 10 attempts: Key doesn't exist
[WARN] Manifest fetch returned error: Failed to fetch manifest: Failed to fetch manifest zDvZRwzmD3VCUxT9UqAh7mXpT4XmWarwKBFR6p2eRiY7PxjQg3kt after 10 attempts: Key doesn't exist
[WARN] Manifest fetch returned error: Failed to fetch manifest: Failed to fetch manifest zDvZRwzmD3VCUxT9UqAh7mXpT4XmWarwKBFR6p2eRiY7PxjQg3kt after 10 attempts: Key doesn't exist
[INFO] Manifest fetch attempt 3/5 failed, waiting 10s for DHT peer discovery...
{"method":"downloadManifest","module":"storage_module","result":{"error":null,"success":true,"value":null},"status":"ok"}
[WARN] Manifest fetch returned error: Failed to fetch manifest: Failed to fetch manifest zDvZRwzmD3VCUxT9UqAh7mXpT4XmWarwKBFR6p2eRiY7PxjQg3kt after 10 attempts: Key doesn't exist
[WARN] Manifest fetch returned error: Failed to fetch manifest: Failed to fetch manifest zDvZRwzmD3VCUxT9UqAh7mXpT4XmWarwKBFR6p2eRiY7PxjQg3kt after 10 attempts: Key doesn't exist
[WARN] Manifest fetch returned error: Failed to fetch manifest: Failed to fetch manifest zDvZRwzmD3VCUxT9UqAh7mXpT4XmWarwKBFR6p2eRiY7PxjQg3kt after 10 attempts: Key doesn't exist
[WARN] Manifest fetch returned error: Failed to fetch manifest: Failed to fetch manifest zDvZRwzmD3VCUxT9UqAh7mXpT4XmWarwKBFR6p2eRiY7PxjQg3kt after 10 attempts: Key doesn't exist
[WARN] Manifest fetch returned error: Failed to fetch manifest: Failed to fetch manifest zDvZRwzmD3VCUxT9UqAh7mXpT4XmWarwKBFR6p2eRiY7PxjQg3kt after 10 attempts: Key doesn't exist
[WARN] Manifest fetch returned error: Failed to fetch manifest: Failed to fetch manifest zDvZRwzmD3VCUxT9UqAh7mXpT4XmWarwKBFR6p2eRiY7PxjQg3kt after 10 attempts: Key doesn't exist
[WARN] Manifest fetch returned error: Failed to fetch manifest: Failed to fetch manifest zDvZRwzmD3VCUxT9UqAh7mXpT4XmWarwKBFR6p2eRiY7PxjQg3kt after 10 attempts: Key doesn't exist
[WARN] Manifest fetch returned error: Failed to fetch manifest: Failed to fetch manifest zDvZRwzmD3VCUxT9UqAh7mXpT4XmWarwKBFR6p2eRiY7PxjQg3kt after 10 attempts: Key doesn't exist
[WARN] Manifest fetch returned error: Failed to fetch manifest: Failed to fetch manifest zDvZRwzmD3VCUxT9UqAh7mXpT4XmWarwKBFR6p2eRiY7PxjQg3kt after 10 attempts: Key doesn't exist
[WARN] Manifest fetch returned error: Failed to fetch manifest: Failed to fetch manifest zDvZRwzmD3VCUxT9UqAh7mXpT4XmWarwKBFR6p2eRiY7PxjQg3kt after 10 attempts: Key doesn't exist
[WARN] Manifest fetch returned error: Failed to fetch manifest: Failed to fetch manifest zDvZRwzmD3VCUxT9UqAh7mXpT4XmWarwKBFR6p2eRiY7PxjQg3kt after 10 attempts: Key doesn't exist
[WARN] Manifest fetch returned error: Failed to fetch manifest: Failed to fetch manifest zDvZRwzmD3VCUxT9UqAh7mXpT4XmWarwKBFR6p2eRiY7PxjQg3kt after 10 attempts: Key doesn't exist
[WARN] Manifest fetch returned error: Failed to fetch manifest: Failed to fetch manifest zDvZRwzmD3VCUxT9UqAh7mXpT4XmWarwKBFR6p2eRiY7PxjQg3kt after 10 attempts: Key doesn't exist
[WARN] Manifest fetch returned error: Failed to fetch manifest: Failed to fetch manifest zDvZRwzmD3VCUxT9UqAh7mXpT4XmWarwKBFR6p2eRiY7PxjQg3kt after 10 attempts: Key doesn't exist
[WARN] Manifest fetch returned error: Failed to fetch manifest: Failed to fetch manifest zDvZRwzmD3VCUxT9UqAh7mXpT4XmWarwKBFR6p2eRiY7PxjQg3kt after 10 attempts: Key doesn't exist
[WARN] Manifest fetch returned error: Failed to fetch manifest: Failed to fetch manifest zDvZRwzmD3VCUxT9UqAh7mXpT4XmWarwKBFR6p2eRiY7PxjQg3kt after 10 attempts: Key doesn't exist
[WARN] Manifest fetch returned error: Failed to fetch manifest: Failed to fetch manifest zDvZRwzmD3VCUxT9UqAh7mXpT4XmWarwKBFR6p2eRiY7PxjQg3kt after 10 attempts: Key doesn't exist
[INFO] Manifest fetch attempt 4/5 failed, waiting 10s for DHT peer discovery...
{"method":"downloadManifest","module":"storage_module","result":{"error":null,"success":true,"value":null},"status":"ok"}
[WARN] Manifest fetch returned error: Failed to fetch manifest: Failed to fetch manifest zDvZRwzmD3VCUxT9UqAh7mXpT4XmWarwKBFR6p2eRiY7PxjQg3kt after 10 attempts: Key doesn't exist
[WARN] Manifest fetch returned error: Failed to fetch manifest: Failed to fetch manifest zDvZRwzmD3VCUxT9UqAh7mXpT4XmWarwKBFR6p2eRiY7PxjQg3kt after 10 attempts: Key doesn't exist
[WARN] Manifest fetch returned error: Failed to fetch manifest: Failed to fetch manifest zDvZRwzmD3VCUxT9UqAh7mXpT4XmWarwKBFR6p2eRiY7PxjQg3kt after 10 attempts: Key doesn't exist
[WARN] Manifest fetch returned error: Failed to fetch manifest: Failed to fetch manifest zDvZRwzmD3VCUxT9UqAh7mXpT4XmWarwKBFR6p2eRiY7PxjQg3kt after 10 attempts: Key doesn't exist
[WARN] Manifest fetch returned error: Failed to fetch manifest: Failed to fetch manifest zDvZRwzmD3VCUxT9UqAh7mXpT4XmWarwKBFR6p2eRiY7PxjQg3kt after 10 attempts: Key doesn't exist
[WARN] Manifest fetch returned error: Failed to fetch manifest: Failed to fetch manifest zDvZRwzmD3VCUxT9UqAh7mXpT4XmWarwKBFR6p2eRiY7PxjQg3kt after 10 attempts: Key doesn't exist
[WARN] Manifest fetch returned error: Failed to fetch manifest: Failed to fetch manifest zDvZRwzmD3VCUxT9UqAh7mXpT4XmWarwKBFR6p2eRiY7PxjQg3kt after 10 attempts: Key doesn't exist
[WARN] Manifest fetch returned error: Failed to fetch manifest: Failed to fetch manifest zDvZRwzmD3VCUxT9UqAh7mXpT4XmWarwKBFR6p2eRiY7PxjQg3kt after 10 attempts: Key doesn't exist
[WARN] Manifest fetch returned error: Failed to fetch manifest: Failed to fetch manifest zDvZRwzmD3VCUxT9UqAh7mXpT4XmWarwKBFR6p2eRiY7PxjQg3kt after 10 attempts: Key doesn't exist
[WARN] Manifest fetch returned error: Failed to fetch manifest: Failed to fetch manifest zDvZRwzmD3VCUxT9UqAh7mXpT4XmWarwKBFR6p2eRiY7PxjQg3kt after 10 attempts: Key doesn't exist
[WARN] Manifest fetch returned error: Failed to fetch manifest: Failed to fetch manifest zDvZRwzmD3VCUxT9UqAh7mXpT4XmWarwKBFR6p2eRiY7PxjQg3kt after 10 attempts: Key doesn't exist
[WARN] Manifest fetch returned error: Failed to fetch manifest: Failed to fetch manifest zDvZRwzmD3VCUxT9UqAh7mXpT4XmWarwKBFR6p2eRiY7PxjQg3kt after 10 attempts: Key doesn't exist
[WARN] Manifest fetch returned error: Failed to fetch manifest: Failed to fetch manifest zDvZRwzmD3VCUxT9UqAh7mXpT4XmWarwKBFR6p2eRiY7PxjQg3kt after 10 attempts: Key doesn't exist
[WARN] Manifest fetch returned error: Failed to fetch manifest: Failed to fetch manifest zDvZRwzmD3VCUxT9UqAh7mXpT4XmWarwKBFR6p2eRiY7PxjQg3kt after 10 attempts: Key doesn't exist
[WARN] Manifest fetch returned error: Failed to fetch manifest: Failed to fetch manifest zDvZRwzmD3VCUxT9UqAh7mXpT4XmWarwKBFR6p2eRiY7PxjQg3kt after 10 attempts: Key doesn't exist
[WARN] Manifest fetch returned error: Failed to fetch manifest: Failed to fetch manifest zDvZRwzmD3VCUxT9UqAh7mXpT4XmWarwKBFR6p2eRiY7PxjQg3kt after 10 attempts: Key doesn't exist
[WARN] Manifest fetch returned error: Failed to fetch manifest: Failed to fetch manifest zDvZRwzmD3VCUxT9UqAh7mXpT4XmWarwKBFR6p2eRiY7PxjQg3kt after 10 attempts: Key doesn't exist
[INFO] Manifest fetch attempt 5/5 failed, waiting 10s for DHT peer discovery...
[WARN] Manifest not ready on attempt 1. Retrying with fresh daemon...
External retrieval attempt 2/3 for africa/morocco (CID: zDvZRwzmD3VCUxT9UqAh7mXpT4XmWarwKBFR6p2eRiY7PxjQg3kt)...
Live VPS SPR: spr:CiUIAhIhA0DhJ1C6-HZQW8dqk8k90jLwB4qsts-jvsA5oZyT__uZEgID...
{"dependencies_loaded":[],"module":"storage_module","status":"ok","version":"2.1.3"}
{"method":"init","module":"storage_module","result":true,"status":"ok"}
{"method":"start","module":"storage_module","result":true,"status":"ok"}
{"method":"downloadManifest","module":"storage_module","result":{"error":null,"success":true,"value":null},"status":"ok"}
[WARN] Manifest fetch returned error: Failed to fetch manifest: Failed to fetch manifest zDvZRwzmD3VCUxT9UqAh7mXpT4XmWarwKBFR6p2eRiY7PxjQg3kt after 10 attempts: Key doesn't exist
[WARN] Manifest fetch returned error: Failed to fetch manifest: Failed to fetch manifest zDvZRwzmD3VCUxT9UqAh7mXpT4XmWarwKBFR6p2eRiY7PxjQg3kt after 10 attempts: Key doesn't exist
[WARN] Manifest fetch returned error: Failed to fetch manifest: Failed to fetch manifest zDvZRwzmD3VCUxT9UqAh7mXpT4XmWarwKBFR6p2eRiY7PxjQg3kt after 10 attempts: Key doesn't exist
[WARN] Manifest fetch returned error: Failed to fetch manifest: Failed to fetch manifest zDvZRwzmD3VCUxT9UqAh7mXpT4XmWarwKBFR6p2eRiY7PxjQg3kt after 10 attempts: Key doesn't exist
[WARN] Manifest fetch returned error: Failed to fetch manifest: Failed to fetch manifest zDvZRwzmD3VCUxT9UqAh7mXpT4XmWarwKBFR6p2eRiY7PxjQg3kt after 10 attempts: Key doesn't exist
[WARN] Manifest fetch returned error: Failed to fetch manifest: Failed to fetch manifest zDvZRwzmD3VCUxT9UqAh7mXpT4XmWarwKBFR6p2eRiY7PxjQg3kt after 10 attempts: Key doesn't exist
[WARN] Manifest fetch returned error: Failed to fetch manifest: Failed to fetch manifest zDvZRwzmD3VCUxT9UqAh7mXpT4XmWarwKBFR6p2eRiY7PxjQg3kt after 10 attempts: Key doesn't exist
[WARN] Manifest fetch returned error: Failed to fetch manifest: Failed to fetch manifest zDvZRwzmD3VCUxT9UqAh7mXpT4XmWarwKBFR6p2eRiY7PxjQg3kt after 10 attempts: Key doesn't exist
[WARN] Manifest fetch returned error: Failed to fetch manifest: Failed to fetch manifest zDvZRwzmD3VCUxT9UqAh7mXpT4XmWarwKBFR6p2eRiY7PxjQg3kt after 10 attempts: Key doesn't exist
[WARN] Manifest fetch returned error: Failed to fetch manifest: Failed to fetch manifest zDvZRwzmD3VCUxT9UqAh7mXpT4XmWarwKBFR6p2eRiY7PxjQg3kt after 10 attempts: Key doesn't exist
[WARN] Manifest fetch returned error: Failed to fetch manifest: Failed to fetch manifest zDvZRwzmD3VCUxT9UqAh7mXpT4XmWarwKBFR6p2eRiY7PxjQg3kt after 10 attempts: Key doesn't exist
[WARN] Manifest fetch returned error: Failed to fetch manifest: Failed to fetch manifest zDvZRwzmD3VCUxT9UqAh7mXpT4XmWarwKBFR6p2eRiY7PxjQg3kt after 10 attempts: Key doesn't exist
[WARN] Manifest fetch returned error: Failed to fetch manifest: Failed to fetch manifest zDvZRwzmD3VCUxT9UqAh7mXpT4XmWarwKBFR6p2eRiY7PxjQg3kt after 10 attempts: Key doesn't exist
[WARN] Manifest fetch returned error: Failed to fetch manifest: Failed to fetch manifest zDvZRwzmD3VCUxT9UqAh7mXpT4XmWarwKBFR6p2eRiY7PxjQg3kt after 10 attempts: Key doesn't exist
[WARN] Manifest fetch returned error: Failed to fetch manifest: Failed to fetch manifest zDvZRwzmD3VCUxT9UqAh7mXpT4XmWarwKBFR6p2eRiY7PxjQg3kt after 10 attempts: Key doesn't exist
[WARN] Manifest fetch returned error: Failed to fetch manifest: Failed to fetch manifest zDvZRwzmD3VCUxT9UqAh7mXpT4XmWarwKBFR6p2eRiY7PxjQg3kt after 10 attempts: Key doesn't exist
[WARN] Manifest fetch returned error: Failed to fetch manifest: Failed to fetch manifest zDvZRwzmD3VCUxT9UqAh7mXpT4XmWarwKBFR6p2eRiY7PxjQg3kt after 10 attempts: Key doesn't exist
[INFO] Manifest fetch attempt 1/5 failed, waiting 10s for DHT peer discovery...
{"method":"downloadManifest","module":"storage_module","result":{"error":null,"success":true,"value":null},"status":"ok"}
[WARN] Manifest fetch returned error: Failed to fetch manifest: Failed to fetch manifest zDvZRwzmD3VCUxT9UqAh7mXpT4XmWarwKBFR6p2eRiY7PxjQg3kt after 10 attempts: Key doesn't exist
[WARN] Manifest fetch returned error: Failed to fetch manifest: Failed to fetch manifest zDvZRwzmD3VCUxT9UqAh7mXpT4XmWarwKBFR6p2eRiY7PxjQg3kt after 10 attempts: Key doesn't exist
[WARN] Manifest fetch returned error: Failed to fetch manifest: Failed to fetch manifest zDvZRwzmD3VCUxT9UqAh7mXpT4XmWarwKBFR6p2eRiY7PxjQg3kt after 10 attempts: Key doesn't exist
[WARN] Manifest fetch returned error: Failed to fetch manifest: Failed to fetch manifest zDvZRwzmD3VCUxT9UqAh7mXpT4XmWarwKBFR6p2eRiY7PxjQg3kt after 10 attempts: Key doesn't exist
[WARN] Manifest fetch returned error: Failed to fetch manifest: Failed to fetch manifest zDvZRwzmD3VCUxT9UqAh7mXpT4XmWarwKBFR6p2eRiY7PxjQg3kt after 10 attempts: Key doesn't exist
[WARN] Manifest fetch returned error: Failed to fetch manifest: Failed to fetch manifest zDvZRwzmD3VCUxT9UqAh7mXpT4XmWarwKBFR6p2eRiY7PxjQg3kt after 10 attempts: Key doesn't exist
[WARN] Manifest fetch returned error: Failed to fetch manifest: Failed to fetch manifest zDvZRwzmD3VCUxT9UqAh7mXpT4XmWarwKBFR6p2eRiY7PxjQg3kt after 10 attempts: Key doesn't exist
[WARN] Manifest fetch returned error: Failed to fetch manifest: Failed to fetch manifest zDvZRwzmD3VCUxT9UqAh7mXpT4XmWarwKBFR6p2eRiY7PxjQg3kt after 10 attempts: Key doesn't exist
[WARN] Manifest fetch returned error: Failed to fetch manifest: Failed to fetch manifest zDvZRwzmD3VCUxT9UqAh7mXpT4XmWarwKBFR6p2eRiY7PxjQg3kt after 10 attempts: Key doesn't exist
[WARN] Manifest fetch returned error: Failed to fetch manifest: Failed to fetch manifest zDvZRwzmD3VCUxT9UqAh7mXpT4XmWarwKBFR6p2eRiY7PxjQg3kt after 10 attempts: Key doesn't exist
[WARN] Manifest fetch returned error: Failed to fetch manifest: Failed to fetch manifest zDvZRwzmD3VCUxT9UqAh7mXpT4XmWarwKBFR6p2eRiY7PxjQg3kt after 10 attempts: Key doesn't exist
[WARN] Manifest fetch returned error: Failed to fetch manifest: Failed to fetch manifest zDvZRwzmD3VCUxT9UqAh7mXpT4XmWarwKBFR6p2eRiY7PxjQg3kt after 10 attempts: Key doesn't exist
[WARN] Manifest fetch returned error: Failed to fetch manifest: Failed to fetch manifest zDvZRwzmD3VCUxT9UqAh7mXpT4XmWarwKBFR6p2eRiY7PxjQg3kt after 10 attempts: Key doesn't exist
[WARN] Manifest fetch returned error: Failed to fetch manifest: Failed to fetch manifest zDvZRwzmD3VCUxT9UqAh7mXpT4XmWarwKBFR6p2eRiY7PxjQg3kt after 10 attempts: Key doesn't exist
[WARN] Manifest fetch returned error: Failed to fetch manifest: Failed to fetch manifest zDvZRwzmD3VCUxT9UqAh7mXpT4XmWarwKBFR6p2eRiY7PxjQg3kt after 10 attempts: Key doesn't exist
[WARN] Manifest fetch returned error: Failed to fetch manifest: Failed to fetch manifest zDvZRwzmD3VCUxT9UqAh7mXpT4XmWarwKBFR6p2eRiY7PxjQg3kt after 10 attempts: Key doesn't exist
[WARN] Manifest fetch returned error: Failed to fetch manifest: Failed to fetch manifest zDvZRwzmD3VCUxT9UqAh7mXpT4XmWarwKBFR6p2eRiY7PxjQg3kt after 10 attempts: Key doesn't exist
[INFO] Manifest fetch attempt 2/5 failed, waiting 10s for DHT peer discovery...
{"method":"downloadManifest","module":"storage_module","result":{"error":null,"success":true,"value":null},"status":"ok"}
[WARN] Manifest fetch returned error: Failed to fetch manifest: Failed to fetch manifest zDvZRwzmD3VCUxT9UqAh7mXpT4XmWarwKBFR6p2eRiY7PxjQg3kt after 10 attempts: Key doesn't exist
[WARN] Manifest fetch returned error: Failed to fetch manifest: Failed to fetch manifest zDvZRwzmD3VCUxT9UqAh7mXpT4XmWarwKBFR6p2eRiY7PxjQg3kt after 10 attempts: Key doesn't exist
[WARN] Manifest fetch returned error: Failed to fetch manifest: Failed to fetch manifest zDvZRwzmD3VCUxT9UqAh7mXpT4XmWarwKBFR6p2eRiY7PxjQg3kt after 10 attempts: Key doesn't exist
[WARN] Manifest fetch returned error: Failed to fetch manifest: Failed to fetch manifest zDvZRwzmD3VCUxT9UqAh7mXpT4XmWarwKBFR6p2eRiY7PxjQg3kt after 10 attempts: Key doesn't exist
[WARN] Manifest fetch returned error: Failed to fetch manifest: Failed to fetch manifest zDvZRwzmD3VCUxT9UqAh7mXpT4XmWarwKBFR6p2eRiY7PxjQg3kt after 10 attempts: Key doesn't exist
[WARN] Manifest fetch returned error: Failed to fetch manifest: Failed to fetch manifest zDvZRwzmD3VCUxT9UqAh7mXpT4XmWarwKBFR6p2eRiY7PxjQg3kt after 10 attempts: Key doesn't exist
[WARN] Manifest fetch returned error: Failed to fetch manifest: Failed to fetch manifest zDvZRwzmD3VCUxT9UqAh7mXpT4XmWarwKBFR6p2eRiY7PxjQg3kt after 10 attempts: Key doesn't exist
[WARN] Manifest fetch returned error: Failed to fetch manifest: Failed to fetch manifest zDvZRwzmD3VCUxT9UqAh7mXpT4XmWarwKBFR6p2eRiY7PxjQg3kt after 10 attempts: Key doesn't exist
[WARN] Manifest fetch returned error: Failed to fetch manifest: Failed to fetch manifest zDvZRwzmD3VCUxT9UqAh7mXpT4XmWarwKBFR6p2eRiY7PxjQg3kt after 10 attempts: Key doesn't exist
[WARN] Manifest fetch returned error: Failed to fetch manifest: Failed to fetch manifest zDvZRwzmD3VCUxT9UqAh7mXpT4XmWarwKBFR6p2eRiY7PxjQg3kt after 10 attempts: Key doesn't exist
[WARN] Manifest fetch returned error: Failed to fetch manifest: Failed to fetch manifest zDvZRwzmD3VCUxT9UqAh7mXpT4XmWarwKBFR6p2eRiY7PxjQg3kt after 10 attempts: Key doesn't exist
[WARN] Manifest fetch returned error: Failed to fetch manifest: Failed to fetch manifest zDvZRwzmD3VCUxT9UqAh7mXpT4XmWarwKBFR6p2eRiY7PxjQg3kt after 10 attempts: Key doesn't exist
[WARN] Manifest fetch returned error: Failed to fetch manifest: Failed to fetch manifest zDvZRwzmD3VCUxT9UqAh7mXpT4XmWarwKBFR6p2eRiY7PxjQg3kt after 10 attempts: Key doesn't exist
[WARN] Manifest fetch returned error: Failed to fetch manifest: Failed to fetch manifest zDvZRwzmD3VCUxT9UqAh7mXpT4XmWarwKBFR6p2eRiY7PxjQg3kt after 10 attempts: Key doesn't exist
[WARN] Manifest fetch returned error: Failed to fetch manifest: Failed to fetch manifest zDvZRwzmD3VCUxT9UqAh7mXpT4XmWarwKBFR6p2eRiY7PxjQg3kt after 10 attempts: Key doesn't exist
[WARN] Manifest fetch returned error: Failed to fetch manifest: Failed to fetch manifest zDvZRwzmD3VCUxT9UqAh7mXpT4XmWarwKBFR6p2eRiY7PxjQg3kt after 10 attempts: Key doesn't exist
[WARN] Manifest fetch returned error: Failed to fetch manifest: Failed to fetch manifest zDvZRwzmD3VCUxT9UqAh7mXpT4XmWarwKBFR6p2eRiY7PxjQg3kt after 10 attempts: Key doesn't exist
[INFO] Manifest fetch attempt 3/5 failed, waiting 10s for DHT peer discovery...
{"method":"downloadManifest","module":"storage_module","result":{"error":null,"success":true,"value":null},"status":"ok"}
[WARN] Manifest fetch returned error: Failed to fetch manifest: Failed to fetch manifest zDvZRwzmD3VCUxT9UqAh7mXpT4XmWarwKBFR6p2eRiY7PxjQg3kt after 10 attempts: Key doesn't exist
[WARN] Manifest fetch returned error: Failed to fetch manifest: Failed to fetch manifest zDvZRwzmD3VCUxT9UqAh7mXpT4XmWarwKBFR6p2eRiY7PxjQg3kt after 10 attempts: Key doesn't exist
[WARN] Manifest fetch returned error: Failed to fetch manifest: Failed to fetch manifest zDvZRwzmD3VCUxT9UqAh7mXpT4XmWarwKBFR6p2eRiY7PxjQg3kt after 10 attempts: Key doesn't exist
[WARN] Manifest fetch returned error: Failed to fetch manifest: Failed to fetch manifest zDvZRwzmD3VCUxT9UqAh7mXpT4XmWarwKBFR6p2eRiY7PxjQg3kt after 10 attempts: Key doesn't exist
[WARN] Manifest fetch returned error: Failed to fetch manifest: Failed to fetch manifest zDvZRwzmD3VCUxT9UqAh7mXpT4XmWarwKBFR6p2eRiY7PxjQg3kt after 10 attempts: Key doesn't exist
[WARN] Manifest fetch returned error: Failed to fetch manifest: Failed to fetch manifest zDvZRwzmD3VCUxT9UqAh7mXpT4XmWarwKBFR6p2eRiY7PxjQg3kt after 10 attempts: Key doesn't exist
[WARN] Manifest fetch returned error: Failed to fetch manifest: Failed to fetch manifest zDvZRwzmD3VCUxT9UqAh7mXpT4XmWarwKBFR6p2eRiY7PxjQg3kt after 10 attempts: Key doesn't exist
[WARN] Manifest fetch returned error: Failed to fetch manifest: Failed to fetch manifest zDvZRwzmD3VCUxT9UqAh7mXpT4XmWarwKBFR6p2eRiY7PxjQg3kt after 10 attempts: Key doesn't exist
[WARN] Manifest fetch returned error: Failed to fetch manifest: Failed to fetch manifest zDvZRwzmD3VCUxT9UqAh7mXpT4XmWarwKBFR6p2eRiY7PxjQg3kt after 10 attempts: Key doesn't exist
[WARN] Manifest fetch returned error: Failed to fetch manifest: Failed to fetch manifest zDvZRwzmD3VCUxT9UqAh7mXpT4XmWarwKBFR6p2eRiY7PxjQg3kt after 10 attempts: Key doesn't exist
[WARN] Manifest fetch returned error: Failed to fetch manifest: Failed to fetch manifest zDvZRwzmD3VCUxT9UqAh7mXpT4XmWarwKBFR6p2eRiY7PxjQg3kt after 10 attempts: Key doesn't exist
[WARN] Manifest fetch returned error: Failed to fetch manifest: Failed to fetch manifest zDvZRwzmD3VCUxT9UqAh7mXpT4XmWarwKBFR6p2eRiY7PxjQg3kt after 10 attempts: Key doesn't exist
[WARN] Manifest fetch returned error: Failed to fetch manifest: Failed to fetch manifest zDvZRwzmD3VCUxT9UqAh7mXpT4XmWarwKBFR6p2eRiY7PxjQg3kt after 10 attempts: Key doesn't exist
[WARN] Manifest fetch returned error: Failed to fetch manifest: Failed to fetch manifest zDvZRwzmD3VCUxT9UqAh7mXpT4XmWarwKBFR6p2eRiY7PxjQg3kt after 10 attempts: Key doesn't exist
[WARN] Manifest fetch returned error: Failed to fetch manifest: Failed to fetch manifest zDvZRwzmD3VCUxT9UqAh7mXpT4XmWarwKBFR6p2eRiY7PxjQg3kt after 10 attempts: Key doesn't exist
[WARN] Manifest fetch returned error: Failed to fetch manifest: Failed to fetch manifest zDvZRwzmD3VCUxT9UqAh7mXpT4XmWarwKBFR6p2eRiY7PxjQg3kt after 10 attempts: Key doesn't exist
[WARN] Manifest fetch returned error: Failed to fetch manifest: Failed to fetch manifest zDvZRwzmD3VCUxT9UqAh7mXpT4XmWarwKBFR6p2eRiY7PxjQg3kt after 10 attempts: Key doesn't exist
[INFO] Manifest fetch attempt 4/5 failed, waiting 10s for DHT peer discovery...
{"method":"downloadManifest","module":"storage_module","result":{"error":null,"success":true,"value":null},"status":"ok"}
[WARN] Manifest fetch returned error: Failed to fetch manifest: Failed to fetch manifest zDvZRwzmD3VCUxT9UqAh7mXpT4XmWarwKBFR6p2eRiY7PxjQg3kt after 10 attempts: Key doesn't exist
[WARN] Manifest fetch returned error: Failed to fetch manifest: Failed to fetch manifest zDvZRwzmD3VCUxT9UqAh7mXpT4XmWarwKBFR6p2eRiY7PxjQg3kt after 10 attempts: Key doesn't exist
[WARN] Manifest fetch returned error: Failed to fetch manifest: Failed to fetch manifest zDvZRwzmD3VCUxT9UqAh7mXpT4XmWarwKBFR6p2eRiY7PxjQg3kt after 10 attempts: Key doesn't exist
[WARN] Manifest fetch returned error: Failed to fetch manifest: Failed to fetch manifest zDvZRwzmD3VCUxT9UqAh7mXpT4XmWarwKBFR6p2eRiY7PxjQg3kt after 10 attempts: Key doesn't exist
[WARN] Manifest fetch returned error: Failed to fetch manifest: Failed to fetch manifest zDvZRwzmD3VCUxT9UqAh7mXpT4XmWarwKBFR6p2eRiY7PxjQg3kt after 10 attempts: Key doesn't exist
[WARN] Manifest fetch returned error: Failed to fetch manifest: Failed to fetch manifest zDvZRwzmD3VCUxT9UqAh7mXpT4XmWarwKBFR6p2eRiY7PxjQg3kt after 10 attempts: Key doesn't exist
[WARN] Manifest fetch returned error: Failed to fetch manifest: Failed to fetch manifest zDvZRwzmD3VCUxT9UqAh7mXpT4XmWarwKBFR6p2eRiY7PxjQg3kt after 10 attempts: Key doesn't exist
[WARN] Manifest fetch returned error: Failed to fetch manifest: Failed to fetch manifest zDvZRwzmD3VCUxT9UqAh7mXpT4XmWarwKBFR6p2eRiY7PxjQg3kt after 10 attempts: Key doesn't exist
[WARN] Manifest fetch returned error: Failed to fetch manifest: Failed to fetch manifest zDvZRwzmD3VCUxT9UqAh7mXpT4XmWarwKBFR6p2eRiY7PxjQg3kt after 10 attempts: Key doesn't exist
[WARN] Manifest fetch returned error: Failed to fetch manifest: Failed to fetch manifest zDvZRwzmD3VCUxT9UqAh7mXpT4XmWarwKBFR6p2eRiY7PxjQg3kt after 10 attempts: Key doesn't exist
[WARN] Manifest fetch returned error: Failed to fetch manifest: Failed to fetch manifest zDvZRwzmD3VCUxT9UqAh7mXpT4XmWarwKBFR6p2eRiY7PxjQg3kt after 10 attempts: Key doesn't exist
[WARN] Manifest fetch returned error: Failed to fetch manifest: Failed to fetch manifest zDvZRwzmD3VCUxT9UqAh7mXpT4XmWarwKBFR6p2eRiY7PxjQg3kt after 10 attempts: Key doesn't exist
[WARN] Manifest fetch returned error: Failed to fetch manifest: Failed to fetch manifest zDvZRwzmD3VCUxT9UqAh7mXpT4XmWarwKBFR6p2eRiY7PxjQg3kt after 10 attempts: Key doesn't exist
[WARN] Manifest fetch returned error: Failed to fetch manifest: Failed to fetch manifest zDvZRwzmD3VCUxT9UqAh7mXpT4XmWarwKBFR6p2eRiY7PxjQg3kt after 10 attempts: Key doesn't exist
[WARN] Manifest fetch returned error: Failed to fetch manifest: Failed to fetch manifest zDvZRwzmD3VCUxT9UqAh7mXpT4XmWarwKBFR6p2eRiY7PxjQg3kt after 10 attempts: Key doesn't exist
[WARN] Manifest fetch returned error: Failed to fetch manifest: Failed to fetch manifest zDvZRwzmD3VCUxT9UqAh7mXpT4XmWarwKBFR6p2eRiY7PxjQg3kt after 10 attempts: Key doesn't exist
[WARN] Manifest fetch returned error: Failed to fetch manifest: Failed to fetch manifest zDvZRwzmD3VCUxT9UqAh7mXpT4XmWarwKBFR6p2eRiY7PxjQg3kt after 10 attempts: Key doesn't exist
[INFO] Manifest fetch attempt 5/5 failed, waiting 10s for DHT peer discovery...
[WARN] Manifest not ready on attempt 2. Retrying with fresh daemon...
External retrieval attempt 3/3 for africa/morocco (CID: zDvZRwzmD3VCUxT9UqAh7mXpT4XmWarwKBFR6p2eRiY7PxjQg3kt)...
Live VPS SPR: spr:CiUIAhIhA0DhJ1C6-HZQW8dqk8k90jLwB4qsts-jvsA5oZyT__uZEgID...
{"dependencies_loaded":[],"module":"storage_module","status":"ok","version":"2.1.3"}
{"method":"init","module":"storage_module","result":true,"status":"ok"}
{"method":"start","module":"storage_module","result":true,"status":"ok"}
{"method":"downloadManifest","module":"storage_module","result":{"error":null,"success":true,"value":null},"status":"ok"}
[WARN] Manifest fetch returned error: Failed to fetch manifest: Failed to fetch manifest zDvZRwzmD3VCUxT9UqAh7mXpT4XmWarwKBFR6p2eRiY7PxjQg3kt after 10 attempts: Key doesn't exist
[WARN] Manifest fetch returned error: Failed to fetch manifest: Failed to fetch manifest zDvZRwzmD3VCUxT9UqAh7mXpT4XmWarwKBFR6p2eRiY7PxjQg3kt after 10 attempts: Key doesn't exist
[WARN] Manifest fetch returned error: Failed to fetch manifest: Failed to fetch manifest zDvZRwzmD3VCUxT9UqAh7mXpT4XmWarwKBFR6p2eRiY7PxjQg3kt after 10 attempts: Key doesn't exist
[WARN] Manifest fetch returned error: Failed to fetch manifest: Failed to fetch manifest zDvZRwzmD3VCUxT9UqAh7mXpT4XmWarwKBFR6p2eRiY7PxjQg3kt after 10 attempts: Key doesn't exist
[WARN] Manifest fetch returned error: Failed to fetch manifest: Failed to fetch manifest zDvZRwzmD3VCUxT9UqAh7mXpT4XmWarwKBFR6p2eRiY7PxjQg3kt after 10 attempts: Key doesn't exist
[WARN] Manifest fetch returned error: Failed to fetch manifest: Failed to fetch manifest zDvZRwzmD3VCUxT9UqAh7mXpT4XmWarwKBFR6p2eRiY7PxjQg3kt after 10 attempts: Key doesn't exist
[WARN] Manifest fetch returned error: Failed to fetch manifest: Failed to fetch manifest zDvZRwzmD3VCUxT9UqAh7mXpT4XmWarwKBFR6p2eRiY7PxjQg3kt after 10 attempts: Key doesn't exist
[WARN] Manifest fetch returned error: Failed to fetch manifest: Failed to fetch manifest zDvZRwzmD3VCUxT9UqAh7mXpT4XmWarwKBFR6p2eRiY7PxjQg3kt after 10 attempts: Key doesn't exist
[WARN] Manifest fetch returned error: Failed to fetch manifest: Failed to fetch manifest zDvZRwzmD3VCUxT9UqAh7mXpT4XmWarwKBFR6p2eRiY7PxjQg3kt after 10 attempts: Key doesn't exist
[WARN] Manifest fetch returned error: Failed to fetch manifest: Failed to fetch manifest zDvZRwzmD3VCUxT9UqAh7mXpT4XmWarwKBFR6p2eRiY7PxjQg3kt after 10 attempts: Key doesn't exist
[WARN] Manifest fetch returned error: Failed to fetch manifest: Failed to fetch manifest zDvZRwzmD3VCUxT9UqAh7mXpT4XmWarwKBFR6p2eRiY7PxjQg3kt after 10 attempts: Key doesn't exist
[WARN] Manifest fetch returned error: Failed to fetch manifest: Failed to fetch manifest zDvZRwzmD3VCUxT9UqAh7mXpT4XmWarwKBFR6p2eRiY7PxjQg3kt after 10 attempts: Key doesn't exist
[WARN] Manifest fetch returned error: Failed to fetch manifest: Failed to fetch manifest zDvZRwzmD3VCUxT9UqAh7mXpT4XmWarwKBFR6p2eRiY7PxjQg3kt after 10 attempts: Key doesn't exist
[WARN] Manifest fetch returned error: Failed to fetch manifest: Failed to fetch manifest zDvZRwzmD3VCUxT9UqAh7mXpT4XmWarwKBFR6p2eRiY7PxjQg3kt after 10 attempts: Key doesn't exist
[WARN] Manifest fetch returned error: Failed to fetch manifest: Failed to fetch manifest zDvZRwzmD3VCUxT9UqAh7mXpT4XmWarwKBFR6p2eRiY7PxjQg3kt after 10 attempts: Key doesn't exist
[WARN] Manifest fetch returned error: Failed to fetch manifest: Failed to fetch manifest zDvZRwzmD3VCUxT9UqAh7mXpT4XmWarwKBFR6p2eRiY7PxjQg3kt after 10 attempts: Key doesn't exist
[WARN] Manifest fetch returned error: Failed to fetch manifest: Failed to fetch manifest zDvZRwzmD3VCUxT9UqAh7mXpT4XmWarwKBFR6p2eRiY7PxjQg3kt after 10 attempts: Key doesn't exist
[INFO] Manifest fetch attempt 1/5 failed, waiting 10s for DHT peer discovery...
{"method":"downloadManifest","module":"storage_module","result":{"error":null,"success":true,"value":null},"status":"ok"}
[WARN] Manifest fetch returned error: Failed to fetch manifest: Failed to fetch manifest zDvZRwzmD3VCUxT9UqAh7mXpT4XmWarwKBFR6p2eRiY7PxjQg3kt after 10 attempts: Key doesn't exist
[WARN] Manifest fetch returned error: Failed to fetch manifest: Failed to fetch manifest zDvZRwzmD3VCUxT9UqAh7mXpT4XmWarwKBFR6p2eRiY7PxjQg3kt after 10 attempts: Key doesn't exist
[WARN] Manifest fetch returned error: Failed to fetch manifest: Failed to fetch manifest zDvZRwzmD3VCUxT9UqAh7mXpT4XmWarwKBFR6p2eRiY7PxjQg3kt after 10 attempts: Key doesn't exist
[WARN] Manifest fetch returned error: Failed to fetch manifest: Failed to fetch manifest zDvZRwzmD3VCUxT9UqAh7mXpT4XmWarwKBFR6p2eRiY7PxjQg3kt after 10 attempts: Key doesn't exist
[WARN] Manifest fetch returned error: Failed to fetch manifest: Failed to fetch manifest zDvZRwzmD3VCUxT9UqAh7mXpT4XmWarwKBFR6p2eRiY7PxjQg3kt after 10 attempts: Key doesn't exist
[WARN] Manifest fetch returned error: Failed to fetch manifest: Failed to fetch manifest zDvZRwzmD3VCUxT9UqAh7mXpT4XmWarwKBFR6p2eRiY7PxjQg3kt after 10 attempts: Key doesn't exist
[WARN] Manifest fetch returned error: Failed to fetch manifest: Failed to fetch manifest zDvZRwzmD3VCUxT9UqAh7mXpT4XmWarwKBFR6p2eRiY7PxjQg3kt after 10 attempts: Key doesn't exist
[WARN] Manifest fetch returned error: Failed to fetch manifest: Failed to fetch manifest zDvZRwzmD3VCUxT9UqAh7mXpT4XmWarwKBFR6p2eRiY7PxjQg3kt after 10 attempts: Key doesn't exist
[WARN] Manifest fetch returned error: Failed to fetch manifest: Failed to fetch manifest zDvZRwzmD3VCUxT9UqAh7mXpT4XmWarwKBFR6p2eRiY7PxjQg3kt after 10 attempts: Key doesn't exist
[WARN] Manifest fetch returned error: Failed to fetch manifest: Failed to fetch manifest zDvZRwzmD3VCUxT9UqAh7mXpT4XmWarwKBFR6p2eRiY7PxjQg3kt after 10 attempts: Key doesn't exist
[WARN] Manifest fetch returned error: Failed to fetch manifest: Failed to fetch manifest zDvZRwzmD3VCUxT9UqAh7mXpT4XmWarwKBFR6p2eRiY7PxjQg3kt after 10 attempts: Key doesn't exist
[WARN] Manifest fetch returned error: Failed to fetch manifest: Failed to fetch manifest zDvZRwzmD3VCUxT9UqAh7mXpT4XmWarwKBFR6p2eRiY7PxjQg3kt after 10 attempts: Key doesn't exist
[WARN] Manifest fetch returned error: Failed to fetch manifest: Failed to fetch manifest zDvZRwzmD3VCUxT9UqAh7mXpT4XmWarwKBFR6p2eRiY7PxjQg3kt after 10 attempts: Key doesn't exist
[WARN] Manifest fetch returned error: Failed to fetch manifest: Failed to fetch manifest zDvZRwzmD3VCUxT9UqAh7mXpT4XmWarwKBFR6p2eRiY7PxjQg3kt after 10 attempts: Key doesn't exist
[WARN] Manifest fetch returned error: Failed to fetch manifest: Failed to fetch manifest zDvZRwzmD3VCUxT9UqAh7mXpT4XmWarwKBFR6p2eRiY7PxjQg3kt after 10 attempts: Key doesn't exist
[WARN] Manifest fetch returned error: Failed to fetch manifest: Failed to fetch manifest zDvZRwzmD3VCUxT9UqAh7mXpT4XmWarwKBFR6p2eRiY7PxjQg3kt after 10 attempts: Key doesn't exist
[WARN] Manifest fetch returned error: Failed to fetch manifest: Failed to fetch manifest zDvZRwzmD3VCUxT9UqAh7mXpT4XmWarwKBFR6p2eRiY7PxjQg3kt after 10 attempts: Key doesn't exist
[INFO] Manifest fetch attempt 2/5 failed, waiting 10s for DHT peer discovery...
{"method":"downloadManifest","module":"storage_module","result":{"error":null,"success":true,"value":null},"status":"ok"}
[WARN] Manifest fetch returned error: Failed to fetch manifest: Failed to fetch manifest zDvZRwzmD3VCUxT9UqAh7mXpT4XmWarwKBFR6p2eRiY7PxjQg3kt after 10 attempts: Key doesn't exist
[WARN] Manifest fetch returned error: Failed to fetch manifest: Failed to fetch manifest zDvZRwzmD3VCUxT9UqAh7mXpT4XmWarwKBFR6p2eRiY7PxjQg3kt after 10 attempts: Key doesn't exist
[WARN] Manifest fetch returned error: Failed to fetch manifest: Failed to fetch manifest zDvZRwzmD3VCUxT9UqAh7mXpT4XmWarwKBFR6p2eRiY7PxjQg3kt after 10 attempts: Key doesn't exist
[WARN] Manifest fetch returned error: Failed to fetch manifest: Failed to fetch manifest zDvZRwzmD3VCUxT9UqAh7mXpT4XmWarwKBFR6p2eRiY7PxjQg3kt after 10 attempts: Key doesn't exist
[WARN] Manifest fetch returned error: Failed to fetch manifest: Failed to fetch manifest zDvZRwzmD3VCUxT9UqAh7mXpT4XmWarwKBFR6p2eRiY7PxjQg3kt after 10 attempts: Key doesn't exist
[WARN] Manifest fetch returned error: Failed to fetch manifest: Failed to fetch manifest zDvZRwzmD3VCUxT9UqAh7mXpT4XmWarwKBFR6p2eRiY7PxjQg3kt after 10 attempts: Key doesn't exist
[WARN] Manifest fetch returned error: Failed to fetch manifest: Failed to fetch manifest zDvZRwzmD3VCUxT9UqAh7mXpT4XmWarwKBFR6p2eRiY7PxjQg3kt after 10 attempts: Key doesn't exist
[WARN] Manifest fetch returned error: Failed to fetch manifest: Failed to fetch manifest zDvZRwzmD3VCUxT9UqAh7mXpT4XmWarwKBFR6p2eRiY7PxjQg3kt after 10 attempts: Key doesn't exist
[WARN] Manifest fetch returned error: Failed to fetch manifest: Failed to fetch manifest zDvZRwzmD3VCUxT9UqAh7mXpT4XmWarwKBFR6p2eRiY7PxjQg3kt after 10 attempts: Key doesn't exist
[WARN] Manifest fetch returned error: Failed to fetch manifest: Failed to fetch manifest zDvZRwzmD3VCUxT9UqAh7mXpT4XmWarwKBFR6p2eRiY7PxjQg3kt after 10 attempts: Key doesn't exist
[WARN] Manifest fetch returned error: Failed to fetch manifest: Failed to fetch manifest zDvZRwzmD3VCUxT9UqAh7mXpT4XmWarwKBFR6p2eRiY7PxjQg3kt after 10 attempts: Key doesn't exist
[WARN] Manifest fetch returned error: Failed to fetch manifest: Failed to fetch manifest zDvZRwzmD3VCUxT9UqAh7mXpT4XmWarwKBFR6p2eRiY7PxjQg3kt after 10 attempts: Key doesn't exist
[WARN] Manifest fetch returned error: Failed to fetch manifest: Failed to fetch manifest zDvZRwzmD3VCUxT9UqAh7mXpT4XmWarwKBFR6p2eRiY7PxjQg3kt after 10 attempts: Key doesn't exist
[WARN] Manifest fetch returned error: Failed to fetch manifest: Failed to fetch manifest zDvZRwzmD3VCUxT9UqAh7mXpT4XmWarwKBFR6p2eRiY7PxjQg3kt after 10 attempts: Key doesn't exist
[WARN] Manifest fetch returned error: Failed to fetch manifest: Failed to fetch manifest zDvZRwzmD3VCUxT9UqAh7mXpT4XmWarwKBFR6p2eRiY7PxjQg3kt after 10 attempts: Key doesn't exist
[WARN] Manifest fetch returned error: Failed to fetch manifest: Failed to fetch manifest zDvZRwzmD3VCUxT9UqAh7mXpT4XmWarwKBFR6p2eRiY7PxjQg3kt after 10 attempts: Key doesn't exist
[WARN] Manifest fetch returned error: Failed to fetch manifest: Failed to fetch manifest zDvZRwzmD3VCUxT9UqAh7mXpT4XmWarwKBFR6p2eRiY7PxjQg3kt after 10 attempts: Key doesn't exist
[INFO] Manifest fetch attempt 3/5 failed, waiting 10s for DHT peer discovery...
{"method":"downloadManifest","module":"storage_module","result":{"error":null,"success":true,"value":null},"status":"ok"}
[WARN] Manifest fetch returned error: Failed to fetch manifest: Failed to fetch manifest zDvZRwzmD3VCUxT9UqAh7mXpT4XmWarwKBFR6p2eRiY7PxjQg3kt after 10 attempts: Key doesn't exist
[WARN] Manifest fetch returned error: Failed to fetch manifest: Failed to fetch manifest zDvZRwzmD3VCUxT9UqAh7mXpT4XmWarwKBFR6p2eRiY7PxjQg3kt after 10 attempts: Key doesn't exist
[WARN] Manifest fetch returned error: Failed to fetch manifest: Failed to fetch manifest zDvZRwzmD3VCUxT9UqAh7mXpT4XmWarwKBFR6p2eRiY7PxjQg3kt after 10 attempts: Key doesn't exist
[WARN] Manifest fetch returned error: Failed to fetch manifest: Failed to fetch manifest zDvZRwzmD3VCUxT9UqAh7mXpT4XmWarwKBFR6p2eRiY7PxjQg3kt after 10 attempts: Key doesn't exist
[WARN] Manifest fetch returned error: Failed to fetch manifest: Failed to fetch manifest zDvZRwzmD3VCUxT9UqAh7mXpT4XmWarwKBFR6p2eRiY7PxjQg3kt after 10 attempts: Key doesn't exist
[WARN] Manifest fetch returned error: Failed to fetch manifest: Failed to fetch manifest zDvZRwzmD3VCUxT9UqAh7mXpT4XmWarwKBFR6p2eRiY7PxjQg3kt after 10 attempts: Key doesn't exist
[WARN] Manifest fetch returned error: Failed to fetch manifest: Failed to fetch manifest zDvZRwzmD3VCUxT9UqAh7mXpT4XmWarwKBFR6p2eRiY7PxjQg3kt after 10 attempts: Key doesn't exist
[WARN] Manifest fetch returned error: Failed to fetch manifest: Failed to fetch manifest zDvZRwzmD3VCUxT9UqAh7mXpT4XmWarwKBFR6p2eRiY7PxjQg3kt after 10 attempts: Key doesn't exist
[WARN] Manifest fetch returned error: Failed to fetch manifest: Failed to fetch manifest zDvZRwzmD3VCUxT9UqAh7mXpT4XmWarwKBFR6p2eRiY7PxjQg3kt after 10 attempts: Key doesn't exist
[WARN] Manifest fetch returned error: Failed to fetch manifest: Failed to fetch manifest zDvZRwzmD3VCUxT9UqAh7mXpT4XmWarwKBFR6p2eRiY7PxjQg3kt after 10 attempts: Key doesn't exist
[WARN] Manifest fetch returned error: Failed to fetch manifest: Failed to fetch manifest zDvZRwzmD3VCUxT9UqAh7mXpT4XmWarwKBFR6p2eRiY7PxjQg3kt after 10 attempts: Key doesn't exist
[WARN] Manifest fetch returned error: Failed to fetch manifest: Failed to fetch manifest zDvZRwzmD3VCUxT9UqAh7mXpT4XmWarwKBFR6p2eRiY7PxjQg3kt after 10 attempts: Key doesn't exist
[WARN] Manifest fetch returned error: Failed to fetch manifest: Failed to fetch manifest zDvZRwzmD3VCUxT9UqAh7mXpT4XmWarwKBFR6p2eRiY7PxjQg3kt after 10 attempts: Key doesn't exist
[WARN] Manifest fetch returned error: Failed to fetch manifest: Failed to fetch manifest zDvZRwzmD3VCUxT9UqAh7mXpT4XmWarwKBFR6p2eRiY7PxjQg3kt after 10 attempts: Key doesn't exist
[WARN] Manifest fetch returned error: Failed to fetch manifest: Failed to fetch manifest zDvZRwzmD3VCUxT9UqAh7mXpT4XmWarwKBFR6p2eRiY7PxjQg3kt after 10 attempts: Key doesn't exist
[WARN] Manifest fetch returned error: Failed to fetch manifest: Failed to fetch manifest zDvZRwzmD3VCUxT9UqAh7mXpT4XmWarwKBFR6p2eRiY7PxjQg3kt after 10 attempts: Key doesn't exist
[WARN] Manifest fetch returned error: Failed to fetch manifest: Failed to fetch manifest zDvZRwzmD3VCUxT9UqAh7mXpT4XmWarwKBFR6p2eRiY7PxjQg3kt after 10 attempts: Key doesn't exist
[INFO] Manifest fetch attempt 4/5 failed, waiting 10s for DHT peer discovery...
{"method":"downloadManifest","module":"storage_module","result":{"error":null,"success":true,"value":null},"status":"ok"}
[WARN] Manifest fetch returned error: Failed to fetch manifest: Failed to fetch manifest zDvZRwzmD3VCUxT9UqAh7mXpT4XmWarwKBFR6p2eRiY7PxjQg3kt after 10 attempts: Key doesn't exist
[WARN] Manifest fetch returned error: Failed to fetch manifest: Failed to fetch manifest zDvZRwzmD3VCUxT9UqAh7mXpT4XmWarwKBFR6p2eRiY7PxjQg3kt after 10 attempts: Key doesn't exist
[WARN] Manifest fetch returned error: Failed to fetch manifest: Failed to fetch manifest zDvZRwzmD3VCUxT9UqAh7mXpT4XmWarwKBFR6p2eRiY7PxjQg3kt after 10 attempts: Key doesn't exist
[WARN] Manifest fetch returned error: Failed to fetch manifest: Failed to fetch manifest zDvZRwzmD3VCUxT9UqAh7mXpT4XmWarwKBFR6p2eRiY7PxjQg3kt after 10 attempts: Key doesn't exist
[WARN] Manifest fetch returned error: Failed to fetch manifest: Failed to fetch manifest zDvZRwzmD3VCUxT9UqAh7mXpT4XmWarwKBFR6p2eRiY7PxjQg3kt after 10 attempts: Key doesn't exist
[WARN] Manifest fetch returned error: Failed to fetch manifest: Failed to fetch manifest zDvZRwzmD3VCUxT9UqAh7mXpT4XmWarwKBFR6p2eRiY7PxjQg3kt after 10 attempts: Key doesn't exist
[WARN] Manifest fetch returned error: Failed to fetch manifest: Failed to fetch manifest zDvZRwzmD3VCUxT9UqAh7mXpT4XmWarwKBFR6p2eRiY7PxjQg3kt after 10 attempts: Key doesn't exist
[WARN] Manifest fetch returned error: Failed to fetch manifest: Failed to fetch manifest zDvZRwzmD3VCUxT9UqAh7mXpT4XmWarwKBFR6p2eRiY7PxjQg3kt after 10 attempts: Key doesn't exist
[WARN] Manifest fetch returned error: Failed to fetch manifest: Failed to fetch manifest zDvZRwzmD3VCUxT9UqAh7mXpT4XmWarwKBFR6p2eRiY7PxjQg3kt after 10 attempts: Key doesn't exist
[WARN] Manifest fetch returned error: Failed to fetch manifest: Failed to fetch manifest zDvZRwzmD3VCUxT9UqAh7mXpT4XmWarwKBFR6p2eRiY7PxjQg3kt after 10 attempts: Key doesn't exist
[WARN] Manifest fetch returned error: Failed to fetch manifest: Failed to fetch manifest zDvZRwzmD3VCUxT9UqAh7mXpT4XmWarwKBFR6p2eRiY7PxjQg3kt after 10 attempts: Key doesn't exist
[WARN] Manifest fetch returned error: Failed to fetch manifest: Failed to fetch manifest zDvZRwzmD3VCUxT9UqAh7mXpT4XmWarwKBFR6p2eRiY7PxjQg3kt after 10 attempts: Key doesn't exist
[WARN] Manifest fetch returned error: Failed to fetch manifest: Failed to fetch manifest zDvZRwzmD3VCUxT9UqAh7mXpT4XmWarwKBFR6p2eRiY7PxjQg3kt after 10 attempts: Key doesn't exist
[WARN] Manifest fetch returned error: Failed to fetch manifest: Failed to fetch manifest zDvZRwzmD3VCUxT9UqAh7mXpT4XmWarwKBFR6p2eRiY7PxjQg3kt after 10 attempts: Key doesn't exist
[WARN] Manifest fetch returned error: Failed to fetch manifest: Failed to fetch manifest zDvZRwzmD3VCUxT9UqAh7mXpT4XmWarwKBFR6p2eRiY7PxjQg3kt after 10 attempts: Key doesn't exist
[WARN] Manifest fetch returned error: Failed to fetch manifest: Failed to fetch manifest zDvZRwzmD3VCUxT9UqAh7mXpT4XmWarwKBFR6p2eRiY7PxjQg3kt after 10 attempts: Key doesn't exist
[WARN] Manifest fetch returned error: Failed to fetch manifest: Failed to fetch manifest zDvZRwzmD3VCUxT9UqAh7mXpT4XmWarwKBFR6p2eRiY7PxjQg3kt after 10 attempts: Key doesn't exist
[INFO] Manifest fetch attempt 5/5 failed, waiting 10s for DHT peer discovery...
[WARN] Manifest not ready on attempt 3. Retrying with fresh daemon...
Traceback (most recent call last):
  File "/mnt/c/Users/Aftab/Desktop/atlasmirror/scripts/run_a1_coverage.py", line 925, in <module>
    main()
    ~~~~^^
  File "/mnt/c/Users/Aftab/Desktop/atlasmirror/scripts/run_a1_coverage.py", line 790, in main
    assert retrieved_file.exists(), f"External retrieval failed: {retrieved_file} not created for {reg_name}!"
           ~~~~~~~~~~~~~~~~~~~~~^^
AssertionError: External retrieval failed: /root/a1_client/retrieved.osm.pbf not created for africa/morocco!
================================================================================
LP-0018 A1 COVERAGE PIPELINE EXECUTION
================================================================================

--- Preflight: Checking VPS & Local Disk Space ---
[ERROR] SSH failed: Connection timed out during banner exchange
Connection to 199.231.187.97 port 22 timed out

================================================================================
LP-0018 A1 COVERAGE PIPELINE EXECUTION
================================================================================

--- Preflight: Checking VPS & Local Disk Space ---
VPS Available Disk Space: 66 GB
VPS Storage Node SPR: spr:CiUIAhIhA0DhJ1C6-HZQW8dqk8k90jLwB4qsts-jvsA5oZyT__uZEgIDARo7CicAJQgCEiEDQOEnULr4dlBbx2qTyT3SMvAHiqy2z6O-wDmhnJP_-5kQz-vD1QYaCgoIBMfnu2EGH4YqRjBEAiAS-IFoLMsI20DyFzbaylZiEtD3X9BgnQRRencyll696AIgOI-LbrZJVNhGbjVjHfc3YHH-TGnLELjJ-xOwtx3Nzfc

[Entry 1/25] china/henan (China) verified from prior canonical testnet deployment.
Loaded 6 existing entries from /mnt/c/Users/Aftab/Desktop/atlasmirror/evidence/a1-coverage-manifest.json
[GIT] Committed progress locally: feat(coverage): verified 6/25 regions (asia/iran)
[2/25] Region africa/ethiopia (Ethiopia) already verified in manifest. Skipping.
[3/25] Region asia/pakistan (Pakistan) already verified in manifest. Skipping.
[4/25] Region europe/bulgaria (Bulgaria) already verified in manifest. Skipping.
[5/25] Region africa/egypt (Egypt) already verified in manifest. Skipping.
[6/25] Region asia/iran (Iran) already verified in manifest. Skipping.

================================================================================
[7/25] Processing Region: africa/morocco (Morocco)
================================================================================
Fetching published MD5 from https://download.geofabrik.de/africa/morocco-latest.osm.pbf.md5...
Published MD5: ac60aed8b36bac264f2c17c89a584b94
Truthful Source Version/Date: 2026-09-20
Checking existing local PBF /mnt/c/Users/Aftab/Desktop/atlasmirror/test_data/a1_work/africa_morocco-latest.osm.pbf...
✅ Existing local PBF matches live published MD5! Skipping download.
Downloaded Size: 243471217 bytes (232.19 MB)
Computed MD5:    ac60aed8b36bac264f2c17c89a584b94
✅ Geofabrik MD5 verified!
Staging file already on VPS with exact size (243471217 bytes). Skipping SCP.
Candidate Logos Storage CID: zDvZRwzmD3VCUxT9UqAh7mXpT4XmWarwKBFR6p2eRiY7PxjQg3kt

[Integrity Gate] Executing independent external retrieval for CID zDvZRwzmD3VCUxT9UqAh7mXpT4XmWarwKBFR6p2eRiY7PxjQg3kt before on-chain registration...
External retrieval attempt 1/5 for africa/morocco (CID: zDvZRwzmD3VCUxT9UqAh7mXpT4XmWarwKBFR6p2eRiY7PxjQg3kt)...
Live VPS SPR: spr:CiUIAhIhA0DhJ1C6-HZQW8dqk8k90jLwB4qsts-jvsA5oZyT__uZEgID...
{"dependencies_loaded":[],"module":"storage_module","status":"ok","version":"2.1.3"}
{"method":"init","module":"storage_module","result":true,"status":"ok"}
{"method":"start","module":"storage_module","result":true,"status":"ok"}
{"method":"downloadManifest","module":"storage_module","result":{"error":null,"success":true,"value":null},"status":"ok"}
✅ Manifest downloaded and verified in local cache!
{"method":"downloadToUrl","module":"storage_module","result":{"error":null,"success":true,"value":"zDvZRwzmD3VCUxT9UqAh7mXpT4XmWarwKBFR6p2eRiY7PxjQg3kt"},"status":"ok"}
[0s] Download progress: 0.0 MB / 232.2 MB (0.0%)
[15s] Download progress: 0.0 MB / 232.2 MB (0.0%)
[30s] Download progress: 4.0 MB / 232.2 MB (1.7%)
[45s] Download progress: 7.0 MB / 232.2 MB (3.0%)
[60s] Download progress: 11.0 MB / 232.2 MB (4.7%)
[75s] Download progress: 14.0 MB / 232.2 MB (6.0%)
[90s] Download progress: 19.0 MB / 232.2 MB (8.2%)
[105s] Download progress: 24.0 MB / 232.2 MB (10.3%)
[120s] Download progress: 27.0 MB / 232.2 MB (11.6%)
[135s] Download progress: 34.0 MB / 232.2 MB (14.6%)
[150s] Download progress: 39.0 MB / 232.2 MB (16.8%)
[165s] Download progress: 42.0 MB / 232.2 MB (18.1%)
[180s] Download progress: 46.0 MB / 232.2 MB (19.8%)
[195s] Download progress: 48.0 MB / 232.2 MB (20.7%)
[210s] Download progress: 50.0 MB / 232.2 MB (21.5%)
[225s] Download progress: 53.0 MB / 232.2 MB (22.8%)
[240s] Download progress: 56.0 MB / 232.2 MB (24.1%)
[255s] Download progress: 60.0 MB / 232.2 MB (25.8%)
[270s] Download progress: 65.0 MB / 232.2 MB (28.0%)
[285s] Download progress: 70.0 MB / 232.2 MB (30.1%)
[300s] Download progress: 76.0 MB / 232.2 MB (32.7%)
[315s] Download progress: 82.0 MB / 232.2 MB (35.3%)
[330s] Download progress: 87.0 MB / 232.2 MB (37.5%)
[345s] Download progress: 91.0 MB / 232.2 MB (39.2%)
[360s] Download progress: 96.0 MB / 232.2 MB (41.3%)
[375s] Download progress: 102.0 MB / 232.2 MB (43.9%)
[390s] Download progress: 104.0 MB / 232.2 MB (44.8%)
[405s] Download progress: 105.0 MB / 232.2 MB (45.2%)
[420s] Download progress: 110.0 MB / 232.2 MB (47.4%)
[435s] Download progress: 114.0 MB / 232.2 MB (49.1%)
[450s] Download progress: 121.0 MB / 232.2 MB (52.1%)
[465s] Download progress: 125.0 MB / 232.2 MB (53.8%)
[480s] Download progress: 132.0 MB / 232.2 MB (56.8%)
[495s] Download progress: 137.0 MB / 232.2 MB (59.0%)
[510s] Download progress: 144.0 MB / 232.2 MB (62.0%)
[525s] Download progress: 147.0 MB / 232.2 MB (63.3%)
[540s] Download progress: 150.0 MB / 232.2 MB (64.6%)
[555s] Download progress: 153.0 MB / 232.2 MB (65.9%)
[570s] Download progress: 157.0 MB / 232.2 MB (67.6%)
[585s] Download progress: 161.0 MB / 232.2 MB (69.3%)
[600s] Download progress: 163.0 MB / 232.2 MB (70.2%)
[615s] Download progress: 163.0 MB / 232.2 MB (70.2%)
[630s] Download progress: 166.0 MB / 232.2 MB (71.5%)
[645s] Download progress: 169.0 MB / 232.2 MB (72.8%)
[660s] Download progress: 172.0 MB / 232.2 MB (74.1%)
[675s] Download progress: 176.0 MB / 232.2 MB (75.8%)
[690s] Download progress: 178.0 MB / 232.2 MB (76.7%)
[705s] Download progress: 181.0 MB / 232.2 MB (78.0%)
[720s] Download progress: 184.0 MB / 232.2 MB (79.2%)
[735s] Download progress: 187.0 MB / 232.2 MB (80.5%)
[750s] Download progress: 190.0 MB / 232.2 MB (81.8%)
[765s] Download progress: 192.0 MB / 232.2 MB (82.7%)
[780s] Download progress: 195.0 MB / 232.2 MB (84.0%)
[795s] Download progress: 197.0 MB / 232.2 MB (84.8%)
[810s] Download progress: 198.0 MB / 232.2 MB (85.3%)
[825s] Download progress: 200.0 MB / 232.2 MB (86.1%)
[840s] Download progress: 202.0 MB / 232.2 MB (87.0%)
[855s] Download progress: 203.0 MB / 232.2 MB (87.4%)
[870s] Download progress: 205.0 MB / 232.2 MB (88.3%)
[885s] Download progress: 207.0 MB / 232.2 MB (89.2%)
[900s] Download progress: 208.0 MB / 232.2 MB (89.6%)
[915s] Download progress: 211.0 MB / 232.2 MB (90.9%)
[930s] Download progress: 214.0 MB / 232.2 MB (92.2%)
[945s] Download progress: 216.0 MB / 232.2 MB (93.0%)
[960s] Download progress: 219.0 MB / 232.2 MB (94.3%)
[975s] Download progress: 222.0 MB / 232.2 MB (95.6%)
[990s] Download progress: 224.0 MB / 232.2 MB (96.5%)
[1005s] Download progress: 227.0 MB / 232.2 MB (97.8%)
[1020s] Download progress: 230.0 MB / 232.2 MB (99.1%)
External retrieval complete: 243471217/243471217 bytes (1031s)
Retrieved Size: 243471217 (Expected: 243471217)
Retrieved MD5:  ac60aed8b36bac264f2c17c89a584b94 (Expected: ac60aed8b36bac264f2c17c89a584b94)
✅ CID zDvZRwzmD3VCUxT9UqAh7mXpT4XmWarwKBFR6p2eRiY7PxjQg3kt CRYPTOGRAPHICALLY PROVEN: 100% MD5 MATCH WITH GEOFABRIK!

Registering/updating africa/morocco on Canonical Logos Testnet (account T8T4nfBcLDNUycWNQ4SyrvsduRZZ8Uxk5XSzS2XMvci)...
Registration parameters: CID=zDvZRwzmD3VCUxT9UqAh7mXpT4XmWarwKBFR6p2eRiY7PxjQg3kt, MD5=ac60aed8b36bac264f2c17c89a584b94, Version=2026-09-20, Timestamp=1789983272
On-chain submission attempt 1/3 for africa/morocco...
Program ID: [1108401340, 224902513, 3719279011, 2256696779, 2279479750, 2288278838, 1677050569, 1334542228]
Building RegisterRegion instruction: RegisterRegionArgs { region: "africa/morocco", parent: Some("africa"), level: Subregion, cid: "zDvZRwzmD3VCUxT9UqAh7mXpT4XmWarwKBFR6p2eRiY7PxjQg3kt", source_url: "https://download.geofabrik.de/africa/morocco-latest.osm.pbf", checksum: "ac60aed8b36bac264f2c17c89a584b94", version: "2026-09-20", hosted: true, timestamp: 1789983272 }
Transaction submitted! Hash: 511320378daf39ca57c6161fc9c52cd1053f29e59df9a6ae8e1c7648dad195b0
Polling for transaction finalization...
Transaction hash is 511320378daf39ca57c6161fc9c52cd1053f29e59df9a6ae8e1c7648dad195b0
Transaction is included in block 18444
Transaction data is Public(PublicTransaction { message: Message { program_id: "bcdc104271bd670da3b1afddcb758286c619de87365d6488c9c2f563947f8b4f", account_ids: [T8T4nfBcLDNUycWNQ4SyrvsduRZZ8Uxk5XSzS2XMvci], nonces: [Nonce(8)], instruction_data: [1, 14, 1769104993, 1831821667, 1668248175, 28515, 1, 6, 1769104993, 24931, 1, 52, 1517700218, 1836742482, 1129722692, 961837141, 1749119317, 1884843319, 1834497108, 2003984727, 1380336203, 1697804342, 928606546, 1365932112, 1953182567, 59, 1886680168, 791624307, 1853321060, 1684107116, 1868916526, 1919050086, 1680763753, 1717645157, 1633905010, 1919905071, 1868784495, 1952541741, 779383653, 778924911, 6709872, 32, 808870753, 946103649, 1647719266, 909271905, 1664247348, 946026289, 943022393, 876175924, 10, 909258802, 758722605, 12338, 1, 1789983272, 0] }, witness_set: WitnessSet { signatures_and_public_keys: [(7f283152b2c4bc95143c805c6998c5d7c28fce22a4eda2a371d882ee3ff625e41df98be236045f6fea1387df552bb9d11bde2a0f2d923e3e0fcc24a9b0e81c4d, 922b3959aead75f725bc70b319bc7733350630b8d1cc14aa366b917b785554da)] } })
Stored persistent accounts at /root/.lee/wallet-testnet-compatible/storage.json
Transaction finalized successfully! Result: TransactionExecuted { tx_hash: 511320378daf39ca57c6161fc9c52cd1053f29e59df9a6ae8e1c7648dad195b0 }

✅ On-chain registration/update confirmed! Tx: 511320378daf39ca57c6161fc9c52cd1053f29e59df9a6ae8e1c7648dad195b0, Block: 18444
✅ Canonical on-chain query verified!
[GIT] Committed progress locally: feat(coverage): verified 7/25 regions (africa/morocco)
✅ Region africa/morocco verified and added to manifest (7/25).

================================================================================
[8/25] Processing Region: asia/malaysia-singapore-brunei (Malaysia)
================================================================================
Fetching published MD5 from https://download.geofabrik.de/asia/malaysia-singapore-brunei-latest.osm.pbf.md5...
Published MD5: 203cebee0dbaa4e8464b777cd10698e6
Truthful Source Version/Date: 2026-09-20
Downloading https://download.geofabrik.de/asia/malaysia-singapore-brunei-latest.osm.pbf...
Download finished in 252.7s
Downloaded Size: 251169608 bytes (239.53 MB)
Computed MD5:    203cebee0dbaa4e8464b777cd10698e6
✅ Geofabrik MD5 verified!
Transferring to VPS: /root/atlasmirror_vps/staging_asia_malaysia-singapore-brunei.osm.pbf...
Uploading to VPS Logos Storage...
uploadUrl response: {"method":"uploadUrl","module":"storage_module","result":{"error":null,"success":true,"value":"0"},"status":"ok"}
Waiting for VPS block ingestion to complete...
VPS block ingestion finished at 2803 blocks.
Candidate Logos Storage CID: zDvZRwzkxgamWxqXcSCp2m8Z5WicCRd79MVy8B3duQ8gCZJSc11Y

[Integrity Gate] Executing independent external retrieval for CID zDvZRwzkxgamWxqXcSCp2m8Z5WicCRd79MVy8B3duQ8gCZJSc11Y before on-chain registration...
External retrieval attempt 1/5 for asia/malaysia-singapore-brunei (CID: zDvZRwzkxgamWxqXcSCp2m8Z5WicCRd79MVy8B3duQ8gCZJSc11Y)...
Live VPS SPR: spr:CiUIAhIhA0DhJ1C6-HZQW8dqk8k90jLwB4qsts-jvsA5oZyT__uZEgID...
{"dependencies_loaded":[],"module":"storage_module","status":"ok","version":"2.1.3"}
{"method":"init","module":"storage_module","result":false,"status":"ok"}
{"method":"start","module":"storage_module","result":false,"status":"ok"}
{"method":"downloadManifest","module":"storage_module","result":{"error":"Storage context not initialized.","success":false,"value":null},"status":"ok"}
[INFO] Manifest fetch attempt 1/5 failed, waiting 10s for DHT peer discovery...
{"method":"downloadManifest","module":"storage_module","result":{"error":"Storage context not initialized.","success":false,"value":null},"status":"ok"}
[INFO] Manifest fetch attempt 2/5 failed, waiting 10s for DHT peer discovery...
{"method":"downloadManifest","module":"storage_module","result":{"error":"Storage context not initialized.","success":false,"value":null},"status":"ok"}
[INFO] Manifest fetch attempt 3/5 failed, waiting 10s for DHT peer discovery...
{"method":"downloadManifest","module":"storage_module","result":{"error":"Storage context not initialized.","success":false,"value":null},"status":"ok"}
[INFO] Manifest fetch attempt 4/5 failed, waiting 10s for DHT peer discovery...
{"method":"downloadManifest","module":"storage_module","result":{"error":"Storage context not initialized.","success":false,"value":null},"status":"ok"}
[INFO] Manifest fetch attempt 5/5 failed, waiting 10s for DHT peer discovery...
[WARN] Manifest not ready on attempt 1. Restarting VPS storage node...
[WARN] Manifest not ready on attempt 1. Retrying with fresh daemon...
External retrieval attempt 2/5 for asia/malaysia-singapore-brunei (CID: zDvZRwzkxgamWxqXcSCp2m8Z5WicCRd79MVy8B3duQ8gCZJSc11Y)...
Live VPS SPR: spr:CiUIAhIhA0DhJ1C6-HZQW8dqk8k90jLwB4qsts-jvsA5oZyT__uZEgID...
{"dependencies_loaded":[],"module":"storage_module","status":"ok","version":"2.1.3"}
{"method":"init","module":"storage_module","result":true,"status":"ok"}
{"method":"start","module":"storage_module","result":true,"status":"ok"}
{"method":"downloadManifest","module":"storage_module","result":{"error":null,"success":true,"value":null},"status":"ok"}
[WARN] Manifest fetch returned error: Failed to fetch manifest: Failed to fetch manifest zDvZRwzkxgamWxqXcSCp2m8Z5WicCRd79MVy8B3duQ8gCZJSc11Y after 10 attempts: Key doesn't exist
[WARN] Manifest fetch returned error: Failed to fetch manifest: Failed to fetch manifest zDvZRwzkxgamWxqXcSCp2m8Z5WicCRd79MVy8B3duQ8gCZJSc11Y after 10 attempts: Key doesn't exist
[WARN] Manifest fetch returned error: Failed to fetch manifest: Failed to fetch manifest zDvZRwzkxgamWxqXcSCp2m8Z5WicCRd79MVy8B3duQ8gCZJSc11Y after 10 attempts: Key doesn't exist
[WARN] Manifest fetch returned error: Failed to fetch manifest: Failed to fetch manifest zDvZRwzkxgamWxqXcSCp2m8Z5WicCRd79MVy8B3duQ8gCZJSc11Y after 10 attempts: Key doesn't exist
[WARN] Manifest fetch returned error: Failed to fetch manifest: Failed to fetch manifest zDvZRwzkxgamWxqXcSCp2m8Z5WicCRd79MVy8B3duQ8gCZJSc11Y after 10 attempts: Key doesn't exist
[WARN] Manifest fetch returned error: Failed to fetch manifest: Failed to fetch manifest zDvZRwzkxgamWxqXcSCp2m8Z5WicCRd79MVy8B3duQ8gCZJSc11Y after 10 attempts: Key doesn't exist
[WARN] Manifest fetch returned error: Failed to fetch manifest: Failed to fetch manifest zDvZRwzkxgamWxqXcSCp2m8Z5WicCRd79MVy8B3duQ8gCZJSc11Y after 10 attempts: Key doesn't exist
[WARN] Manifest fetch returned error: Failed to fetch manifest: Failed to fetch manifest zDvZRwzkxgamWxqXcSCp2m8Z5WicCRd79MVy8B3duQ8gCZJSc11Y after 10 attempts: Key doesn't exist
[WARN] Manifest fetch returned error: Failed to fetch manifest: Failed to fetch manifest zDvZRwzkxgamWxqXcSCp2m8Z5WicCRd79MVy8B3duQ8gCZJSc11Y after 10 attempts: Key doesn't exist
[WARN] Manifest fetch returned error: Failed to fetch manifest: Failed to fetch manifest zDvZRwzkxgamWxqXcSCp2m8Z5WicCRd79MVy8B3duQ8gCZJSc11Y after 10 attempts: Key doesn't exist
[WARN] Manifest fetch returned error: Failed to fetch manifest: Failed to fetch manifest zDvZRwzkxgamWxqXcSCp2m8Z5WicCRd79MVy8B3duQ8gCZJSc11Y after 10 attempts: Key doesn't exist
[WARN] Manifest fetch returned error: Failed to fetch manifest: Failed to fetch manifest zDvZRwzkxgamWxqXcSCp2m8Z5WicCRd79MVy8B3duQ8gCZJSc11Y after 10 attempts: Key doesn't exist
[WARN] Manifest fetch returned error: Failed to fetch manifest: Failed to fetch manifest zDvZRwzkxgamWxqXcSCp2m8Z5WicCRd79MVy8B3duQ8gCZJSc11Y after 10 attempts: Key doesn't exist
[WARN] Manifest fetch returned error: Failed to fetch manifest: Failed to fetch manifest zDvZRwzkxgamWxqXcSCp2m8Z5WicCRd79MVy8B3duQ8gCZJSc11Y after 10 attempts: Key doesn't exist
[WARN] Manifest fetch returned error: Failed to fetch manifest: Failed to fetch manifest zDvZRwzkxgamWxqXcSCp2m8Z5WicCRd79MVy8B3duQ8gCZJSc11Y after 10 attempts: Key doesn't exist
[WARN] Manifest fetch returned error: Failed to fetch manifest: Failed to fetch manifest zDvZRwzkxgamWxqXcSCp2m8Z5WicCRd79MVy8B3duQ8gCZJSc11Y after 10 attempts: Key doesn't exist
[WARN] Manifest fetch returned error: Failed to fetch manifest: Failed to fetch manifest zDvZRwzkxgamWxqXcSCp2m8Z5WicCRd79MVy8B3duQ8gCZJSc11Y after 10 attempts: Key doesn't exist
[INFO] Manifest fetch attempt 1/5 failed, waiting 10s for DHT peer discovery...
{"method":"downloadManifest","module":"storage_module","result":{"error":null,"success":true,"value":null},"status":"ok"}
[WARN] Manifest fetch returned error: Failed to fetch manifest: Failed to fetch manifest zDvZRwzkxgamWxqXcSCp2m8Z5WicCRd79MVy8B3duQ8gCZJSc11Y after 10 attempts: Key doesn't exist
[WARN] Manifest fetch returned error: Failed to fetch manifest: Failed to fetch manifest zDvZRwzkxgamWxqXcSCp2m8Z5WicCRd79MVy8B3duQ8gCZJSc11Y after 10 attempts: Key doesn't exist
[WARN] Manifest fetch returned error: Failed to fetch manifest: Failed to fetch manifest zDvZRwzkxgamWxqXcSCp2m8Z5WicCRd79MVy8B3duQ8gCZJSc11Y after 10 attempts: Key doesn't exist
[WARN] Manifest fetch returned error: Failed to fetch manifest: Failed to fetch manifest zDvZRwzkxgamWxqXcSCp2m8Z5WicCRd79MVy8B3duQ8gCZJSc11Y after 10 attempts: Key doesn't exist
[WARN] Manifest fetch returned error: Failed to fetch manifest: Failed to fetch manifest zDvZRwzkxgamWxqXcSCp2m8Z5WicCRd79MVy8B3duQ8gCZJSc11Y after 10 attempts: Key doesn't exist
[WARN] Manifest fetch returned error: Failed to fetch manifest: Failed to fetch manifest zDvZRwzkxgamWxqXcSCp2m8Z5WicCRd79MVy8B3duQ8gCZJSc11Y after 10 attempts: Key doesn't exist
[WARN] Manifest fetch returned error: Failed to fetch manifest: Failed to fetch manifest zDvZRwzkxgamWxqXcSCp2m8Z5WicCRd79MVy8B3duQ8gCZJSc11Y after 10 attempts: Key doesn't exist
[WARN] Manifest fetch returned error: Failed to fetch manifest: Failed to fetch manifest zDvZRwzkxgamWxqXcSCp2m8Z5WicCRd79MVy8B3duQ8gCZJSc11Y after 10 attempts: Key doesn't exist
[WARN] Manifest fetch returned error: Failed to fetch manifest: Failed to fetch manifest zDvZRwzkxgamWxqXcSCp2m8Z5WicCRd79MVy8B3duQ8gCZJSc11Y after 10 attempts: Key doesn't exist
[WARN] Manifest fetch returned error: Failed to fetch manifest: Failed to fetch manifest zDvZRwzkxgamWxqXcSCp2m8Z5WicCRd79MVy8B3duQ8gCZJSc11Y after 10 attempts: Key doesn't exist
[WARN] Manifest fetch returned error: Failed to fetch manifest: Failed to fetch manifest zDvZRwzkxgamWxqXcSCp2m8Z5WicCRd79MVy8B3duQ8gCZJSc11Y after 10 attempts: Key doesn't exist
[WARN] Manifest fetch returned error: Failed to fetch manifest: Failed to fetch manifest zDvZRwzkxgamWxqXcSCp2m8Z5WicCRd79MVy8B3duQ8gCZJSc11Y after 10 attempts: Key doesn't exist
[WARN] Manifest fetch returned error: Failed to fetch manifest: Failed to fetch manifest zDvZRwzkxgamWxqXcSCp2m8Z5WicCRd79MVy8B3duQ8gCZJSc11Y after 10 attempts: Key doesn't exist
[WARN] Manifest fetch returned error: Failed to fetch manifest: Failed to fetch manifest zDvZRwzkxgamWxqXcSCp2m8Z5WicCRd79MVy8B3duQ8gCZJSc11Y after 10 attempts: Key doesn't exist
[WARN] Manifest fetch returned error: Failed to fetch manifest: Failed to fetch manifest zDvZRwzkxgamWxqXcSCp2m8Z5WicCRd79MVy8B3duQ8gCZJSc11Y after 10 attempts: Key doesn't exist
[WARN] Manifest fetch returned error: Failed to fetch manifest: Failed to fetch manifest zDvZRwzkxgamWxqXcSCp2m8Z5WicCRd79MVy8B3duQ8gCZJSc11Y after 10 attempts: Key doesn't exist
[WARN] Manifest fetch returned error: Failed to fetch manifest: Failed to fetch manifest zDvZRwzkxgamWxqXcSCp2m8Z5WicCRd79MVy8B3duQ8gCZJSc11Y after 10 attempts: Key doesn't exist
[INFO] Manifest fetch attempt 2/5 failed, waiting 10s for DHT peer discovery...
{"method":"downloadManifest","module":"storage_module","result":{"error":null,"success":true,"value":null},"status":"ok"}
[WARN] Manifest fetch returned error: Failed to fetch manifest: Failed to fetch manifest zDvZRwzkxgamWxqXcSCp2m8Z5WicCRd79MVy8B3duQ8gCZJSc11Y after 10 attempts: Key doesn't exist
[WARN] Manifest fetch returned error: Failed to fetch manifest: Failed to fetch manifest zDvZRwzkxgamWxqXcSCp2m8Z5WicCRd79MVy8B3duQ8gCZJSc11Y after 10 attempts: Key doesn't exist
[WARN] Manifest fetch returned error: Failed to fetch manifest: Failed to fetch manifest zDvZRwzkxgamWxqXcSCp2m8Z5WicCRd79MVy8B3duQ8gCZJSc11Y after 10 attempts: Key doesn't exist
[WARN] Manifest fetch returned error: Failed to fetch manifest: Failed to fetch manifest zDvZRwzkxgamWxqXcSCp2m8Z5WicCRd79MVy8B3duQ8gCZJSc11Y after 10 attempts: Key doesn't exist
[WARN] Manifest fetch returned error: Failed to fetch manifest: Failed to fetch manifest zDvZRwzkxgamWxqXcSCp2m8Z5WicCRd79MVy8B3duQ8gCZJSc11Y after 10 attempts: Key doesn't exist
[WARN] Manifest fetch returned error: Failed to fetch manifest: Failed to fetch manifest zDvZRwzkxgamWxqXcSCp2m8Z5WicCRd79MVy8B3duQ8gCZJSc11Y after 10 attempts: Key doesn't exist
[WARN] Manifest fetch returned error: Failed to fetch manifest: Failed to fetch manifest zDvZRwzkxgamWxqXcSCp2m8Z5WicCRd79MVy8B3duQ8gCZJSc11Y after 10 attempts: Key doesn't exist
[WARN] Manifest fetch returned error: Failed to fetch manifest: Failed to fetch manifest zDvZRwzkxgamWxqXcSCp2m8Z5WicCRd79MVy8B3duQ8gCZJSc11Y after 10 attempts: Key doesn't exist
[WARN] Manifest fetch returned error: Failed to fetch manifest: Failed to fetch manifest zDvZRwzkxgamWxqXcSCp2m8Z5WicCRd79MVy8B3duQ8gCZJSc11Y after 10 attempts: Key doesn't exist
[WARN] Manifest fetch returned error: Failed to fetch manifest: Failed to fetch manifest zDvZRwzkxgamWxqXcSCp2m8Z5WicCRd79MVy8B3duQ8gCZJSc11Y after 10 attempts: Key doesn't exist
[WARN] Manifest fetch returned error: Failed to fetch manifest: Failed to fetch manifest zDvZRwzkxgamWxqXcSCp2m8Z5WicCRd79MVy8B3duQ8gCZJSc11Y after 10 attempts: Key doesn't exist
[WARN] Manifest fetch returned error: Failed to fetch manifest: Failed to fetch manifest zDvZRwzkxgamWxqXcSCp2m8Z5WicCRd79MVy8B3duQ8gCZJSc11Y after 10 attempts: Key doesn't exist
[WARN] Manifest fetch returned error: Failed to fetch manifest: Failed to fetch manifest zDvZRwzkxgamWxqXcSCp2m8Z5WicCRd79MVy8B3duQ8gCZJSc11Y after 10 attempts: Key doesn't exist
[WARN] Manifest fetch returned error: Failed to fetch manifest: Failed to fetch manifest zDvZRwzkxgamWxqXcSCp2m8Z5WicCRd79MVy8B3duQ8gCZJSc11Y after 10 attempts: Key doesn't exist
[WARN] Manifest fetch returned error: Failed to fetch manifest: Failed to fetch manifest zDvZRwzkxgamWxqXcSCp2m8Z5WicCRd79MVy8B3duQ8gCZJSc11Y after 10 attempts: Key doesn't exist
[WARN] Manifest fetch returned error: Failed to fetch manifest: Failed to fetch manifest zDvZRwzkxgamWxqXcSCp2m8Z5WicCRd79MVy8B3duQ8gCZJSc11Y after 10 attempts: Key doesn't exist
[WARN] Manifest fetch returned error: Failed to fetch manifest: Failed to fetch manifest zDvZRwzkxgamWxqXcSCp2m8Z5WicCRd79MVy8B3duQ8gCZJSc11Y after 10 attempts: Key doesn't exist
[INFO] Manifest fetch attempt 3/5 failed, waiting 10s for DHT peer discovery...
{"method":"downloadManifest","module":"storage_module","result":{"error":null,"success":true,"value":null},"status":"ok"}
[WARN] Manifest fetch returned error: Failed to fetch manifest: Failed to fetch manifest zDvZRwzkxgamWxqXcSCp2m8Z5WicCRd79MVy8B3duQ8gCZJSc11Y after 10 attempts: Key doesn't exist
[WARN] Manifest fetch returned error: Failed to fetch manifest: Failed to fetch manifest zDvZRwzkxgamWxqXcSCp2m8Z5WicCRd79MVy8B3duQ8gCZJSc11Y after 10 attempts: Key doesn't exist
[WARN] Manifest fetch returned error: Failed to fetch manifest: Failed to fetch manifest zDvZRwzkxgamWxqXcSCp2m8Z5WicCRd79MVy8B3duQ8gCZJSc11Y after 10 attempts: Key doesn't exist
[WARN] Manifest fetch returned error: Failed to fetch manifest: Failed to fetch manifest zDvZRwzkxgamWxqXcSCp2m8Z5WicCRd79MVy8B3duQ8gCZJSc11Y after 10 attempts: Key doesn't exist
[WARN] Manifest fetch returned error: Failed to fetch manifest: Failed to fetch manifest zDvZRwzkxgamWxqXcSCp2m8Z5WicCRd79MVy8B3duQ8gCZJSc11Y after 10 attempts: Key doesn't exist
[WARN] Manifest fetch returned error: Failed to fetch manifest: Failed to fetch manifest zDvZRwzkxgamWxqXcSCp2m8Z5WicCRd79MVy8B3duQ8gCZJSc11Y after 10 attempts: Key doesn't exist
[WARN] Manifest fetch returned error: Failed to fetch manifest: Failed to fetch manifest zDvZRwzkxgamWxqXcSCp2m8Z5WicCRd79MVy8B3duQ8gCZJSc11Y after 10 attempts: Key doesn't exist
[WARN] Manifest fetch returned error: Failed to fetch manifest: Failed to fetch manifest zDvZRwzkxgamWxqXcSCp2m8Z5WicCRd79MVy8B3duQ8gCZJSc11Y after 10 attempts: Key doesn't exist
[WARN] Manifest fetch returned error: Failed to fetch manifest: Failed to fetch manifest zDvZRwzkxgamWxqXcSCp2m8Z5WicCRd79MVy8B3duQ8gCZJSc11Y after 10 attempts: Key doesn't exist
[WARN] Manifest fetch returned error: Failed to fetch manifest: Failed to fetch manifest zDvZRwzkxgamWxqXcSCp2m8Z5WicCRd79MVy8B3duQ8gCZJSc11Y after 10 attempts: Key doesn't exist
[WARN] Manifest fetch returned error: Failed to fetch manifest: Failed to fetch manifest zDvZRwzkxgamWxqXcSCp2m8Z5WicCRd79MVy8B3duQ8gCZJSc11Y after 10 attempts: Key doesn't exist
[WARN] Manifest fetch returned error: Failed to fetch manifest: Failed to fetch manifest zDvZRwzkxgamWxqXcSCp2m8Z5WicCRd79MVy8B3duQ8gCZJSc11Y after 10 attempts: Key doesn't exist
[WARN] Manifest fetch returned error: Failed to fetch manifest: Failed to fetch manifest zDvZRwzkxgamWxqXcSCp2m8Z5WicCRd79MVy8B3duQ8gCZJSc11Y after 10 attempts: Key doesn't exist
[WARN] Manifest fetch returned error: Failed to fetch manifest: Failed to fetch manifest zDvZRwzkxgamWxqXcSCp2m8Z5WicCRd79MVy8B3duQ8gCZJSc11Y after 10 attempts: Key doesn't exist
[WARN] Manifest fetch returned error: Failed to fetch manifest: Failed to fetch manifest zDvZRwzkxgamWxqXcSCp2m8Z5WicCRd79MVy8B3duQ8gCZJSc11Y after 10 attempts: Key doesn't exist
[WARN] Manifest fetch returned error: Failed to fetch manifest: Failed to fetch manifest zDvZRwzkxgamWxqXcSCp2m8Z5WicCRd79MVy8B3duQ8gCZJSc11Y after 10 attempts: Key doesn't exist
[WARN] Manifest fetch returned error: Failed to fetch manifest: Failed to fetch manifest zDvZRwzkxgamWxqXcSCp2m8Z5WicCRd79MVy8B3duQ8gCZJSc11Y after 10 attempts: Key doesn't exist
[INFO] Manifest fetch attempt 4/5 failed, waiting 10s for DHT peer discovery...
{"method":"downloadManifest","module":"storage_module","result":{"error":null,"success":true,"value":null},"status":"ok"}
[WARN] Manifest fetch returned error: Failed to fetch manifest: Failed to fetch manifest zDvZRwzkxgamWxqXcSCp2m8Z5WicCRd79MVy8B3duQ8gCZJSc11Y after 10 attempts: Key doesn't exist
[WARN] Manifest fetch returned error: Failed to fetch manifest: Failed to fetch manifest zDvZRwzkxgamWxqXcSCp2m8Z5WicCRd79MVy8B3duQ8gCZJSc11Y after 10 attempts: Key doesn't exist
[WARN] Manifest fetch returned error: Failed to fetch manifest: Failed to fetch manifest zDvZRwzkxgamWxqXcSCp2m8Z5WicCRd79MVy8B3duQ8gCZJSc11Y after 10 attempts: Key doesn't exist
[WARN] Manifest fetch returned error: Failed to fetch manifest: Failed to fetch manifest zDvZRwzkxgamWxqXcSCp2m8Z5WicCRd79MVy8B3duQ8gCZJSc11Y after 10 attempts: Key doesn't exist
[WARN] Manifest fetch returned error: Failed to fetch manifest: Failed to fetch manifest zDvZRwzkxgamWxqXcSCp2m8Z5WicCRd79MVy8B3duQ8gCZJSc11Y after 10 attempts: Key doesn't exist
[WARN] Manifest fetch returned error: Failed to fetch manifest: Failed to fetch manifest zDvZRwzkxgamWxqXcSCp2m8Z5WicCRd79MVy8B3duQ8gCZJSc11Y after 10 attempts: Key doesn't exist
[WARN] Manifest fetch returned error: Failed to fetch manifest: Failed to fetch manifest zDvZRwzkxgamWxqXcSCp2m8Z5WicCRd79MVy8B3duQ8gCZJSc11Y after 10 attempts: Key doesn't exist
[WARN] Manifest fetch returned error: Failed to fetch manifest: Failed to fetch manifest zDvZRwzkxgamWxqXcSCp2m8Z5WicCRd79MVy8B3duQ8gCZJSc11Y after 10 attempts: Key doesn't exist
[WARN] Manifest fetch returned error: Failed to fetch manifest: Failed to fetch manifest zDvZRwzkxgamWxqXcSCp2m8Z5WicCRd79MVy8B3duQ8gCZJSc11Y after 10 attempts: Key doesn't exist
[WARN] Manifest fetch returned error: Failed to fetch manifest: Failed to fetch manifest zDvZRwzkxgamWxqXcSCp2m8Z5WicCRd79MVy8B3duQ8gCZJSc11Y after 10 attempts: Key doesn't exist
[WARN] Manifest fetch returned error: Failed to fetch manifest: Failed to fetch manifest zDvZRwzkxgamWxqXcSCp2m8Z5WicCRd79MVy8B3duQ8gCZJSc11Y after 10 attempts: Key doesn't exist
[WARN] Manifest fetch returned error: Failed to fetch manifest: Failed to fetch manifest zDvZRwzkxgamWxqXcSCp2m8Z5WicCRd79MVy8B3duQ8gCZJSc11Y after 10 attempts: Key doesn't exist
[WARN] Manifest fetch returned error: Failed to fetch manifest: Failed to fetch manifest zDvZRwzkxgamWxqXcSCp2m8Z5WicCRd79MVy8B3duQ8gCZJSc11Y after 10 attempts: Key doesn't exist
[WARN] Manifest fetch returned error: Failed to fetch manifest: Failed to fetch manifest zDvZRwzkxgamWxqXcSCp2m8Z5WicCRd79MVy8B3duQ8gCZJSc11Y after 10 attempts: Key doesn't exist
[WARN] Manifest fetch returned error: Failed to fetch manifest: Failed to fetch manifest zDvZRwzkxgamWxqXcSCp2m8Z5WicCRd79MVy8B3duQ8gCZJSc11Y after 10 attempts: Key doesn't exist
[WARN] Manifest fetch returned error: Failed to fetch manifest: Failed to fetch manifest zDvZRwzkxgamWxqXcSCp2m8Z5WicCRd79MVy8B3duQ8gCZJSc11Y after 10 attempts: Key doesn't exist
[WARN] Manifest fetch returned error: Failed to fetch manifest: Failed to fetch manifest zDvZRwzkxgamWxqXcSCp2m8Z5WicCRd79MVy8B3duQ8gCZJSc11Y after 10 attempts: Key doesn't exist
[INFO] Manifest fetch attempt 5/5 failed, waiting 10s for DHT peer discovery...
[WARN] Manifest not ready on attempt 2. Restarting VPS storage node...
[WARN] Manifest not ready on attempt 2. Retrying with fresh daemon...
External retrieval attempt 3/5 for asia/malaysia-singapore-brunei (CID: zDvZRwzkxgamWxqXcSCp2m8Z5WicCRd79MVy8B3duQ8gCZJSc11Y)...
Live VPS SPR: spr:CiUIAhIhA0DhJ1C6-HZQW8dqk8k90jLwB4qsts-jvsA5oZyT__uZEgID...
{"dependencies_loaded":[],"module":"storage_module","status":"ok","version":"2.1.3"}
{"method":"init","module":"storage_module","result":true,"status":"ok"}
{"method":"start","module":"storage_module","result":true,"status":"ok"}
{"method":"downloadManifest","module":"storage_module","result":{"error":null,"success":true,"value":null},"status":"ok"}
✅ Manifest downloaded and verified in local cache!
{"method":"downloadToUrl","module":"storage_module","result":{"error":null,"success":true,"value":"zDvZRwzkxgamWxqXcSCp2m8Z5WicCRd79MVy8B3duQ8gCZJSc11Y"},"status":"ok"}
[15s] Download progress: 4.0 MB / 239.5 MB (1.7%)
[30s] Download progress: 11.0 MB / 239.5 MB (4.6%)
[45s] Download progress: 17.0 MB / 239.5 MB (7.1%)
[60s] Download progress: 23.0 MB / 239.5 MB (9.6%)
[75s] Download progress: 29.0 MB / 239.5 MB (12.1%)
[90s] Download progress: 34.0 MB / 239.5 MB (14.2%)
[105s] Download progress: 40.0 MB / 239.5 MB (16.7%)
[120s] Download progress: 46.0 MB / 239.5 MB (19.2%)
[135s] Download progress: 52.0 MB / 239.5 MB (21.7%)
[150s] Download progress: 58.0 MB / 239.5 MB (24.2%)
[165s] Download progress: 64.0 MB / 239.5 MB (26.7%)
[180s] Download progress: 67.0 MB / 239.5 MB (28.0%)
[195s] Download progress: 72.0 MB / 239.5 MB (30.1%)
[210s] Download progress: 76.0 MB / 239.5 MB (31.7%)
[225s] Download progress: 81.0 MB / 239.5 MB (33.8%)
[240s] Download progress: 86.0 MB / 239.5 MB (35.9%)
[255s] Download progress: 90.0 MB / 239.5 MB (37.6%)
[270s] Download progress: 96.0 MB / 239.5 MB (40.1%)
[285s] Download progress: 101.0 MB / 239.5 MB (42.2%)
[300s] Download progress: 107.0 MB / 239.5 MB (44.7%)
[315s] Download progress: 111.0 MB / 239.5 MB (46.3%)
[330s] Download progress: 116.0 MB / 239.5 MB (48.4%)
[345s] Download progress: 122.0 MB / 239.5 MB (50.9%)
[360s] Download progress: 128.0 MB / 239.5 MB (53.4%)
[375s] Download progress: 132.0 MB / 239.5 MB (55.1%)
[390s] Download progress: 137.0 MB / 239.5 MB (57.2%)
[405s] Download progress: 143.0 MB / 239.5 MB (59.7%)
[420s] Download progress: 148.0 MB / 239.5 MB (61.8%)
[435s] Download progress: 154.0 MB / 239.5 MB (64.3%)
[450s] Download progress: 160.0 MB / 239.5 MB (66.8%)
[465s] Download progress: 166.0 MB / 239.5 MB (69.3%)
[480s] Download progress: 171.0 MB / 239.5 MB (71.4%)
[495s] Download progress: 176.0 MB / 239.5 MB (73.5%)
[510s] Download progress: 181.0 MB / 239.5 MB (75.6%)
[525s] Download progress: 186.0 MB / 239.5 MB (77.7%)
[540s] Download progress: 192.0 MB / 239.5 MB (80.2%)
[555s] Download progress: 197.0 MB / 239.5 MB (82.2%)
[570s] Download progress: 203.0 MB / 239.5 MB (84.7%)
[585s] Download progress: 208.0 MB / 239.5 MB (86.8%)
[600s] Download progress: 214.0 MB / 239.5 MB (89.3%)
[615s] Download progress: 214.0 MB / 239.5 MB (89.3%)
[630s] Download progress: 218.0 MB / 239.5 MB (91.0%)
[645s] Download progress: 222.0 MB / 239.5 MB (92.7%)
[660s] Download progress: 225.0 MB / 239.5 MB (93.9%)
[675s] Download progress: 229.0 MB / 239.5 MB (95.6%)
[690s] Download progress: 232.0 MB / 239.5 MB (96.9%)
[705s] Download progress: 235.0 MB / 239.5 MB (98.1%)
[720s] Download progress: 238.0 MB / 239.5 MB (99.4%)
External retrieval complete: 251169608/251169608 bytes (725s)
Retrieved Size: 251169608 (Expected: 251169608)
Retrieved MD5:  203cebee0dbaa4e8464b777cd10698e6 (Expected: 203cebee0dbaa4e8464b777cd10698e6)
✅ CID zDvZRwzkxgamWxqXcSCp2m8Z5WicCRd79MVy8B3duQ8gCZJSc11Y CRYPTOGRAPHICALLY PROVEN: 100% MD5 MATCH WITH GEOFABRIK!

Registering/updating asia/malaysia-singapore-brunei on Canonical Logos Testnet (account T8T4nfBcLDNUycWNQ4SyrvsduRZZ8Uxk5XSzS2XMvci)...
Registration parameters: CID=zDvZRwzkxgamWxqXcSCp2m8Z5WicCRd79MVy8B3duQ8gCZJSc11Y, MD5=203cebee0dbaa4e8464b777cd10698e6, Version=2026-09-20, Timestamp=1789985535
On-chain submission attempt 1/3 for asia/malaysia-singapore-brunei...
Program ID: [1108401340, 224902513, 3719279011, 2256696779, 2279479750, 2288278838, 1677050569, 1334542228]
Building RegisterRegion instruction: RegisterRegionArgs { region: "asia/malaysia-singapore-brunei", parent: Some("asia"), level: Subregion, cid: "zDvZRwzkxgamWxqXcSCp2m8Z5WicCRd79MVy8B3duQ8gCZJSc11Y", source_url: "https://download.geofabrik.de/asia/malaysia-singapore-brunei-latest.osm.pbf", checksum: "203cebee0dbaa4e8464b777cd10698e6", version: "2026-09-20", hosted: true, timestamp: 1789985535 }
Transaction submitted! Hash: 24653c4c49fe7394ec58dc9e87e4f2398b82557e98113e97f3e87264560fa378
Polling for transaction finalization...
Transaction hash is 24653c4c49fe7394ec58dc9e87e4f2398b82557e98113e97f3e87264560fa378
Transaction is included in block 18481
Transaction data is Public(PublicTransaction { message: Message { program_id: "bcdc104271bd670da3b1afddcb758286c619de87365d6488c9c2f563947f8b4f", account_ids: [T8T4nfBcLDNUycWNQ4SyrvsduRZZ8Uxk5XSzS2XMvci], nonces: [Nonce(9)], instruction_data: [1, 30, 1634300769, 1818324271, 1769175393, 1769155937, 1885431662, 761623151, 1853190754, 26981, 1, 4, 1634300769, 1, 52, 1517700218, 1803188050, 1835100024, 1483831383, 1883460451, 1513647410, 1667847989, 929321539, 2035699001, 1681080888, 1731744117, 1397381699, 1496396131, 75, 1886680168, 791624307, 1853321060, 1684107116, 1868916526, 1919050086, 1680763753, 1935748965, 1831821673, 2036427873, 761358707, 1735289203, 1919905889, 1919036773, 1768255093, 1952541741, 779383653, 778924911, 6709872, 32, 1664299058, 1701143141, 1633838128, 946156641, 1647588916, 1664562999, 909128036, 912603193, 10, 909258802, 758722605, 12338, 1, 1789985535, 0] }, witness_set: WitnessSet { signatures_and_public_keys: [(e2bc05b76d99799ef0c000440b27353b1731a9021b2030a523aca70c4e4a0c68caf60395c45f14ccd469b0f98b6aedc7296f27b90413bed16e9868d2e17dc8f8, 922b3959aead75f725bc70b319bc7733350630b8d1cc14aa366b917b785554da)] } })
Stored persistent accounts at /root/.lee/wallet-testnet-compatible/storage.json
Transaction finalized successfully! Result: TransactionExecuted { tx_hash: 24653c4c49fe7394ec58dc9e87e4f2398b82557e98113e97f3e87264560fa378 }

✅ On-chain registration/update confirmed! Tx: 24653c4c49fe7394ec58dc9e87e4f2398b82557e98113e97f3e87264560fa378, Block: 18481
✅ Canonical on-chain query verified!
[GIT] Committed progress locally: feat(coverage): verified 8/25 regions (asia/malaysia-singapore-brunei)
✅ Region asia/malaysia-singapore-brunei verified and added to manifest (8/25).

================================================================================
[9/25] Processing Region: south-america/peru (Peru)
================================================================================
Fetching published MD5 from https://download.geofabrik.de/south-america/peru-latest.osm.pbf.md5...
Published MD5: 3ce815fb4f8d384834c09b9771a5a046
Truthful Source Version/Date: 2026-09-20
Downloading https://download.geofabrik.de/south-america/peru-latest.osm.pbf...
Download finished in 473.4s
Downloaded Size: 255996755 bytes (244.14 MB)
Computed MD5:    3ce815fb4f8d384834c09b9771a5a046
✅ Geofabrik MD5 verified!
Transferring to VPS: /root/atlasmirror_vps/staging_south-america_peru.osm.pbf...
Uploading to VPS Logos Storage...
uploadUrl response: {"method":"uploadUrl","module":"storage_module","result":{"error":null,"success":true,"value":"0"},"status":"ok"}
Waiting for VPS block ingestion to complete...
VPS block ingestion finished at 2951 blocks.
Candidate Logos Storage CID: zDvZRwzkyD6taBT1J1PTjwjYRQQ9S2b3GErm2ce7zyLRk9jE7rjG

[Integrity Gate] Executing independent external retrieval for CID zDvZRwzkyD6taBT1J1PTjwjYRQQ9S2b3GErm2ce7zyLRk9jE7rjG before on-chain registration...
External retrieval attempt 1/5 for south-america/peru (CID: zDvZRwzkyD6taBT1J1PTjwjYRQQ9S2b3GErm2ce7zyLRk9jE7rjG)...
Live VPS SPR: spr:CiUIAhIhA0DhJ1C6-HZQW8dqk8k90jLwB4qsts-jvsA5oZyT__uZEgID...
{"dependencies_loaded":[],"module":"storage_module","status":"ok","version":"2.1.3"}
{"method":"init","module":"storage_module","result":true,"status":"ok"}
{"method":"start","module":"storage_module","result":true,"status":"ok"}
{"method":"downloadManifest","module":"storage_module","result":{"error":null,"success":true,"value":null},"status":"ok"}
[WARN] Manifest fetch returned error: Failed to fetch manifest: Failed to fetch manifest zDvZRwzkyD6taBT1J1PTjwjYRQQ9S2b3GErm2ce7zyLRk9jE7rjG after 10 attempts: Key doesn't exist
[WARN] Manifest fetch returned error: Failed to fetch manifest: Failed to fetch manifest zDvZRwzkyD6taBT1J1PTjwjYRQQ9S2b3GErm2ce7zyLRk9jE7rjG after 10 attempts: Key doesn't exist
[WARN] Manifest fetch returned error: Failed to fetch manifest: Failed to fetch manifest zDvZRwzkyD6taBT1J1PTjwjYRQQ9S2b3GErm2ce7zyLRk9jE7rjG after 10 attempts: Key doesn't exist
[WARN] Manifest fetch returned error: Failed to fetch manifest: Failed to fetch manifest zDvZRwzkyD6taBT1J1PTjwjYRQQ9S2b3GErm2ce7zyLRk9jE7rjG after 10 attempts: Key doesn't exist
[WARN] Manifest fetch returned error: Failed to fetch manifest: Failed to fetch manifest zDvZRwzkyD6taBT1J1PTjwjYRQQ9S2b3GErm2ce7zyLRk9jE7rjG after 10 attempts: Key doesn't exist
[WARN] Manifest fetch returned error: Failed to fetch manifest: Failed to fetch manifest zDvZRwzkyD6taBT1J1PTjwjYRQQ9S2b3GErm2ce7zyLRk9jE7rjG after 10 attempts: Key doesn't exist
[WARN] Manifest fetch returned error: Failed to fetch manifest: Failed to fetch manifest zDvZRwzkyD6taBT1J1PTjwjYRQQ9S2b3GErm2ce7zyLRk9jE7rjG after 10 attempts: Key doesn't exist
[WARN] Manifest fetch returned error: Failed to fetch manifest: Failed to fetch manifest zDvZRwzkyD6taBT1J1PTjwjYRQQ9S2b3GErm2ce7zyLRk9jE7rjG after 10 attempts: Key doesn't exist
[WARN] Manifest fetch returned error: Failed to fetch manifest: Failed to fetch manifest zDvZRwzkyD6taBT1J1PTjwjYRQQ9S2b3GErm2ce7zyLRk9jE7rjG after 10 attempts: Key doesn't exist
[WARN] Manifest fetch returned error: Failed to fetch manifest: Failed to fetch manifest zDvZRwzkyD6taBT1J1PTjwjYRQQ9S2b3GErm2ce7zyLRk9jE7rjG after 10 attempts: Key doesn't exist
[WARN] Manifest fetch returned error: Failed to fetch manifest: Failed to fetch manifest zDvZRwzkyD6taBT1J1PTjwjYRQQ9S2b3GErm2ce7zyLRk9jE7rjG after 10 attempts: Key doesn't exist
[WARN] Manifest fetch returned error: Failed to fetch manifest: Failed to fetch manifest zDvZRwzkyD6taBT1J1PTjwjYRQQ9S2b3GErm2ce7zyLRk9jE7rjG after 10 attempts: Key doesn't exist
[WARN] Manifest fetch returned error: Failed to fetch manifest: Failed to fetch manifest zDvZRwzkyD6taBT1J1PTjwjYRQQ9S2b3GErm2ce7zyLRk9jE7rjG after 10 attempts: Key doesn't exist
[WARN] Manifest fetch returned error: Failed to fetch manifest: Failed to fetch manifest zDvZRwzkyD6taBT1J1PTjwjYRQQ9S2b3GErm2ce7zyLRk9jE7rjG after 10 attempts: Key doesn't exist
[WARN] Manifest fetch returned error: Failed to fetch manifest: Failed to fetch manifest zDvZRwzkyD6taBT1J1PTjwjYRQQ9S2b3GErm2ce7zyLRk9jE7rjG after 10 attempts: Key doesn't exist
[WARN] Manifest fetch returned error: Failed to fetch manifest: Failed to fetch manifest zDvZRwzkyD6taBT1J1PTjwjYRQQ9S2b3GErm2ce7zyLRk9jE7rjG after 10 attempts: Key doesn't exist
[WARN] Manifest fetch returned error: Failed to fetch manifest: Failed to fetch manifest zDvZRwzkyD6taBT1J1PTjwjYRQQ9S2b3GErm2ce7zyLRk9jE7rjG after 10 attempts: Key doesn't exist
[INFO] Manifest fetch attempt 1/5 failed, waiting 10s for DHT peer discovery...
{"method":"downloadManifest","module":"storage_module","result":{"error":null,"success":true,"value":null},"status":"ok"}
[WARN] Manifest fetch returned error: Failed to fetch manifest: Failed to fetch manifest zDvZRwzkyD6taBT1J1PTjwjYRQQ9S2b3GErm2ce7zyLRk9jE7rjG after 10 attempts: Key doesn't exist
[WARN] Manifest fetch returned error: Failed to fetch manifest: Failed to fetch manifest zDvZRwzkyD6taBT1J1PTjwjYRQQ9S2b3GErm2ce7zyLRk9jE7rjG after 10 attempts: Key doesn't exist
[WARN] Manifest fetch returned error: Failed to fetch manifest: Failed to fetch manifest zDvZRwzkyD6taBT1J1PTjwjYRQQ9S2b3GErm2ce7zyLRk9jE7rjG after 10 attempts: Key doesn't exist
[WARN] Manifest fetch returned error: Failed to fetch manifest: Failed to fetch manifest zDvZRwzkyD6taBT1J1PTjwjYRQQ9S2b3GErm2ce7zyLRk9jE7rjG after 10 attempts: Key doesn't exist
[WARN] Manifest fetch returned error: Failed to fetch manifest: Failed to fetch manifest zDvZRwzkyD6taBT1J1PTjwjYRQQ9S2b3GErm2ce7zyLRk9jE7rjG after 10 attempts: Key doesn't exist
[WARN] Manifest fetch returned error: Failed to fetch manifest: Failed to fetch manifest zDvZRwzkyD6taBT1J1PTjwjYRQQ9S2b3GErm2ce7zyLRk9jE7rjG after 10 attempts: Key doesn't exist
[WARN] Manifest fetch returned error: Failed to fetch manifest: Failed to fetch manifest zDvZRwzkyD6taBT1J1PTjwjYRQQ9S2b3GErm2ce7zyLRk9jE7rjG after 10 attempts: Key doesn't exist
[WARN] Manifest fetch returned error: Failed to fetch manifest: Failed to fetch manifest zDvZRwzkyD6taBT1J1PTjwjYRQQ9S2b3GErm2ce7zyLRk9jE7rjG after 10 attempts: Key doesn't exist
[WARN] Manifest fetch returned error: Failed to fetch manifest: Failed to fetch manifest zDvZRwzkyD6taBT1J1PTjwjYRQQ9S2b3GErm2ce7zyLRk9jE7rjG after 10 attempts: Key doesn't exist
[WARN] Manifest fetch returned error: Failed to fetch manifest: Failed to fetch manifest zDvZRwzkyD6taBT1J1PTjwjYRQQ9S2b3GErm2ce7zyLRk9jE7rjG after 10 attempts: Key doesn't exist
[WARN] Manifest fetch returned error: Failed to fetch manifest: Failed to fetch manifest zDvZRwzkyD6taBT1J1PTjwjYRQQ9S2b3GErm2ce7zyLRk9jE7rjG after 10 attempts: Key doesn't exist
[WARN] Manifest fetch returned error: Failed to fetch manifest: Failed to fetch manifest zDvZRwzkyD6taBT1J1PTjwjYRQQ9S2b3GErm2ce7zyLRk9jE7rjG after 10 attempts: Key doesn't exist
[WARN] Manifest fetch returned error: Failed to fetch manifest: Failed to fetch manifest zDvZRwzkyD6taBT1J1PTjwjYRQQ9S2b3GErm2ce7zyLRk9jE7rjG after 10 attempts: Key doesn't exist
[WARN] Manifest fetch returned error: Failed to fetch manifest: Failed to fetch manifest zDvZRwzkyD6taBT1J1PTjwjYRQQ9S2b3GErm2ce7zyLRk9jE7rjG after 10 attempts: Key doesn't exist
[WARN] Manifest fetch returned error: Failed to fetch manifest: Failed to fetch manifest zDvZRwzkyD6taBT1J1PTjwjYRQQ9S2b3GErm2ce7zyLRk9jE7rjG after 10 attempts: Key doesn't exist
[WARN] Manifest fetch returned error: Failed to fetch manifest: Failed to fetch manifest zDvZRwzkyD6taBT1J1PTjwjYRQQ9S2b3GErm2ce7zyLRk9jE7rjG after 10 attempts: Key doesn't exist
[WARN] Manifest fetch returned error: Failed to fetch manifest: Failed to fetch manifest zDvZRwzkyD6taBT1J1PTjwjYRQQ9S2b3GErm2ce7zyLRk9jE7rjG after 10 attempts: Key doesn't exist
[INFO] Manifest fetch attempt 2/5 failed, waiting 10s for DHT peer discovery...
{"method":"downloadManifest","module":"storage_module","result":{"error":null,"success":true,"value":null},"status":"ok"}
[WARN] Manifest fetch returned error: Failed to fetch manifest: Failed to fetch manifest zDvZRwzkyD6taBT1J1PTjwjYRQQ9S2b3GErm2ce7zyLRk9jE7rjG after 10 attempts: Key doesn't exist
[WARN] Manifest fetch returned error: Failed to fetch manifest: Failed to fetch manifest zDvZRwzkyD6taBT1J1PTjwjYRQQ9S2b3GErm2ce7zyLRk9jE7rjG after 10 attempts: Key doesn't exist
[WARN] Manifest fetch returned error: Failed to fetch manifest: Failed to fetch manifest zDvZRwzkyD6taBT1J1PTjwjYRQQ9S2b3GErm2ce7zyLRk9jE7rjG after 10 attempts: Key doesn't exist
[WARN] Manifest fetch returned error: Failed to fetch manifest: Failed to fetch manifest zDvZRwzkyD6taBT1J1PTjwjYRQQ9S2b3GErm2ce7zyLRk9jE7rjG after 10 attempts: Key doesn't exist
[WARN] Manifest fetch returned error: Failed to fetch manifest: Failed to fetch manifest zDvZRwzkyD6taBT1J1PTjwjYRQQ9S2b3GErm2ce7zyLRk9jE7rjG after 10 attempts: Key doesn't exist
[WARN] Manifest fetch returned error: Failed to fetch manifest: Failed to fetch manifest zDvZRwzkyD6taBT1J1PTjwjYRQQ9S2b3GErm2ce7zyLRk9jE7rjG after 10 attempts: Key doesn't exist
[WARN] Manifest fetch returned error: Failed to fetch manifest: Failed to fetch manifest zDvZRwzkyD6taBT1J1PTjwjYRQQ9S2b3GErm2ce7zyLRk9jE7rjG after 10 attempts: Key doesn't exist
[WARN] Manifest fetch returned error: Failed to fetch manifest: Failed to fetch manifest zDvZRwzkyD6taBT1J1PTjwjYRQQ9S2b3GErm2ce7zyLRk9jE7rjG after 10 attempts: Key doesn't exist
[WARN] Manifest fetch returned error: Failed to fetch manifest: Failed to fetch manifest zDvZRwzkyD6taBT1J1PTjwjYRQQ9S2b3GErm2ce7zyLRk9jE7rjG after 10 attempts: Key doesn't exist
[WARN] Manifest fetch returned error: Failed to fetch manifest: Failed to fetch manifest zDvZRwzkyD6taBT1J1PTjwjYRQQ9S2b3GErm2ce7zyLRk9jE7rjG after 10 attempts: Key doesn't exist
[WARN] Manifest fetch returned error: Failed to fetch manifest: Failed to fetch manifest zDvZRwzkyD6taBT1J1PTjwjYRQQ9S2b3GErm2ce7zyLRk9jE7rjG after 10 attempts: Key doesn't exist
[WARN] Manifest fetch returned error: Failed to fetch manifest: Failed to fetch manifest zDvZRwzkyD6taBT1J1PTjwjYRQQ9S2b3GErm2ce7zyLRk9jE7rjG after 10 attempts: Key doesn't exist
[WARN] Manifest fetch returned error: Failed to fetch manifest: Failed to fetch manifest zDvZRwzkyD6taBT1J1PTjwjYRQQ9S2b3GErm2ce7zyLRk9jE7rjG after 10 attempts: Key doesn't exist
[WARN] Manifest fetch returned error: Failed to fetch manifest: Failed to fetch manifest zDvZRwzkyD6taBT1J1PTjwjYRQQ9S2b3GErm2ce7zyLRk9jE7rjG after 10 attempts: Key doesn't exist
[WARN] Manifest fetch returned error: Failed to fetch manifest: Failed to fetch manifest zDvZRwzkyD6taBT1J1PTjwjYRQQ9S2b3GErm2ce7zyLRk9jE7rjG after 10 attempts: Key doesn't exist
[WARN] Manifest fetch returned error: Failed to fetch manifest: Failed to fetch manifest zDvZRwzkyD6taBT1J1PTjwjYRQQ9S2b3GErm2ce7zyLRk9jE7rjG after 10 attempts: Key doesn't exist
[WARN] Manifest fetch returned error: Failed to fetch manifest: Failed to fetch manifest zDvZRwzkyD6taBT1J1PTjwjYRQQ9S2b3GErm2ce7zyLRk9jE7rjG after 10 attempts: Key doesn't exist
[INFO] Manifest fetch attempt 3/5 failed, waiting 10s for DHT peer discovery...
{"method":"downloadManifest","module":"storage_module","result":{"error":null,"success":true,"value":null},"status":"ok"}
[WARN] Manifest fetch returned error: Failed to fetch manifest: Failed to fetch manifest zDvZRwzkyD6taBT1J1PTjwjYRQQ9S2b3GErm2ce7zyLRk9jE7rjG after 10 attempts: Key doesn't exist
[WARN] Manifest fetch returned error: Failed to fetch manifest: Failed to fetch manifest zDvZRwzkyD6taBT1J1PTjwjYRQQ9S2b3GErm2ce7zyLRk9jE7rjG after 10 attempts: Key doesn't exist
[WARN] Manifest fetch returned error: Failed to fetch manifest: Failed to fetch manifest zDvZRwzkyD6taBT1J1PTjwjYRQQ9S2b3GErm2ce7zyLRk9jE7rjG after 10 attempts: Key doesn't exist
[WARN] Manifest fetch returned error: Failed to fetch manifest: Failed to fetch manifest zDvZRwzkyD6taBT1J1PTjwjYRQQ9S2b3GErm2ce7zyLRk9jE7rjG after 10 attempts: Key doesn't exist
[WARN] Manifest fetch returned error: Failed to fetch manifest: Failed to fetch manifest zDvZRwzkyD6taBT1J1PTjwjYRQQ9S2b3GErm2ce7zyLRk9jE7rjG after 10 attempts: Key doesn't exist
[WARN] Manifest fetch returned error: Failed to fetch manifest: Failed to fetch manifest zDvZRwzkyD6taBT1J1PTjwjYRQQ9S2b3GErm2ce7zyLRk9jE7rjG after 10 attempts: Key doesn't exist
[WARN] Manifest fetch returned error: Failed to fetch manifest: Failed to fetch manifest zDvZRwzkyD6taBT1J1PTjwjYRQQ9S2b3GErm2ce7zyLRk9jE7rjG after 10 attempts: Key doesn't exist
[WARN] Manifest fetch returned error: Failed to fetch manifest: Failed to fetch manifest zDvZRwzkyD6taBT1J1PTjwjYRQQ9S2b3GErm2ce7zyLRk9jE7rjG after 10 attempts: Key doesn't exist
[WARN] Manifest fetch returned error: Failed to fetch manifest: Failed to fetch manifest zDvZRwzkyD6taBT1J1PTjwjYRQQ9S2b3GErm2ce7zyLRk9jE7rjG after 10 attempts: Key doesn't exist
[WARN] Manifest fetch returned error: Failed to fetch manifest: Failed to fetch manifest zDvZRwzkyD6taBT1J1PTjwjYRQQ9S2b3GErm2ce7zyLRk9jE7rjG after 10 attempts: Key doesn't exist
[WARN] Manifest fetch returned error: Failed to fetch manifest: Failed to fetch manifest zDvZRwzkyD6taBT1J1PTjwjYRQQ9S2b3GErm2ce7zyLRk9jE7rjG after 10 attempts: Key doesn't exist
[WARN] Manifest fetch returned error: Failed to fetch manifest: Failed to fetch manifest zDvZRwzkyD6taBT1J1PTjwjYRQQ9S2b3GErm2ce7zyLRk9jE7rjG after 10 attempts: Key doesn't exist
[WARN] Manifest fetch returned error: Failed to fetch manifest: Failed to fetch manifest zDvZRwzkyD6taBT1J1PTjwjYRQQ9S2b3GErm2ce7zyLRk9jE7rjG after 10 attempts: Key doesn't exist
[WARN] Manifest fetch returned error: Failed to fetch manifest: Failed to fetch manifest zDvZRwzkyD6taBT1J1PTjwjYRQQ9S2b3GErm2ce7zyLRk9jE7rjG after 10 attempts: Key doesn't exist
[WARN] Manifest fetch returned error: Failed to fetch manifest: Failed to fetch manifest zDvZRwzkyD6taBT1J1PTjwjYRQQ9S2b3GErm2ce7zyLRk9jE7rjG after 10 attempts: Key doesn't exist
[WARN] Manifest fetch returned error: Failed to fetch manifest: Failed to fetch manifest zDvZRwzkyD6taBT1J1PTjwjYRQQ9S2b3GErm2ce7zyLRk9jE7rjG after 10 attempts: Key doesn't exist
[WARN] Manifest fetch returned error: Failed to fetch manifest: Failed to fetch manifest zDvZRwzkyD6taBT1J1PTjwjYRQQ9S2b3GErm2ce7zyLRk9jE7rjG after 10 attempts: Key doesn't exist
[INFO] Manifest fetch attempt 4/5 failed, waiting 10s for DHT peer discovery...
{"method":"downloadManifest","module":"storage_module","result":{"error":null,"success":true,"value":null},"status":"ok"}
[WARN] Manifest fetch returned error: Failed to fetch manifest: Failed to fetch manifest zDvZRwzkyD6taBT1J1PTjwjYRQQ9S2b3GErm2ce7zyLRk9jE7rjG after 10 attempts: Key doesn't exist
[WARN] Manifest fetch returned error: Failed to fetch manifest: Failed to fetch manifest zDvZRwzkyD6taBT1J1PTjwjYRQQ9S2b3GErm2ce7zyLRk9jE7rjG after 10 attempts: Key doesn't exist
[WARN] Manifest fetch returned error: Failed to fetch manifest: Failed to fetch manifest zDvZRwzkyD6taBT1J1PTjwjYRQQ9S2b3GErm2ce7zyLRk9jE7rjG after 10 attempts: Key doesn't exist
[WARN] Manifest fetch returned error: Failed to fetch manifest: Failed to fetch manifest zDvZRwzkyD6taBT1J1PTjwjYRQQ9S2b3GErm2ce7zyLRk9jE7rjG after 10 attempts: Key doesn't exist
[WARN] Manifest fetch returned error: Failed to fetch manifest: Failed to fetch manifest zDvZRwzkyD6taBT1J1PTjwjYRQQ9S2b3GErm2ce7zyLRk9jE7rjG after 10 attempts: Key doesn't exist
[WARN] Manifest fetch returned error: Failed to fetch manifest: Failed to fetch manifest zDvZRwzkyD6taBT1J1PTjwjYRQQ9S2b3GErm2ce7zyLRk9jE7rjG after 10 attempts: Key doesn't exist
[WARN] Manifest fetch returned error: Failed to fetch manifest: Failed to fetch manifest zDvZRwzkyD6taBT1J1PTjwjYRQQ9S2b3GErm2ce7zyLRk9jE7rjG after 10 attempts: Key doesn't exist
[WARN] Manifest fetch returned error: Failed to fetch manifest: Failed to fetch manifest zDvZRwzkyD6taBT1J1PTjwjYRQQ9S2b3GErm2ce7zyLRk9jE7rjG after 10 attempts: Key doesn't exist
[WARN] Manifest fetch returned error: Failed to fetch manifest: Failed to fetch manifest zDvZRwzkyD6taBT1J1PTjwjYRQQ9S2b3GErm2ce7zyLRk9jE7rjG after 10 attempts: Key doesn't exist
[WARN] Manifest fetch returned error: Failed to fetch manifest: Failed to fetch manifest zDvZRwzkyD6taBT1J1PTjwjYRQQ9S2b3GErm2ce7zyLRk9jE7rjG after 10 attempts: Key doesn't exist
[WARN] Manifest fetch returned error: Failed to fetch manifest: Failed to fetch manifest zDvZRwzkyD6taBT1J1PTjwjYRQQ9S2b3GErm2ce7zyLRk9jE7rjG after 10 attempts: Key doesn't exist
[WARN] Manifest fetch returned error: Failed to fetch manifest: Failed to fetch manifest zDvZRwzkyD6taBT1J1PTjwjYRQQ9S2b3GErm2ce7zyLRk9jE7rjG after 10 attempts: Key doesn't exist
[WARN] Manifest fetch returned error: Failed to fetch manifest: Failed to fetch manifest zDvZRwzkyD6taBT1J1PTjwjYRQQ9S2b3GErm2ce7zyLRk9jE7rjG after 10 attempts: Key doesn't exist
[WARN] Manifest fetch returned error: Failed to fetch manifest: Failed to fetch manifest zDvZRwzkyD6taBT1J1PTjwjYRQQ9S2b3GErm2ce7zyLRk9jE7rjG after 10 attempts: Key doesn't exist
[WARN] Manifest fetch returned error: Failed to fetch manifest: Failed to fetch manifest zDvZRwzkyD6taBT1J1PTjwjYRQQ9S2b3GErm2ce7zyLRk9jE7rjG after 10 attempts: Key doesn't exist
[WARN] Manifest fetch returned error: Failed to fetch manifest: Failed to fetch manifest zDvZRwzkyD6taBT1J1PTjwjYRQQ9S2b3GErm2ce7zyLRk9jE7rjG after 10 attempts: Key doesn't exist
[WARN] Manifest fetch returned error: Failed to fetch manifest: Failed to fetch manifest zDvZRwzkyD6taBT1J1PTjwjYRQQ9S2b3GErm2ce7zyLRk9jE7rjG after 10 attempts: Key doesn't exist
[INFO] Manifest fetch attempt 5/5 failed, waiting 10s for DHT peer discovery...
[WARN] Manifest not ready on attempt 1. Restarting VPS storage node...
[WARN] Manifest not ready on attempt 1. Retrying with fresh daemon...
External retrieval attempt 2/5 for south-america/peru (CID: zDvZRwzkyD6taBT1J1PTjwjYRQQ9S2b3GErm2ce7zyLRk9jE7rjG)...
Live VPS SPR: spr:CiUIAhIhA0DhJ1C6-HZQW8dqk8k90jLwB4qsts-jvsA5oZyT__uZEgID...
{"dependencies_loaded":[],"module":"storage_module","status":"ok","version":"2.1.3"}
{"method":"init","module":"storage_module","result":true,"status":"ok"}
{"method":"start","module":"storage_module","result":true,"status":"ok"}
{"method":"downloadManifest","module":"storage_module","result":{"error":null,"success":true,"value":null},"status":"ok"}
[WARN] Manifest fetch returned error: Failed to fetch manifest: Failed to fetch manifest zDvZRwzkyD6taBT1J1PTjwjYRQQ9S2b3GErm2ce7zyLRk9jE7rjG after 10 attempts: Key doesn't exist
[WARN] Manifest fetch returned error: Failed to fetch manifest: Failed to fetch manifest zDvZRwzkyD6taBT1J1PTjwjYRQQ9S2b3GErm2ce7zyLRk9jE7rjG after 10 attempts: Key doesn't exist
[WARN] Manifest fetch returned error: Failed to fetch manifest: Failed to fetch manifest zDvZRwzkyD6taBT1J1PTjwjYRQQ9S2b3GErm2ce7zyLRk9jE7rjG after 10 attempts: Key doesn't exist
[WARN] Manifest fetch returned error: Failed to fetch manifest: Failed to fetch manifest zDvZRwzkyD6taBT1J1PTjwjYRQQ9S2b3GErm2ce7zyLRk9jE7rjG after 10 attempts: Key doesn't exist
[WARN] Manifest fetch returned error: Failed to fetch manifest: Failed to fetch manifest zDvZRwzkyD6taBT1J1PTjwjYRQQ9S2b3GErm2ce7zyLRk9jE7rjG after 10 attempts: Key doesn't exist
[WARN] Manifest fetch returned error: Failed to fetch manifest: Failed to fetch manifest zDvZRwzkyD6taBT1J1PTjwjYRQQ9S2b3GErm2ce7zyLRk9jE7rjG after 10 attempts: Key doesn't exist
[WARN] Manifest fetch returned error: Failed to fetch manifest: Failed to fetch manifest zDvZRwzkyD6taBT1J1PTjwjYRQQ9S2b3GErm2ce7zyLRk9jE7rjG after 10 attempts: Key doesn't exist
[WARN] Manifest fetch returned error: Failed to fetch manifest: Failed to fetch manifest zDvZRwzkyD6taBT1J1PTjwjYRQQ9S2b3GErm2ce7zyLRk9jE7rjG after 10 attempts: Key doesn't exist
[WARN] Manifest fetch returned error: Failed to fetch manifest: Failed to fetch manifest zDvZRwzkyD6taBT1J1PTjwjYRQQ9S2b3GErm2ce7zyLRk9jE7rjG after 10 attempts: Key doesn't exist
[WARN] Manifest fetch returned error: Failed to fetch manifest: Failed to fetch manifest zDvZRwzkyD6taBT1J1PTjwjYRQQ9S2b3GErm2ce7zyLRk9jE7rjG after 10 attempts: Key doesn't exist
[WARN] Manifest fetch returned error: Failed to fetch manifest: Failed to fetch manifest zDvZRwzkyD6taBT1J1PTjwjYRQQ9S2b3GErm2ce7zyLRk9jE7rjG after 10 attempts: Key doesn't exist
[WARN] Manifest fetch returned error: Failed to fetch manifest: Failed to fetch manifest zDvZRwzkyD6taBT1J1PTjwjYRQQ9S2b3GErm2ce7zyLRk9jE7rjG after 10 attempts: Key doesn't exist
[WARN] Manifest fetch returned error: Failed to fetch manifest: Failed to fetch manifest zDvZRwzkyD6taBT1J1PTjwjYRQQ9S2b3GErm2ce7zyLRk9jE7rjG after 10 attempts: Key doesn't exist
[WARN] Manifest fetch returned error: Failed to fetch manifest: Failed to fetch manifest zDvZRwzkyD6taBT1J1PTjwjYRQQ9S2b3GErm2ce7zyLRk9jE7rjG after 10 attempts: Key doesn't exist
[WARN] Manifest fetch returned error: Failed to fetch manifest: Failed to fetch manifest zDvZRwzkyD6taBT1J1PTjwjYRQQ9S2b3GErm2ce7zyLRk9jE7rjG after 10 attempts: Key doesn't exist
[WARN] Manifest fetch returned error: Failed to fetch manifest: Failed to fetch manifest zDvZRwzkyD6taBT1J1PTjwjYRQQ9S2b3GErm2ce7zyLRk9jE7rjG after 10 attempts: Key doesn't exist
[WARN] Manifest fetch returned error: Failed to fetch manifest: Failed to fetch manifest zDvZRwzkyD6taBT1J1PTjwjYRQQ9S2b3GErm2ce7zyLRk9jE7rjG after 10 attempts: Key doesn't exist
[INFO] Manifest fetch attempt 1/5 failed, waiting 10s for DHT peer discovery...
{"method":"downloadManifest","module":"storage_module","result":{"error":null,"success":true,"value":null},"status":"ok"}
[WARN] Manifest fetch returned error: Failed to fetch manifest: Failed to fetch manifest zDvZRwzkyD6taBT1J1PTjwjYRQQ9S2b3GErm2ce7zyLRk9jE7rjG after 10 attempts: Key doesn't exist
[WARN] Manifest fetch returned error: Failed to fetch manifest: Failed to fetch manifest zDvZRwzkyD6taBT1J1PTjwjYRQQ9S2b3GErm2ce7zyLRk9jE7rjG after 10 attempts: Key doesn't exist
[WARN] Manifest fetch returned error: Failed to fetch manifest: Failed to fetch manifest zDvZRwzkyD6taBT1J1PTjwjYRQQ9S2b3GErm2ce7zyLRk9jE7rjG after 10 attempts: Key doesn't exist
[WARN] Manifest fetch returned error: Failed to fetch manifest: Failed to fetch manifest zDvZRwzkyD6taBT1J1PTjwjYRQQ9S2b3GErm2ce7zyLRk9jE7rjG after 10 attempts: Key doesn't exist
[WARN] Manifest fetch returned error: Failed to fetch manifest: Failed to fetch manifest zDvZRwzkyD6taBT1J1PTjwjYRQQ9S2b3GErm2ce7zyLRk9jE7rjG after 10 attempts: Key doesn't exist
[WARN] Manifest fetch returned error: Failed to fetch manifest: Failed to fetch manifest zDvZRwzkyD6taBT1J1PTjwjYRQQ9S2b3GErm2ce7zyLRk9jE7rjG after 10 attempts: Key doesn't exist
[WARN] Manifest fetch returned error: Failed to fetch manifest: Failed to fetch manifest zDvZRwzkyD6taBT1J1PTjwjYRQQ9S2b3GErm2ce7zyLRk9jE7rjG after 10 attempts: Key doesn't exist
[WARN] Manifest fetch returned error: Failed to fetch manifest: Failed to fetch manifest zDvZRwzkyD6taBT1J1PTjwjYRQQ9S2b3GErm2ce7zyLRk9jE7rjG after 10 attempts: Key doesn't exist
[WARN] Manifest fetch returned error: Failed to fetch manifest: Failed to fetch manifest zDvZRwzkyD6taBT1J1PTjwjYRQQ9S2b3GErm2ce7zyLRk9jE7rjG after 10 attempts: Key doesn't exist
[WARN] Manifest fetch returned error: Failed to fetch manifest: Failed to fetch manifest zDvZRwzkyD6taBT1J1PTjwjYRQQ9S2b3GErm2ce7zyLRk9jE7rjG after 10 attempts: Key doesn't exist
[WARN] Manifest fetch returned error: Failed to fetch manifest: Failed to fetch manifest zDvZRwzkyD6taBT1J1PTjwjYRQQ9S2b3GErm2ce7zyLRk9jE7rjG after 10 attempts: Key doesn't exist
[WARN] Manifest fetch returned error: Failed to fetch manifest: Failed to fetch manifest zDvZRwzkyD6taBT1J1PTjwjYRQQ9S2b3GErm2ce7zyLRk9jE7rjG after 10 attempts: Key doesn't exist
[WARN] Manifest fetch returned error: Failed to fetch manifest: Failed to fetch manifest zDvZRwzkyD6taBT1J1PTjwjYRQQ9S2b3GErm2ce7zyLRk9jE7rjG after 10 attempts: Key doesn't exist
[WARN] Manifest fetch returned error: Failed to fetch manifest: Failed to fetch manifest zDvZRwzkyD6taBT1J1PTjwjYRQQ9S2b3GErm2ce7zyLRk9jE7rjG after 10 attempts: Key doesn't exist
[WARN] Manifest fetch returned error: Failed to fetch manifest: Failed to fetch manifest zDvZRwzkyD6taBT1J1PTjwjYRQQ9S2b3GErm2ce7zyLRk9jE7rjG after 10 attempts: Key doesn't exist
[WARN] Manifest fetch returned error: Failed to fetch manifest: Failed to fetch manifest zDvZRwzkyD6taBT1J1PTjwjYRQQ9S2b3GErm2ce7zyLRk9jE7rjG after 10 attempts: Key doesn't exist
[WARN] Manifest fetch returned error: Failed to fetch manifest: Failed to fetch manifest zDvZRwzkyD6taBT1J1PTjwjYRQQ9S2b3GErm2ce7zyLRk9jE7rjG after 10 attempts: Key doesn't exist
[INFO] Manifest fetch attempt 2/5 failed, waiting 10s for DHT peer discovery...
{"method":"downloadManifest","module":"storage_module","result":{"error":null,"success":true,"value":null},"status":"ok"}
[WARN] Manifest fetch returned error: Failed to fetch manifest: Failed to fetch manifest zDvZRwzkyD6taBT1J1PTjwjYRQQ9S2b3GErm2ce7zyLRk9jE7rjG after 10 attempts: Key doesn't exist
[WARN] Manifest fetch returned error: Failed to fetch manifest: Failed to fetch manifest zDvZRwzkyD6taBT1J1PTjwjYRQQ9S2b3GErm2ce7zyLRk9jE7rjG after 10 attempts: Key doesn't exist
[WARN] Manifest fetch returned error: Failed to fetch manifest: Failed to fetch manifest zDvZRwzkyD6taBT1J1PTjwjYRQQ9S2b3GErm2ce7zyLRk9jE7rjG after 10 attempts: Key doesn't exist
[WARN] Manifest fetch returned error: Failed to fetch manifest: Failed to fetch manifest zDvZRwzkyD6taBT1J1PTjwjYRQQ9S2b3GErm2ce7zyLRk9jE7rjG after 10 attempts: Key doesn't exist
[WARN] Manifest fetch returned error: Failed to fetch manifest: Failed to fetch manifest zDvZRwzkyD6taBT1J1PTjwjYRQQ9S2b3GErm2ce7zyLRk9jE7rjG after 10 attempts: Key doesn't exist
[WARN] Manifest fetch returned error: Failed to fetch manifest: Failed to fetch manifest zDvZRwzkyD6taBT1J1PTjwjYRQQ9S2b3GErm2ce7zyLRk9jE7rjG after 10 attempts: Key doesn't exist
[WARN] Manifest fetch returned error: Failed to fetch manifest: Failed to fetch manifest zDvZRwzkyD6taBT1J1PTjwjYRQQ9S2b3GErm2ce7zyLRk9jE7rjG after 10 attempts: Key doesn't exist
[WARN] Manifest fetch returned error: Failed to fetch manifest: Failed to fetch manifest zDvZRwzkyD6taBT1J1PTjwjYRQQ9S2b3GErm2ce7zyLRk9jE7rjG after 10 attempts: Key doesn't exist
[WARN] Manifest fetch returned error: Failed to fetch manifest: Failed to fetch manifest zDvZRwzkyD6taBT1J1PTjwjYRQQ9S2b3GErm2ce7zyLRk9jE7rjG after 10 attempts: Key doesn't exist
[WARN] Manifest fetch returned error: Failed to fetch manifest: Failed to fetch manifest zDvZRwzkyD6taBT1J1PTjwjYRQQ9S2b3GErm2ce7zyLRk9jE7rjG after 10 attempts: Key doesn't exist
[WARN] Manifest fetch returned error: Failed to fetch manifest: Failed to fetch manifest zDvZRwzkyD6taBT1J1PTjwjYRQQ9S2b3GErm2ce7zyLRk9jE7rjG after 10 attempts: Key doesn't exist
[WARN] Manifest fetch returned error: Failed to fetch manifest: Failed to fetch manifest zDvZRwzkyD6taBT1J1PTjwjYRQQ9S2b3GErm2ce7zyLRk9jE7rjG after 10 attempts: Key doesn't exist
[WARN] Manifest fetch returned error: Failed to fetch manifest: Failed to fetch manifest zDvZRwzkyD6taBT1J1PTjwjYRQQ9S2b3GErm2ce7zyLRk9jE7rjG after 10 attempts: Key doesn't exist
[WARN] Manifest fetch returned error: Failed to fetch manifest: Failed to fetch manifest zDvZRwzkyD6taBT1J1PTjwjYRQQ9S2b3GErm2ce7zyLRk9jE7rjG after 10 attempts: Key doesn't exist
[WARN] Manifest fetch returned error: Failed to fetch manifest: Failed to fetch manifest zDvZRwzkyD6taBT1J1PTjwjYRQQ9S2b3GErm2ce7zyLRk9jE7rjG after 10 attempts: Key doesn't exist
[WARN] Manifest fetch returned error: Failed to fetch manifest: Failed to fetch manifest zDvZRwzkyD6taBT1J1PTjwjYRQQ9S2b3GErm2ce7zyLRk9jE7rjG after 10 attempts: Key doesn't exist
[WARN] Manifest fetch returned error: Failed to fetch manifest: Failed to fetch manifest zDvZRwzkyD6taBT1J1PTjwjYRQQ9S2b3GErm2ce7zyLRk9jE7rjG after 10 attempts: Key doesn't exist
[INFO] Manifest fetch attempt 3/5 failed, waiting 10s for DHT peer discovery...
{"method":"downloadManifest","module":"storage_module","result":{"error":null,"success":true,"value":null},"status":"ok"}
[WARN] Manifest fetch returned error: Failed to fetch manifest: Failed to fetch manifest zDvZRwzkyD6taBT1J1PTjwjYRQQ9S2b3GErm2ce7zyLRk9jE7rjG after 10 attempts: Key doesn't exist
[WARN] Manifest fetch returned error: Failed to fetch manifest: Failed to fetch manifest zDvZRwzkyD6taBT1J1PTjwjYRQQ9S2b3GErm2ce7zyLRk9jE7rjG after 10 attempts: Key doesn't exist
[WARN] Manifest fetch returned error: Failed to fetch manifest: Failed to fetch manifest zDvZRwzkyD6taBT1J1PTjwjYRQQ9S2b3GErm2ce7zyLRk9jE7rjG after 10 attempts: Key doesn't exist
[WARN] Manifest fetch returned error: Failed to fetch manifest: Failed to fetch manifest zDvZRwzkyD6taBT1J1PTjwjYRQQ9S2b3GErm2ce7zyLRk9jE7rjG after 10 attempts: Key doesn't exist
[WARN] Manifest fetch returned error: Failed to fetch manifest: Failed to fetch manifest zDvZRwzkyD6taBT1J1PTjwjYRQQ9S2b3GErm2ce7zyLRk9jE7rjG after 10 attempts: Key doesn't exist
[WARN] Manifest fetch returned error: Failed to fetch manifest: Failed to fetch manifest zDvZRwzkyD6taBT1J1PTjwjYRQQ9S2b3GErm2ce7zyLRk9jE7rjG after 10 attempts: Key doesn't exist
[WARN] Manifest fetch returned error: Failed to fetch manifest: Failed to fetch manifest zDvZRwzkyD6taBT1J1PTjwjYRQQ9S2b3GErm2ce7zyLRk9jE7rjG after 10 attempts: Key doesn't exist
[WARN] Manifest fetch returned error: Failed to fetch manifest: Failed to fetch manifest zDvZRwzkyD6taBT1J1PTjwjYRQQ9S2b3GErm2ce7zyLRk9jE7rjG after 10 attempts: Key doesn't exist
[WARN] Manifest fetch returned error: Failed to fetch manifest: Failed to fetch manifest zDvZRwzkyD6taBT1J1PTjwjYRQQ9S2b3GErm2ce7zyLRk9jE7rjG after 10 attempts: Key doesn't exist
[WARN] Manifest fetch returned error: Failed to fetch manifest: Failed to fetch manifest zDvZRwzkyD6taBT1J1PTjwjYRQQ9S2b3GErm2ce7zyLRk9jE7rjG after 10 attempts: Key doesn't exist
[WARN] Manifest fetch returned error: Failed to fetch manifest: Failed to fetch manifest zDvZRwzkyD6taBT1J1PTjwjYRQQ9S2b3GErm2ce7zyLRk9jE7rjG after 10 attempts: Key doesn't exist
[WARN] Manifest fetch returned error: Failed to fetch manifest: Failed to fetch manifest zDvZRwzkyD6taBT1J1PTjwjYRQQ9S2b3GErm2ce7zyLRk9jE7rjG after 10 attempts: Key doesn't exist
[WARN] Manifest fetch returned error: Failed to fetch manifest: Failed to fetch manifest zDvZRwzkyD6taBT1J1PTjwjYRQQ9S2b3GErm2ce7zyLRk9jE7rjG after 10 attempts: Key doesn't exist
[WARN] Manifest fetch returned error: Failed to fetch manifest: Failed to fetch manifest zDvZRwzkyD6taBT1J1PTjwjYRQQ9S2b3GErm2ce7zyLRk9jE7rjG after 10 attempts: Key doesn't exist
[WARN] Manifest fetch returned error: Failed to fetch manifest: Failed to fetch manifest zDvZRwzkyD6taBT1J1PTjwjYRQQ9S2b3GErm2ce7zyLRk9jE7rjG after 10 attempts: Key doesn't exist
[WARN] Manifest fetch returned error: Failed to fetch manifest: Failed to fetch manifest zDvZRwzkyD6taBT1J1PTjwjYRQQ9S2b3GErm2ce7zyLRk9jE7rjG after 10 attempts: Key doesn't exist
[WARN] Manifest fetch returned error: Failed to fetch manifest: Failed to fetch manifest zDvZRwzkyD6taBT1J1PTjwjYRQQ9S2b3GErm2ce7zyLRk9jE7rjG after 10 attempts: Key doesn't exist
[INFO] Manifest fetch attempt 4/5 failed, waiting 10s for DHT peer discovery...
{"method":"downloadManifest","module":"storage_module","result":{"error":null,"success":true,"value":null},"status":"ok"}
[WARN] Manifest fetch returned error: Failed to fetch manifest: Failed to fetch manifest zDvZRwzkyD6taBT1J1PTjwjYRQQ9S2b3GErm2ce7zyLRk9jE7rjG after 10 attempts: Key doesn't exist
[WARN] Manifest fetch returned error: Failed to fetch manifest: Failed to fetch manifest zDvZRwzkyD6taBT1J1PTjwjYRQQ9S2b3GErm2ce7zyLRk9jE7rjG after 10 attempts: Key doesn't exist
[WARN] Manifest fetch returned error: Failed to fetch manifest: Failed to fetch manifest zDvZRwzkyD6taBT1J1PTjwjYRQQ9S2b3GErm2ce7zyLRk9jE7rjG after 10 attempts: Key doesn't exist
[WARN] Manifest fetch returned error: Failed to fetch manifest: Failed to fetch manifest zDvZRwzkyD6taBT1J1PTjwjYRQQ9S2b3GErm2ce7zyLRk9jE7rjG after 10 attempts: Key doesn't exist
[WARN] Manifest fetch returned error: Failed to fetch manifest: Failed to fetch manifest zDvZRwzkyD6taBT1J1PTjwjYRQQ9S2b3GErm2ce7zyLRk9jE7rjG after 10 attempts: Key doesn't exist
[WARN] Manifest fetch returned error: Failed to fetch manifest: Failed to fetch manifest zDvZRwzkyD6taBT1J1PTjwjYRQQ9S2b3GErm2ce7zyLRk9jE7rjG after 10 attempts: Key doesn't exist
[WARN] Manifest fetch returned error: Failed to fetch manifest: Failed to fetch manifest zDvZRwzkyD6taBT1J1PTjwjYRQQ9S2b3GErm2ce7zyLRk9jE7rjG after 10 attempts: Key doesn't exist
[WARN] Manifest fetch returned error: Failed to fetch manifest: Failed to fetch manifest zDvZRwzkyD6taBT1J1PTjwjYRQQ9S2b3GErm2ce7zyLRk9jE7rjG after 10 attempts: Key doesn't exist
[WARN] Manifest fetch returned error: Failed to fetch manifest: Failed to fetch manifest zDvZRwzkyD6taBT1J1PTjwjYRQQ9S2b3GErm2ce7zyLRk9jE7rjG after 10 attempts: Key doesn't exist
[WARN] Manifest fetch returned error: Failed to fetch manifest: Failed to fetch manifest zDvZRwzkyD6taBT1J1PTjwjYRQQ9S2b3GErm2ce7zyLRk9jE7rjG after 10 attempts: Key doesn't exist
[WARN] Manifest fetch returned error: Failed to fetch manifest: Failed to fetch manifest zDvZRwzkyD6taBT1J1PTjwjYRQQ9S2b3GErm2ce7zyLRk9jE7rjG after 10 attempts: Key doesn't exist
[WARN] Manifest fetch returned error: Failed to fetch manifest: Failed to fetch manifest zDvZRwzkyD6taBT1J1PTjwjYRQQ9S2b3GErm2ce7zyLRk9jE7rjG after 10 attempts: Key doesn't exist
[WARN] Manifest fetch returned error: Failed to fetch manifest: Failed to fetch manifest zDvZRwzkyD6taBT1J1PTjwjYRQQ9S2b3GErm2ce7zyLRk9jE7rjG after 10 attempts: Key doesn't exist
[WARN] Manifest fetch returned error: Failed to fetch manifest: Failed to fetch manifest zDvZRwzkyD6taBT1J1PTjwjYRQQ9S2b3GErm2ce7zyLRk9jE7rjG after 10 attempts: Key doesn't exist
[WARN] Manifest fetch returned error: Failed to fetch manifest: Failed to fetch manifest zDvZRwzkyD6taBT1J1PTjwjYRQQ9S2b3GErm2ce7zyLRk9jE7rjG after 10 attempts: Key doesn't exist
[WARN] Manifest fetch returned error: Failed to fetch manifest: Failed to fetch manifest zDvZRwzkyD6taBT1J1PTjwjYRQQ9S2b3GErm2ce7zyLRk9jE7rjG after 10 attempts: Key doesn't exist
[WARN] Manifest fetch returned error: Failed to fetch manifest: Failed to fetch manifest zDvZRwzkyD6taBT1J1PTjwjYRQQ9S2b3GErm2ce7zyLRk9jE7rjG after 10 attempts: Key doesn't exist
[INFO] Manifest fetch attempt 5/5 failed, waiting 10s for DHT peer discovery...
[WARN] Manifest not ready on attempt 2. Restarting VPS storage node...
[WARN] Manifest not ready on attempt 2. Retrying with fresh daemon...
External retrieval attempt 3/5 for south-america/peru (CID: zDvZRwzkyD6taBT1J1PTjwjYRQQ9S2b3GErm2ce7zyLRk9jE7rjG)...
[WARN] VPS SPR call attempt 1/3 timed out or failed. Restarting logos-storage on VPS...
Live VPS SPR: spr:CiUIAhIhA0DhJ1C6-HZQW8dqk8k90jLwB4qsts-jvsA5oZyT__uZEgID...
{"dependencies_loaded":[],"module":"storage_module","status":"ok","version":"2.1.3"}
{"method":"init","module":"storage_module","result":true,"status":"ok"}
{"method":"start","module":"storage_module","result":true,"status":"ok"}
{"method":"downloadManifest","module":"storage_module","result":{"error":null,"success":true,"value":null},"status":"ok"}
[WARN] Manifest fetch returned error: Failed to fetch manifest: Failed to fetch manifest zDvZRwzkyD6taBT1J1PTjwjYRQQ9S2b3GErm2ce7zyLRk9jE7rjG after 10 attempts: Key doesn't exist
[WARN] Manifest fetch returned error: Failed to fetch manifest: Failed to fetch manifest zDvZRwzkyD6taBT1J1PTjwjYRQQ9S2b3GErm2ce7zyLRk9jE7rjG after 10 attempts: Key doesn't exist
[WARN] Manifest fetch returned error: Failed to fetch manifest: Failed to fetch manifest zDvZRwzkyD6taBT1J1PTjwjYRQQ9S2b3GErm2ce7zyLRk9jE7rjG after 10 attempts: Key doesn't exist
[WARN] Manifest fetch returned error: Failed to fetch manifest: Failed to fetch manifest zDvZRwzkyD6taBT1J1PTjwjYRQQ9S2b3GErm2ce7zyLRk9jE7rjG after 10 attempts: Key doesn't exist
[WARN] Manifest fetch returned error: Failed to fetch manifest: Failed to fetch manifest zDvZRwzkyD6taBT1J1PTjwjYRQQ9S2b3GErm2ce7zyLRk9jE7rjG after 10 attempts: Key doesn't exist
[WARN] Manifest fetch returned error: Failed to fetch manifest: Failed to fetch manifest zDvZRwzkyD6taBT1J1PTjwjYRQQ9S2b3GErm2ce7zyLRk9jE7rjG after 10 attempts: Key doesn't exist
[WARN] Manifest fetch returned error: Failed to fetch manifest: Failed to fetch manifest zDvZRwzkyD6taBT1J1PTjwjYRQQ9S2b3GErm2ce7zyLRk9jE7rjG after 10 attempts: Key doesn't exist
[WARN] Manifest fetch returned error: Failed to fetch manifest: Failed to fetch manifest zDvZRwzkyD6taBT1J1PTjwjYRQQ9S2b3GErm2ce7zyLRk9jE7rjG after 10 attempts: Key doesn't exist
[WARN] Manifest fetch returned error: Failed to fetch manifest: Failed to fetch manifest zDvZRwzkyD6taBT1J1PTjwjYRQQ9S2b3GErm2ce7zyLRk9jE7rjG after 10 attempts: Key doesn't exist
[WARN] Manifest fetch returned error: Failed to fetch manifest: Failed to fetch manifest zDvZRwzkyD6taBT1J1PTjwjYRQQ9S2b3GErm2ce7zyLRk9jE7rjG after 10 attempts: Key doesn't exist
[WARN] Manifest fetch returned error: Failed to fetch manifest: Failed to fetch manifest zDvZRwzkyD6taBT1J1PTjwjYRQQ9S2b3GErm2ce7zyLRk9jE7rjG after 10 attempts: Key doesn't exist
[WARN] Manifest fetch returned error: Failed to fetch manifest: Failed to fetch manifest zDvZRwzkyD6taBT1J1PTjwjYRQQ9S2b3GErm2ce7zyLRk9jE7rjG after 10 attempts: Key doesn't exist
[WARN] Manifest fetch returned error: Failed to fetch manifest: Failed to fetch manifest zDvZRwzkyD6taBT1J1PTjwjYRQQ9S2b3GErm2ce7zyLRk9jE7rjG after 10 attempts: Key doesn't exist
[WARN] Manifest fetch returned error: Failed to fetch manifest: Failed to fetch manifest zDvZRwzkyD6taBT1J1PTjwjYRQQ9S2b3GErm2ce7zyLRk9jE7rjG after 10 attempts: Key doesn't exist
[WARN] Manifest fetch returned error: Failed to fetch manifest: Failed to fetch manifest zDvZRwzkyD6taBT1J1PTjwjYRQQ9S2b3GErm2ce7zyLRk9jE7rjG after 10 attempts: Key doesn't exist
[WARN] Manifest fetch returned error: Failed to fetch manifest: Failed to fetch manifest zDvZRwzkyD6taBT1J1PTjwjYRQQ9S2b3GErm2ce7zyLRk9jE7rjG after 10 attempts: Key doesn't exist
[WARN] Manifest fetch returned error: Failed to fetch manifest: Failed to fetch manifest zDvZRwzkyD6taBT1J1PTjwjYRQQ9S2b3GErm2ce7zyLRk9jE7rjG after 10 attempts: Key doesn't exist
[INFO] Manifest fetch attempt 1/5 failed, waiting 10s for DHT peer discovery...
{"method":"downloadManifest","module":"storage_module","result":{"error":null,"success":true,"value":null},"status":"ok"}
[WARN] Manifest fetch returned error: Failed to fetch manifest: Failed to fetch manifest zDvZRwzkyD6taBT1J1PTjwjYRQQ9S2b3GErm2ce7zyLRk9jE7rjG after 10 attempts: Key doesn't exist
[WARN] Manifest fetch returned error: Failed to fetch manifest: Failed to fetch manifest zDvZRwzkyD6taBT1J1PTjwjYRQQ9S2b3GErm2ce7zyLRk9jE7rjG after 10 attempts: Key doesn't exist
[WARN] Manifest fetch returned error: Failed to fetch manifest: Failed to fetch manifest zDvZRwzkyD6taBT1J1PTjwjYRQQ9S2b3GErm2ce7zyLRk9jE7rjG after 10 attempts: Key doesn't exist
[WARN] Manifest fetch returned error: Failed to fetch manifest: Failed to fetch manifest zDvZRwzkyD6taBT1J1PTjwjYRQQ9S2b3GErm2ce7zyLRk9jE7rjG after 10 attempts: Key doesn't exist
[WARN] Manifest fetch returned error: Failed to fetch manifest: Failed to fetch manifest zDvZRwzkyD6taBT1J1PTjwjYRQQ9S2b3GErm2ce7zyLRk9jE7rjG after 10 attempts: Key doesn't exist
[WARN] Manifest fetch returned error: Failed to fetch manifest: Failed to fetch manifest zDvZRwzkyD6taBT1J1PTjwjYRQQ9S2b3GErm2ce7zyLRk9jE7rjG after 10 attempts: Key doesn't exist
[WARN] Manifest fetch returned error: Failed to fetch manifest: Failed to fetch manifest zDvZRwzkyD6taBT1J1PTjwjYRQQ9S2b3GErm2ce7zyLRk9jE7rjG after 10 attempts: Key doesn't exist
[WARN] Manifest fetch returned error: Failed to fetch manifest: Failed to fetch manifest zDvZRwzkyD6taBT1J1PTjwjYRQQ9S2b3GErm2ce7zyLRk9jE7rjG after 10 attempts: Key doesn't exist
[WARN] Manifest fetch returned error: Failed to fetch manifest: Failed to fetch manifest zDvZRwzkyD6taBT1J1PTjwjYRQQ9S2b3GErm2ce7zyLRk9jE7rjG after 10 attempts: Key doesn't exist
[WARN] Manifest fetch returned error: Failed to fetch manifest: Failed to fetch manifest zDvZRwzkyD6taBT1J1PTjwjYRQQ9S2b3GErm2ce7zyLRk9jE7rjG after 10 attempts: Key doesn't exist
[WARN] Manifest fetch returned error: Failed to fetch manifest: Failed to fetch manifest zDvZRwzkyD6taBT1J1PTjwjYRQQ9S2b3GErm2ce7zyLRk9jE7rjG after 10 attempts: Key doesn't exist
[WARN] Manifest fetch returned error: Failed to fetch manifest: Failed to fetch manifest zDvZRwzkyD6taBT1J1PTjwjYRQQ9S2b3GErm2ce7zyLRk9jE7rjG after 10 attempts: Key doesn't exist
[WARN] Manifest fetch returned error: Failed to fetch manifest: Failed to fetch manifest zDvZRwzkyD6taBT1J1PTjwjYRQQ9S2b3GErm2ce7zyLRk9jE7rjG after 10 attempts: Key doesn't exist
[WARN] Manifest fetch returned error: Failed to fetch manifest: Failed to fetch manifest zDvZRwzkyD6taBT1J1PTjwjYRQQ9S2b3GErm2ce7zyLRk9jE7rjG after 10 attempts: Key doesn't exist
[WARN] Manifest fetch returned error: Failed to fetch manifest: Failed to fetch manifest zDvZRwzkyD6taBT1J1PTjwjYRQQ9S2b3GErm2ce7zyLRk9jE7rjG after 10 attempts: Key doesn't exist
[WARN] Manifest fetch returned error: Failed to fetch manifest: Failed to fetch manifest zDvZRwzkyD6taBT1J1PTjwjYRQQ9S2b3GErm2ce7zyLRk9jE7rjG after 10 attempts: Key doesn't exist
[WARN] Manifest fetch returned error: Failed to fetch manifest: Failed to fetch manifest zDvZRwzkyD6taBT1J1PTjwjYRQQ9S2b3GErm2ce7zyLRk9jE7rjG after 10 attempts: Key doesn't exist
[INFO] Manifest fetch attempt 2/5 failed, waiting 10s for DHT peer discovery...
{"method":"downloadManifest","module":"storage_module","result":{"error":null,"success":true,"value":null},"status":"ok"}
[WARN] Manifest fetch returned error: Failed to fetch manifest: Failed to fetch manifest zDvZRwzkyD6taBT1J1PTjwjYRQQ9S2b3GErm2ce7zyLRk9jE7rjG after 10 attempts: Key doesn't exist
[WARN] Manifest fetch returned error: Failed to fetch manifest: Failed to fetch manifest zDvZRwzkyD6taBT1J1PTjwjYRQQ9S2b3GErm2ce7zyLRk9jE7rjG after 10 attempts: Key doesn't exist
[WARN] Manifest fetch returned error: Failed to fetch manifest: Failed to fetch manifest zDvZRwzkyD6taBT1J1PTjwjYRQQ9S2b3GErm2ce7zyLRk9jE7rjG after 10 attempts: Key doesn't exist
[WARN] Manifest fetch returned error: Failed to fetch manifest: Failed to fetch manifest zDvZRwzkyD6taBT1J1PTjwjYRQQ9S2b3GErm2ce7zyLRk9jE7rjG after 10 attempts: Key doesn't exist
[WARN] Manifest fetch returned error: Failed to fetch manifest: Failed to fetch manifest zDvZRwzkyD6taBT1J1PTjwjYRQQ9S2b3GErm2ce7zyLRk9jE7rjG after 10 attempts: Key doesn't exist
[WARN] Manifest fetch returned error: Failed to fetch manifest: Failed to fetch manifest zDvZRwzkyD6taBT1J1PTjwjYRQQ9S2b3GErm2ce7zyLRk9jE7rjG after 10 attempts: Key doesn't exist
[WARN] Manifest fetch returned error: Failed to fetch manifest: Failed to fetch manifest zDvZRwzkyD6taBT1J1PTjwjYRQQ9S2b3GErm2ce7zyLRk9jE7rjG after 10 attempts: Key doesn't exist
[WARN] Manifest fetch returned error: Failed to fetch manifest: Failed to fetch manifest zDvZRwzkyD6taBT1J1PTjwjYRQQ9S2b3GErm2ce7zyLRk9jE7rjG after 10 attempts: Key doesn't exist
[WARN] Manifest fetch returned error: Failed to fetch manifest: Failed to fetch manifest zDvZRwzkyD6taBT1J1PTjwjYRQQ9S2b3GErm2ce7zyLRk9jE7rjG after 10 attempts: Key doesn't exist
[WARN] Manifest fetch returned error: Failed to fetch manifest: Failed to fetch manifest zDvZRwzkyD6taBT1J1PTjwjYRQQ9S2b3GErm2ce7zyLRk9jE7rjG after 10 attempts: Key doesn't exist
[WARN] Manifest fetch returned error: Failed to fetch manifest: Failed to fetch manifest zDvZRwzkyD6taBT1J1PTjwjYRQQ9S2b3GErm2ce7zyLRk9jE7rjG after 10 attempts: Key doesn't exist
[WARN] Manifest fetch returned error: Failed to fetch manifest: Failed to fetch manifest zDvZRwzkyD6taBT1J1PTjwjYRQQ9S2b3GErm2ce7zyLRk9jE7rjG after 10 attempts: Key doesn't exist
[WARN] Manifest fetch returned error: Failed to fetch manifest: Failed to fetch manifest zDvZRwzkyD6taBT1J1PTjwjYRQQ9S2b3GErm2ce7zyLRk9jE7rjG after 10 attempts: Key doesn't exist
[WARN] Manifest fetch returned error: Failed to fetch manifest: Failed to fetch manifest zDvZRwzkyD6taBT1J1PTjwjYRQQ9S2b3GErm2ce7zyLRk9jE7rjG after 10 attempts: Key doesn't exist
[WARN] Manifest fetch returned error: Failed to fetch manifest: Failed to fetch manifest zDvZRwzkyD6taBT1J1PTjwjYRQQ9S2b3GErm2ce7zyLRk9jE7rjG after 10 attempts: Key doesn't exist
[WARN] Manifest fetch returned error: Failed to fetch manifest: Failed to fetch manifest zDvZRwzkyD6taBT1J1PTjwjYRQQ9S2b3GErm2ce7zyLRk9jE7rjG after 10 attempts: Key doesn't exist
[WARN] Manifest fetch returned error: Failed to fetch manifest: Failed to fetch manifest zDvZRwzkyD6taBT1J1PTjwjYRQQ9S2b3GErm2ce7zyLRk9jE7rjG after 10 attempts: Key doesn't exist
[INFO] Manifest fetch attempt 3/5 failed, waiting 10s for DHT peer discovery...
{"method":"downloadManifest","module":"storage_module","result":{"error":null,"success":true,"value":null},"status":"ok"}
[WARN] Manifest fetch returned error: Failed to fetch manifest: Failed to fetch manifest zDvZRwzkyD6taBT1J1PTjwjYRQQ9S2b3GErm2ce7zyLRk9jE7rjG after 10 attempts: Key doesn't exist
[WARN] Manifest fetch returned error: Failed to fetch manifest: Failed to fetch manifest zDvZRwzkyD6taBT1J1PTjwjYRQQ9S2b3GErm2ce7zyLRk9jE7rjG after 10 attempts: Key doesn't exist
[WARN] Manifest fetch returned error: Failed to fetch manifest: Failed to fetch manifest zDvZRwzkyD6taBT1J1PTjwjYRQQ9S2b3GErm2ce7zyLRk9jE7rjG after 10 attempts: Key doesn't exist
[WARN] Manifest fetch returned error: Failed to fetch manifest: Failed to fetch manifest zDvZRwzkyD6taBT1J1PTjwjYRQQ9S2b3GErm2ce7zyLRk9jE7rjG after 10 attempts: Key doesn't exist
[WARN] Manifest fetch returned error: Failed to fetch manifest: Failed to fetch manifest zDvZRwzkyD6taBT1J1PTjwjYRQQ9S2b3GErm2ce7zyLRk9jE7rjG after 10 attempts: Key doesn't exist
[WARN] Manifest fetch returned error: Failed to fetch manifest: Failed to fetch manifest zDvZRwzkyD6taBT1J1PTjwjYRQQ9S2b3GErm2ce7zyLRk9jE7rjG after 10 attempts: Key doesn't exist
[WARN] Manifest fetch returned error: Failed to fetch manifest: Failed to fetch manifest zDvZRwzkyD6taBT1J1PTjwjYRQQ9S2b3GErm2ce7zyLRk9jE7rjG after 10 attempts: Key doesn't exist
[WARN] Manifest fetch returned error: Failed to fetch manifest: Failed to fetch manifest zDvZRwzkyD6taBT1J1PTjwjYRQQ9S2b3GErm2ce7zyLRk9jE7rjG after 10 attempts: Key doesn't exist
[WARN] Manifest fetch returned error: Failed to fetch manifest: Failed to fetch manifest zDvZRwzkyD6taBT1J1PTjwjYRQQ9S2b3GErm2ce7zyLRk9jE7rjG after 10 attempts: Key doesn't exist
[WARN] Manifest fetch returned error: Failed to fetch manifest: Failed to fetch manifest zDvZRwzkyD6taBT1J1PTjwjYRQQ9S2b3GErm2ce7zyLRk9jE7rjG after 10 attempts: Key doesn't exist
[WARN] Manifest fetch returned error: Failed to fetch manifest: Failed to fetch manifest zDvZRwzkyD6taBT1J1PTjwjYRQQ9S2b3GErm2ce7zyLRk9jE7rjG after 10 attempts: Key doesn't exist
[WARN] Manifest fetch returned error: Failed to fetch manifest: Failed to fetch manifest zDvZRwzkyD6taBT1J1PTjwjYRQQ9S2b3GErm2ce7zyLRk9jE7rjG after 10 attempts: Key doesn't exist
[WARN] Manifest fetch returned error: Failed to fetch manifest: Failed to fetch manifest zDvZRwzkyD6taBT1J1PTjwjYRQQ9S2b3GErm2ce7zyLRk9jE7rjG after 10 attempts: Key doesn't exist
[WARN] Manifest fetch returned error: Failed to fetch manifest: Failed to fetch manifest zDvZRwzkyD6taBT1J1PTjwjYRQQ9S2b3GErm2ce7zyLRk9jE7rjG after 10 attempts: Key doesn't exist
[WARN] Manifest fetch returned error: Failed to fetch manifest: Failed to fetch manifest zDvZRwzkyD6taBT1J1PTjwjYRQQ9S2b3GErm2ce7zyLRk9jE7rjG after 10 attempts: Key doesn't exist
[WARN] Manifest fetch returned error: Failed to fetch manifest: Failed to fetch manifest zDvZRwzkyD6taBT1J1PTjwjYRQQ9S2b3GErm2ce7zyLRk9jE7rjG after 10 attempts: Key doesn't exist
[WARN] Manifest fetch returned error: Failed to fetch manifest: Failed to fetch manifest zDvZRwzkyD6taBT1J1PTjwjYRQQ9S2b3GErm2ce7zyLRk9jE7rjG after 10 attempts: Key doesn't exist
[INFO] Manifest fetch attempt 4/5 failed, waiting 10s for DHT peer discovery...
{"method":"downloadManifest","module":"storage_module","result":{"error":null,"success":true,"value":null},"status":"ok"}
[WARN] Manifest fetch returned error: Failed to fetch manifest: Failed to fetch manifest zDvZRwzkyD6taBT1J1PTjwjYRQQ9S2b3GErm2ce7zyLRk9jE7rjG after 10 attempts: Key doesn't exist
[WARN] Manifest fetch returned error: Failed to fetch manifest: Failed to fetch manifest zDvZRwzkyD6taBT1J1PTjwjYRQQ9S2b3GErm2ce7zyLRk9jE7rjG after 10 attempts: Key doesn't exist
[WARN] Manifest fetch returned error: Failed to fetch manifest: Failed to fetch manifest zDvZRwzkyD6taBT1J1PTjwjYRQQ9S2b3GErm2ce7zyLRk9jE7rjG after 10 attempts: Key doesn't exist
[WARN] Manifest fetch returned error: Failed to fetch manifest: Failed to fetch manifest zDvZRwzkyD6taBT1J1PTjwjYRQQ9S2b3GErm2ce7zyLRk9jE7rjG after 10 attempts: Key doesn't exist
[WARN] Manifest fetch returned error: Failed to fetch manifest: Failed to fetch manifest zDvZRwzkyD6taBT1J1PTjwjYRQQ9S2b3GErm2ce7zyLRk9jE7rjG after 10 attempts: Key doesn't exist
[WARN] Manifest fetch returned error: Failed to fetch manifest: Failed to fetch manifest zDvZRwzkyD6taBT1J1PTjwjYRQQ9S2b3GErm2ce7zyLRk9jE7rjG after 10 attempts: Key doesn't exist
[WARN] Manifest fetch returned error: Failed to fetch manifest: Failed to fetch manifest zDvZRwzkyD6taBT1J1PTjwjYRQQ9S2b3GErm2ce7zyLRk9jE7rjG after 10 attempts: Key doesn't exist
[WARN] Manifest fetch returned error: Failed to fetch manifest: Failed to fetch manifest zDvZRwzkyD6taBT1J1PTjwjYRQQ9S2b3GErm2ce7zyLRk9jE7rjG after 10 attempts: Key doesn't exist
[WARN] Manifest fetch returned error: Failed to fetch manifest: Failed to fetch manifest zDvZRwzkyD6taBT1J1PTjwjYRQQ9S2b3GErm2ce7zyLRk9jE7rjG after 10 attempts: Key doesn't exist
[WARN] Manifest fetch returned error: Failed to fetch manifest: Failed to fetch manifest zDvZRwzkyD6taBT1J1PTjwjYRQQ9S2b3GErm2ce7zyLRk9jE7rjG after 10 attempts: Key doesn't exist
[WARN] Manifest fetch returned error: Failed to fetch manifest: Failed to fetch manifest zDvZRwzkyD6taBT1J1PTjwjYRQQ9S2b3GErm2ce7zyLRk9jE7rjG after 10 attempts: Key doesn't exist
[WARN] Manifest fetch returned error: Failed to fetch manifest: Failed to fetch manifest zDvZRwzkyD6taBT1J1PTjwjYRQQ9S2b3GErm2ce7zyLRk9jE7rjG after 10 attempts: Key doesn't exist
[WARN] Manifest fetch returned error: Failed to fetch manifest: Failed to fetch manifest zDvZRwzkyD6taBT1J1PTjwjYRQQ9S2b3GErm2ce7zyLRk9jE7rjG after 10 attempts: Key doesn't exist
[WARN] Manifest fetch returned error: Failed to fetch manifest: Failed to fetch manifest zDvZRwzkyD6taBT1J1PTjwjYRQQ9S2b3GErm2ce7zyLRk9jE7rjG after 10 attempts: Key doesn't exist
[WARN] Manifest fetch returned error: Failed to fetch manifest: Failed to fetch manifest zDvZRwzkyD6taBT1J1PTjwjYRQQ9S2b3GErm2ce7zyLRk9jE7rjG after 10 attempts: Key doesn't exist
[WARN] Manifest fetch returned error: Failed to fetch manifest: Failed to fetch manifest zDvZRwzkyD6taBT1J1PTjwjYRQQ9S2b3GErm2ce7zyLRk9jE7rjG after 10 attempts: Key doesn't exist
[WARN] Manifest fetch returned error: Failed to fetch manifest: Failed to fetch manifest zDvZRwzkyD6taBT1J1PTjwjYRQQ9S2b3GErm2ce7zyLRk9jE7rjG after 10 attempts: Key doesn't exist
[INFO] Manifest fetch attempt 5/5 failed, waiting 10s for DHT peer discovery...
[WARN] Manifest not ready on attempt 3. Restarting VPS storage node...
[WARN] Manifest not ready on attempt 3. Retrying with fresh daemon...
External retrieval attempt 4/5 for south-america/peru (CID: zDvZRwzkyD6taBT1J1PTjwjYRQQ9S2b3GErm2ce7zyLRk9jE7rjG)...
Live VPS SPR: spr:CiUIAhIhA0DhJ1C6-HZQW8dqk8k90jLwB4qsts-jvsA5oZyT__uZEgID...
{"dependencies_loaded":[],"module":"storage_module","status":"ok","version":"2.1.3"}
{"method":"init","module":"storage_module","result":true,"status":"ok"}
{"method":"start","module":"storage_module","result":true,"status":"ok"}
{"method":"downloadManifest","module":"storage_module","result":{"error":null,"success":true,"value":null},"status":"ok"}
[WARN] Manifest fetch returned error: Failed to fetch manifest: Failed to fetch manifest zDvZRwzkyD6taBT1J1PTjwjYRQQ9S2b3GErm2ce7zyLRk9jE7rjG after 10 attempts: Key doesn't exist
[WARN] Manifest fetch returned error: Failed to fetch manifest: Failed to fetch manifest zDvZRwzkyD6taBT1J1PTjwjYRQQ9S2b3GErm2ce7zyLRk9jE7rjG after 10 attempts: Key doesn't exist
[WARN] Manifest fetch returned error: Failed to fetch manifest: Failed to fetch manifest zDvZRwzkyD6taBT1J1PTjwjYRQQ9S2b3GErm2ce7zyLRk9jE7rjG after 10 attempts: Key doesn't exist
[WARN] Manifest fetch returned error: Failed to fetch manifest: Failed to fetch manifest zDvZRwzkyD6taBT1J1PTjwjYRQQ9S2b3GErm2ce7zyLRk9jE7rjG after 10 attempts: Key doesn't exist
[WARN] Manifest fetch returned error: Failed to fetch manifest: Failed to fetch manifest zDvZRwzkyD6taBT1J1PTjwjYRQQ9S2b3GErm2ce7zyLRk9jE7rjG after 10 attempts: Key doesn't exist
[WARN] Manifest fetch returned error: Failed to fetch manifest: Failed to fetch manifest zDvZRwzkyD6taBT1J1PTjwjYRQQ9S2b3GErm2ce7zyLRk9jE7rjG after 10 attempts: Key doesn't exist
[WARN] Manifest fetch returned error: Failed to fetch manifest: Failed to fetch manifest zDvZRwzkyD6taBT1J1PTjwjYRQQ9S2b3GErm2ce7zyLRk9jE7rjG after 10 attempts: Key doesn't exist
[WARN] Manifest fetch returned error: Failed to fetch manifest: Failed to fetch manifest zDvZRwzkyD6taBT1J1PTjwjYRQQ9S2b3GErm2ce7zyLRk9jE7rjG after 10 attempts: Key doesn't exist
[WARN] Manifest fetch returned error: Failed to fetch manifest: Failed to fetch manifest zDvZRwzkyD6taBT1J1PTjwjYRQQ9S2b3GErm2ce7zyLRk9jE7rjG after 10 attempts: Key doesn't exist
[WARN] Manifest fetch returned error: Failed to fetch manifest: Failed to fetch manifest zDvZRwzkyD6taBT1J1PTjwjYRQQ9S2b3GErm2ce7zyLRk9jE7rjG after 10 attempts: Key doesn't exist
[WARN] Manifest fetch returned error: Failed to fetch manifest: Failed to fetch manifest zDvZRwzkyD6taBT1J1PTjwjYRQQ9S2b3GErm2ce7zyLRk9jE7rjG after 10 attempts: Key doesn't exist
[WARN] Manifest fetch returned error: Failed to fetch manifest: Failed to fetch manifest zDvZRwzkyD6taBT1J1PTjwjYRQQ9S2b3GErm2ce7zyLRk9jE7rjG after 10 attempts: Key doesn't exist
[WARN] Manifest fetch returned error: Failed to fetch manifest: Failed to fetch manifest zDvZRwzkyD6taBT1J1PTjwjYRQQ9S2b3GErm2ce7zyLRk9jE7rjG after 10 attempts: Key doesn't exist
[WARN] Manifest fetch returned error: Failed to fetch manifest: Failed to fetch manifest zDvZRwzkyD6taBT1J1PTjwjYRQQ9S2b3GErm2ce7zyLRk9jE7rjG after 10 attempts: Key doesn't exist
[WARN] Manifest fetch returned error: Failed to fetch manifest: Failed to fetch manifest zDvZRwzkyD6taBT1J1PTjwjYRQQ9S2b3GErm2ce7zyLRk9jE7rjG after 10 attempts: Key doesn't exist
[WARN] Manifest fetch returned error: Failed to fetch manifest: Failed to fetch manifest zDvZRwzkyD6taBT1J1PTjwjYRQQ9S2b3GErm2ce7zyLRk9jE7rjG after 10 attempts: Key doesn't exist
[WARN] Manifest fetch returned error: Failed to fetch manifest: Failed to fetch manifest zDvZRwzkyD6taBT1J1PTjwjYRQQ9S2b3GErm2ce7zyLRk9jE7rjG after 10 attempts: Key doesn't exist
[INFO] Manifest fetch attempt 1/5 failed, waiting 10s for DHT peer discovery...
{"method":"downloadManifest","module":"storage_module","result":{"error":null,"success":true,"value":null},"status":"ok"}
[WARN] Manifest fetch returned error: Failed to fetch manifest: Failed to fetch manifest zDvZRwzkyD6taBT1J1PTjwjYRQQ9S2b3GErm2ce7zyLRk9jE7rjG after 10 attempts: Key doesn't exist
[WARN] Manifest fetch returned error: Failed to fetch manifest: Failed to fetch manifest zDvZRwzkyD6taBT1J1PTjwjYRQQ9S2b3GErm2ce7zyLRk9jE7rjG after 10 attempts: Key doesn't exist
[WARN] Manifest fetch returned error: Failed to fetch manifest: Failed to fetch manifest zDvZRwzkyD6taBT1J1PTjwjYRQQ9S2b3GErm2ce7zyLRk9jE7rjG after 10 attempts: Key doesn't exist
[WARN] Manifest fetch returned error: Failed to fetch manifest: Failed to fetch manifest zDvZRwzkyD6taBT1J1PTjwjYRQQ9S2b3GErm2ce7zyLRk9jE7rjG after 10 attempts: Key doesn't exist
[WARN] Manifest fetch returned error: Failed to fetch manifest: Failed to fetch manifest zDvZRwzkyD6taBT1J1PTjwjYRQQ9S2b3GErm2ce7zyLRk9jE7rjG after 10 attempts: Key doesn't exist
[WARN] Manifest fetch returned error: Failed to fetch manifest: Failed to fetch manifest zDvZRwzkyD6taBT1J1PTjwjYRQQ9S2b3GErm2ce7zyLRk9jE7rjG after 10 attempts: Key doesn't exist
[WARN] Manifest fetch returned error: Failed to fetch manifest: Failed to fetch manifest zDvZRwzkyD6taBT1J1PTjwjYRQQ9S2b3GErm2ce7zyLRk9jE7rjG after 10 attempts: Key doesn't exist
[WARN] Manifest fetch returned error: Failed to fetch manifest: Failed to fetch manifest zDvZRwzkyD6taBT1J1PTjwjYRQQ9S2b3GErm2ce7zyLRk9jE7rjG after 10 attempts: Key doesn't exist
[WARN] Manifest fetch returned error: Failed to fetch manifest: Failed to fetch manifest zDvZRwzkyD6taBT1J1PTjwjYRQQ9S2b3GErm2ce7zyLRk9jE7rjG after 10 attempts: Key doesn't exist
[WARN] Manifest fetch returned error: Failed to fetch manifest: Failed to fetch manifest zDvZRwzkyD6taBT1J1PTjwjYRQQ9S2b3GErm2ce7zyLRk9jE7rjG after 10 attempts: Key doesn't exist
[WARN] Manifest fetch returned error: Failed to fetch manifest: Failed to fetch manifest zDvZRwzkyD6taBT1J1PTjwjYRQQ9S2b3GErm2ce7zyLRk9jE7rjG after 10 attempts: Key doesn't exist
[WARN] Manifest fetch returned error: Failed to fetch manifest: Failed to fetch manifest zDvZRwzkyD6taBT1J1PTjwjYRQQ9S2b3GErm2ce7zyLRk9jE7rjG after 10 attempts: Key doesn't exist
[WARN] Manifest fetch returned error: Failed to fetch manifest: Failed to fetch manifest zDvZRwzkyD6taBT1J1PTjwjYRQQ9S2b3GErm2ce7zyLRk9jE7rjG after 10 attempts: Key doesn't exist
[WARN] Manifest fetch returned error: Failed to fetch manifest: Failed to fetch manifest zDvZRwzkyD6taBT1J1PTjwjYRQQ9S2b3GErm2ce7zyLRk9jE7rjG after 10 attempts: Key doesn't exist
[WARN] Manifest fetch returned error: Failed to fetch manifest: Failed to fetch manifest zDvZRwzkyD6taBT1J1PTjwjYRQQ9S2b3GErm2ce7zyLRk9jE7rjG after 10 attempts: Key doesn't exist
[WARN] Manifest fetch returned error: Failed to fetch manifest: Failed to fetch manifest zDvZRwzkyD6taBT1J1PTjwjYRQQ9S2b3GErm2ce7zyLRk9jE7rjG after 10 attempts: Key doesn't exist
[WARN] Manifest fetch returned error: Failed to fetch manifest: Failed to fetch manifest zDvZRwzkyD6taBT1J1PTjwjYRQQ9S2b3GErm2ce7zyLRk9jE7rjG after 10 attempts: Key doesn't exist
[INFO] Manifest fetch attempt 2/5 failed, waiting 10s for DHT peer discovery...
{"method":"downloadManifest","module":"storage_module","result":{"error":null,"success":true,"value":null},"status":"ok"}
[WARN] Manifest fetch returned error: Failed to fetch manifest: Failed to fetch manifest zDvZRwzkyD6taBT1J1PTjwjYRQQ9S2b3GErm2ce7zyLRk9jE7rjG after 10 attempts: Key doesn't exist
[WARN] Manifest fetch returned error: Failed to fetch manifest: Failed to fetch manifest zDvZRwzkyD6taBT1J1PTjwjYRQQ9S2b3GErm2ce7zyLRk9jE7rjG after 10 attempts: Key doesn't exist
[WARN] Manifest fetch returned error: Failed to fetch manifest: Failed to fetch manifest zDvZRwzkyD6taBT1J1PTjwjYRQQ9S2b3GErm2ce7zyLRk9jE7rjG after 10 attempts: Key doesn't exist
[WARN] Manifest fetch returned error: Failed to fetch manifest: Failed to fetch manifest zDvZRwzkyD6taBT1J1PTjwjYRQQ9S2b3GErm2ce7zyLRk9jE7rjG after 10 attempts: Key doesn't exist
[WARN] Manifest fetch returned error: Failed to fetch manifest: Failed to fetch manifest zDvZRwzkyD6taBT1J1PTjwjYRQQ9S2b3GErm2ce7zyLRk9jE7rjG after 10 attempts: Key doesn't exist
[WARN] Manifest fetch returned error: Failed to fetch manifest: Failed to fetch manifest zDvZRwzkyD6taBT1J1PTjwjYRQQ9S2b3GErm2ce7zyLRk9jE7rjG after 10 attempts: Key doesn't exist
[WARN] Manifest fetch returned error: Failed to fetch manifest: Failed to fetch manifest zDvZRwzkyD6taBT1J1PTjwjYRQQ9S2b3GErm2ce7zyLRk9jE7rjG after 10 attempts: Key doesn't exist
[WARN] Manifest fetch returned error: Failed to fetch manifest: Failed to fetch manifest zDvZRwzkyD6taBT1J1PTjwjYRQQ9S2b3GErm2ce7zyLRk9jE7rjG after 10 attempts: Key doesn't exist
[WARN] Manifest fetch returned error: Failed to fetch manifest: Failed to fetch manifest zDvZRwzkyD6taBT1J1PTjwjYRQQ9S2b3GErm2ce7zyLRk9jE7rjG after 10 attempts: Key doesn't exist
[WARN] Manifest fetch returned error: Failed to fetch manifest: Failed to fetch manifest zDvZRwzkyD6taBT1J1PTjwjYRQQ9S2b3GErm2ce7zyLRk9jE7rjG after 10 attempts: Key doesn't exist
[WARN] Manifest fetch returned error: Failed to fetch manifest: Failed to fetch manifest zDvZRwzkyD6taBT1J1PTjwjYRQQ9S2b3GErm2ce7zyLRk9jE7rjG after 10 attempts: Key doesn't exist
[WARN] Manifest fetch returned error: Failed to fetch manifest: Failed to fetch manifest zDvZRwzkyD6taBT1J1PTjwjYRQQ9S2b3GErm2ce7zyLRk9jE7rjG after 10 attempts: Key doesn't exist
[WARN] Manifest fetch returned error: Failed to fetch manifest: Failed to fetch manifest zDvZRwzkyD6taBT1J1PTjwjYRQQ9S2b3GErm2ce7zyLRk9jE7rjG after 10 attempts: Key doesn't exist
[WARN] Manifest fetch returned error: Failed to fetch manifest: Failed to fetch manifest zDvZRwzkyD6taBT1J1PTjwjYRQQ9S2b3GErm2ce7zyLRk9jE7rjG after 10 attempts: Key doesn't exist
[WARN] Manifest fetch returned error: Failed to fetch manifest: Failed to fetch manifest zDvZRwzkyD6taBT1J1PTjwjYRQQ9S2b3GErm2ce7zyLRk9jE7rjG after 10 attempts: Key doesn't exist
[WARN] Manifest fetch returned error: Failed to fetch manifest: Failed to fetch manifest zDvZRwzkyD6taBT1J1PTjwjYRQQ9S2b3GErm2ce7zyLRk9jE7rjG after 10 attempts: Key doesn't exist
[WARN] Manifest fetch returned error: Failed to fetch manifest: Failed to fetch manifest zDvZRwzkyD6taBT1J1PTjwjYRQQ9S2b3GErm2ce7zyLRk9jE7rjG after 10 attempts: Key doesn't exist
[INFO] Manifest fetch attempt 3/5 failed, waiting 10s for DHT peer discovery...
{"method":"downloadManifest","module":"storage_module","result":{"error":null,"success":true,"value":null},"status":"ok"}
[WARN] Manifest fetch returned error: Failed to fetch manifest: Failed to fetch manifest zDvZRwzkyD6taBT1J1PTjwjYRQQ9S2b3GErm2ce7zyLRk9jE7rjG after 10 attempts: Key doesn't exist
[WARN] Manifest fetch returned error: Failed to fetch manifest: Failed to fetch manifest zDvZRwzkyD6taBT1J1PTjwjYRQQ9S2b3GErm2ce7zyLRk9jE7rjG after 10 attempts: Key doesn't exist
[WARN] Manifest fetch returned error: Failed to fetch manifest: Failed to fetch manifest zDvZRwzkyD6taBT1J1PTjwjYRQQ9S2b3GErm2ce7zyLRk9jE7rjG after 10 attempts: Key doesn't exist
[WARN] Manifest fetch returned error: Failed to fetch manifest: Failed to fetch manifest zDvZRwzkyD6taBT1J1PTjwjYRQQ9S2b3GErm2ce7zyLRk9jE7rjG after 10 attempts: Key doesn't exist
[WARN] Manifest fetch returned error: Failed to fetch manifest: Failed to fetch manifest zDvZRwzkyD6taBT1J1PTjwjYRQQ9S2b3GErm2ce7zyLRk9jE7rjG after 10 attempts: Key doesn't exist
[WARN] Manifest fetch returned error: Failed to fetch manifest: Failed to fetch manifest zDvZRwzkyD6taBT1J1PTjwjYRQQ9S2b3GErm2ce7zyLRk9jE7rjG after 10 attempts: Key doesn't exist
[WARN] Manifest fetch returned error: Failed to fetch manifest: Failed to fetch manifest zDvZRwzkyD6taBT1J1PTjwjYRQQ9S2b3GErm2ce7zyLRk9jE7rjG after 10 attempts: Key doesn't exist
[WARN] Manifest fetch returned error: Failed to fetch manifest: Failed to fetch manifest zDvZRwzkyD6taBT1J1PTjwjYRQQ9S2b3GErm2ce7zyLRk9jE7rjG after 10 attempts: Key doesn't exist
[WARN] Manifest fetch returned error: Failed to fetch manifest: Failed to fetch manifest zDvZRwzkyD6taBT1J1PTjwjYRQQ9S2b3GErm2ce7zyLRk9jE7rjG after 10 attempts: Key doesn't exist
[WARN] Manifest fetch returned error: Failed to fetch manifest: Failed to fetch manifest zDvZRwzkyD6taBT1J1PTjwjYRQQ9S2b3GErm2ce7zyLRk9jE7rjG after 10 attempts: Key doesn't exist
[WARN] Manifest fetch returned error: Failed to fetch manifest: Failed to fetch manifest zDvZRwzkyD6taBT1J1PTjwjYRQQ9S2b3GErm2ce7zyLRk9jE7rjG after 10 attempts: Key doesn't exist
[WARN] Manifest fetch returned error: Failed to fetch manifest: Failed to fetch manifest zDvZRwzkyD6taBT1J1PTjwjYRQQ9S2b3GErm2ce7zyLRk9jE7rjG after 10 attempts: Key doesn't exist
[WARN] Manifest fetch returned error: Failed to fetch manifest: Failed to fetch manifest zDvZRwzkyD6taBT1J1PTjwjYRQQ9S2b3GErm2ce7zyLRk9jE7rjG after 10 attempts: Key doesn't exist
[WARN] Manifest fetch returned error: Failed to fetch manifest: Failed to fetch manifest zDvZRwzkyD6taBT1J1PTjwjYRQQ9S2b3GErm2ce7zyLRk9jE7rjG after 10 attempts: Key doesn't exist
[WARN] Manifest fetch returned error: Failed to fetch manifest: Failed to fetch manifest zDvZRwzkyD6taBT1J1PTjwjYRQQ9S2b3GErm2ce7zyLRk9jE7rjG after 10 attempts: Key doesn't exist
[WARN] Manifest fetch returned error: Failed to fetch manifest: Failed to fetch manifest zDvZRwzkyD6taBT1J1PTjwjYRQQ9S2b3GErm2ce7zyLRk9jE7rjG after 10 attempts: Key doesn't exist
[WARN] Manifest fetch returned error: Failed to fetch manifest: Failed to fetch manifest zDvZRwzkyD6taBT1J1PTjwjYRQQ9S2b3GErm2ce7zyLRk9jE7rjG after 10 attempts: Key doesn't exist
[INFO] Manifest fetch attempt 4/5 failed, waiting 10s for DHT peer discovery...
{"method":"downloadManifest","module":"storage_module","result":{"error":null,"success":true,"value":null},"status":"ok"}
[WARN] Manifest fetch returned error: Failed to fetch manifest: Failed to fetch manifest zDvZRwzkyD6taBT1J1PTjwjYRQQ9S2b3GErm2ce7zyLRk9jE7rjG after 10 attempts: Key doesn't exist
[WARN] Manifest fetch returned error: Failed to fetch manifest: Failed to fetch manifest zDvZRwzkyD6taBT1J1PTjwjYRQQ9S2b3GErm2ce7zyLRk9jE7rjG after 10 attempts: Key doesn't exist
[WARN] Manifest fetch returned error: Failed to fetch manifest: Failed to fetch manifest zDvZRwzkyD6taBT1J1PTjwjYRQQ9S2b3GErm2ce7zyLRk9jE7rjG after 10 attempts: Key doesn't exist
[WARN] Manifest fetch returned error: Failed to fetch manifest: Failed to fetch manifest zDvZRwzkyD6taBT1J1PTjwjYRQQ9S2b3GErm2ce7zyLRk9jE7rjG after 10 attempts: Key doesn't exist
[WARN] Manifest fetch returned error: Failed to fetch manifest: Failed to fetch manifest zDvZRwzkyD6taBT1J1PTjwjYRQQ9S2b3GErm2ce7zyLRk9jE7rjG after 10 attempts: Key doesn't exist
[WARN] Manifest fetch returned error: Failed to fetch manifest: Failed to fetch manifest zDvZRwzkyD6taBT1J1PTjwjYRQQ9S2b3GErm2ce7zyLRk9jE7rjG after 10 attempts: Key doesn't exist
[WARN] Manifest fetch returned error: Failed to fetch manifest: Failed to fetch manifest zDvZRwzkyD6taBT1J1PTjwjYRQQ9S2b3GErm2ce7zyLRk9jE7rjG after 10 attempts: Key doesn't exist
[WARN] Manifest fetch returned error: Failed to fetch manifest: Failed to fetch manifest zDvZRwzkyD6taBT1J1PTjwjYRQQ9S2b3GErm2ce7zyLRk9jE7rjG after 10 attempts: Key doesn't exist
[WARN] Manifest fetch returned error: Failed to fetch manifest: Failed to fetch manifest zDvZRwzkyD6taBT1J1PTjwjYRQQ9S2b3GErm2ce7zyLRk9jE7rjG after 10 attempts: Key doesn't exist
[WARN] Manifest fetch returned error: Failed to fetch manifest: Failed to fetch manifest zDvZRwzkyD6taBT1J1PTjwjYRQQ9S2b3GErm2ce7zyLRk9jE7rjG after 10 attempts: Key doesn't exist
[WARN] Manifest fetch returned error: Failed to fetch manifest: Failed to fetch manifest zDvZRwzkyD6taBT1J1PTjwjYRQQ9S2b3GErm2ce7zyLRk9jE7rjG after 10 attempts: Key doesn't exist
[WARN] Manifest fetch returned error: Failed to fetch manifest: Failed to fetch manifest zDvZRwzkyD6taBT1J1PTjwjYRQQ9S2b3GErm2ce7zyLRk9jE7rjG after 10 attempts: Key doesn't exist
[WARN] Manifest fetch returned error: Failed to fetch manifest: Failed to fetch manifest zDvZRwzkyD6taBT1J1PTjwjYRQQ9S2b3GErm2ce7zyLRk9jE7rjG after 10 attempts: Key doesn't exist
[WARN] Manifest fetch returned error: Failed to fetch manifest: Failed to fetch manifest zDvZRwzkyD6taBT1J1PTjwjYRQQ9S2b3GErm2ce7zyLRk9jE7rjG after 10 attempts: Key doesn't exist
[WARN] Manifest fetch returned error: Failed to fetch manifest: Failed to fetch manifest zDvZRwzkyD6taBT1J1PTjwjYRQQ9S2b3GErm2ce7zyLRk9jE7rjG after 10 attempts: Key doesn't exist
[WARN] Manifest fetch returned error: Failed to fetch manifest: Failed to fetch manifest zDvZRwzkyD6taBT1J1PTjwjYRQQ9S2b3GErm2ce7zyLRk9jE7rjG after 10 attempts: Key doesn't exist
[WARN] Manifest fetch returned error: Failed to fetch manifest: Failed to fetch manifest zDvZRwzkyD6taBT1J1PTjwjYRQQ9S2b3GErm2ce7zyLRk9jE7rjG after 10 attempts: Key doesn't exist
[INFO] Manifest fetch attempt 5/5 failed, waiting 10s for DHT peer discovery...
[WARN] Manifest not ready on attempt 4. Restarting VPS storage node...
[WARN] Manifest not ready on attempt 4. Retrying with fresh daemon...
External retrieval attempt 5/5 for south-america/peru (CID: zDvZRwzkyD6taBT1J1PTjwjYRQQ9S2b3GErm2ce7zyLRk9jE7rjG)...
Live VPS SPR: spr:CiUIAhIhA0DhJ1C6-HZQW8dqk8k90jLwB4qsts-jvsA5oZyT__uZEgID...
{"dependencies_loaded":[],"module":"storage_module","status":"ok","version":"2.1.3"}
{"method":"init","module":"storage_module","result":true,"status":"ok"}
{"method":"start","module":"storage_module","result":true,"status":"ok"}
{"method":"downloadManifest","module":"storage_module","result":{"error":null,"success":true,"value":null},"status":"ok"}
[WARN] Manifest fetch returned error: Failed to fetch manifest: Failed to fetch manifest zDvZRwzkyD6taBT1J1PTjwjYRQQ9S2b3GErm2ce7zyLRk9jE7rjG after 10 attempts: Key doesn't exist
[WARN] Manifest fetch returned error: Failed to fetch manifest: Failed to fetch manifest zDvZRwzkyD6taBT1J1PTjwjYRQQ9S2b3GErm2ce7zyLRk9jE7rjG after 10 attempts: Key doesn't exist
[WARN] Manifest fetch returned error: Failed to fetch manifest: Failed to fetch manifest zDvZRwzkyD6taBT1J1PTjwjYRQQ9S2b3GErm2ce7zyLRk9jE7rjG after 10 attempts: Key doesn't exist
[WARN] Manifest fetch returned error: Failed to fetch manifest: Failed to fetch manifest zDvZRwzkyD6taBT1J1PTjwjYRQQ9S2b3GErm2ce7zyLRk9jE7rjG after 10 attempts: Key doesn't exist
[WARN] Manifest fetch returned error: Failed to fetch manifest: Failed to fetch manifest zDvZRwzkyD6taBT1J1PTjwjYRQQ9S2b3GErm2ce7zyLRk9jE7rjG after 10 attempts: Key doesn't exist
[WARN] Manifest fetch returned error: Failed to fetch manifest: Failed to fetch manifest zDvZRwzkyD6taBT1J1PTjwjYRQQ9S2b3GErm2ce7zyLRk9jE7rjG after 10 attempts: Key doesn't exist
[WARN] Manifest fetch returned error: Failed to fetch manifest: Failed to fetch manifest zDvZRwzkyD6taBT1J1PTjwjYRQQ9S2b3GErm2ce7zyLRk9jE7rjG after 10 attempts: Key doesn't exist
[WARN] Manifest fetch returned error: Failed to fetch manifest: Failed to fetch manifest zDvZRwzkyD6taBT1J1PTjwjYRQQ9S2b3GErm2ce7zyLRk9jE7rjG after 10 attempts: Key doesn't exist
[WARN] Manifest fetch returned error: Failed to fetch manifest: Failed to fetch manifest zDvZRwzkyD6taBT1J1PTjwjYRQQ9S2b3GErm2ce7zyLRk9jE7rjG after 10 attempts: Key doesn't exist
[WARN] Manifest fetch returned error: Failed to fetch manifest: Failed to fetch manifest zDvZRwzkyD6taBT1J1PTjwjYRQQ9S2b3GErm2ce7zyLRk9jE7rjG after 10 attempts: Key doesn't exist
[WARN] Manifest fetch returned error: Failed to fetch manifest: Failed to fetch manifest zDvZRwzkyD6taBT1J1PTjwjYRQQ9S2b3GErm2ce7zyLRk9jE7rjG after 10 attempts: Key doesn't exist
[WARN] Manifest fetch returned error: Failed to fetch manifest: Failed to fetch manifest zDvZRwzkyD6taBT1J1PTjwjYRQQ9S2b3GErm2ce7zyLRk9jE7rjG after 10 attempts: Key doesn't exist
[WARN] Manifest fetch returned error: Failed to fetch manifest: Failed to fetch manifest zDvZRwzkyD6taBT1J1PTjwjYRQQ9S2b3GErm2ce7zyLRk9jE7rjG after 10 attempts: Key doesn't exist
[WARN] Manifest fetch returned error: Failed to fetch manifest: Failed to fetch manifest zDvZRwzkyD6taBT1J1PTjwjYRQQ9S2b3GErm2ce7zyLRk9jE7rjG after 10 attempts: Key doesn't exist
[WARN] Manifest fetch returned error: Failed to fetch manifest: Failed to fetch manifest zDvZRwzkyD6taBT1J1PTjwjYRQQ9S2b3GErm2ce7zyLRk9jE7rjG after 10 attempts: Key doesn't exist
[WARN] Manifest fetch returned error: Failed to fetch manifest: Failed to fetch manifest zDvZRwzkyD6taBT1J1PTjwjYRQQ9S2b3GErm2ce7zyLRk9jE7rjG after 10 attempts: Key doesn't exist
[WARN] Manifest fetch returned error: Failed to fetch manifest: Failed to fetch manifest zDvZRwzkyD6taBT1J1PTjwjYRQQ9S2b3GErm2ce7zyLRk9jE7rjG after 10 attempts: Key doesn't exist
[INFO] Manifest fetch attempt 1/5 failed, waiting 10s for DHT peer discovery...
{"method":"downloadManifest","module":"storage_module","result":{"error":null,"success":true,"value":null},"status":"ok"}
[WARN] Manifest fetch returned error: Failed to fetch manifest: Failed to fetch manifest zDvZRwzkyD6taBT1J1PTjwjYRQQ9S2b3GErm2ce7zyLRk9jE7rjG after 10 attempts: Key doesn't exist
[WARN] Manifest fetch returned error: Failed to fetch manifest: Failed to fetch manifest zDvZRwzkyD6taBT1J1PTjwjYRQQ9S2b3GErm2ce7zyLRk9jE7rjG after 10 attempts: Key doesn't exist
[WARN] Manifest fetch returned error: Failed to fetch manifest: Failed to fetch manifest zDvZRwzkyD6taBT1J1PTjwjYRQQ9S2b3GErm2ce7zyLRk9jE7rjG after 10 attempts: Key doesn't exist
[WARN] Manifest fetch returned error: Failed to fetch manifest: Failed to fetch manifest zDvZRwzkyD6taBT1J1PTjwjYRQQ9S2b3GErm2ce7zyLRk9jE7rjG after 10 attempts: Key doesn't exist
[WARN] Manifest fetch returned error: Failed to fetch manifest: Failed to fetch manifest zDvZRwzkyD6taBT1J1PTjwjYRQQ9S2b3GErm2ce7zyLRk9jE7rjG after 10 attempts: Key doesn't exist
[WARN] Manifest fetch returned error: Failed to fetch manifest: Failed to fetch manifest zDvZRwzkyD6taBT1J1PTjwjYRQQ9S2b3GErm2ce7zyLRk9jE7rjG after 10 attempts: Key doesn't exist
[WARN] Manifest fetch returned error: Failed to fetch manifest: Failed to fetch manifest zDvZRwzkyD6taBT1J1PTjwjYRQQ9S2b3GErm2ce7zyLRk9jE7rjG after 10 attempts: Key doesn't exist
[WARN] Manifest fetch returned error: Failed to fetch manifest: Failed to fetch manifest zDvZRwzkyD6taBT1J1PTjwjYRQQ9S2b3GErm2ce7zyLRk9jE7rjG after 10 attempts: Key doesn't exist
[WARN] Manifest fetch returned error: Failed to fetch manifest: Failed to fetch manifest zDvZRwzkyD6taBT1J1PTjwjYRQQ9S2b3GErm2ce7zyLRk9jE7rjG after 10 attempts: Key doesn't exist
[WARN] Manifest fetch returned error: Failed to fetch manifest: Failed to fetch manifest zDvZRwzkyD6taBT1J1PTjwjYRQQ9S2b3GErm2ce7zyLRk9jE7rjG after 10 attempts: Key doesn't exist
[WARN] Manifest fetch returned error: Failed to fetch manifest: Failed to fetch manifest zDvZRwzkyD6taBT1J1PTjwjYRQQ9S2b3GErm2ce7zyLRk9jE7rjG after 10 attempts: Key doesn't exist
[WARN] Manifest fetch returned error: Failed to fetch manifest: Failed to fetch manifest zDvZRwzkyD6taBT1J1PTjwjYRQQ9S2b3GErm2ce7zyLRk9jE7rjG after 10 attempts: Key doesn't exist
[WARN] Manifest fetch returned error: Failed to fetch manifest: Failed to fetch manifest zDvZRwzkyD6taBT1J1PTjwjYRQQ9S2b3GErm2ce7zyLRk9jE7rjG after 10 attempts: Key doesn't exist
[WARN] Manifest fetch returned error: Failed to fetch manifest: Failed to fetch manifest zDvZRwzkyD6taBT1J1PTjwjYRQQ9S2b3GErm2ce7zyLRk9jE7rjG after 10 attempts: Key doesn't exist
[WARN] Manifest fetch returned error: Failed to fetch manifest: Failed to fetch manifest zDvZRwzkyD6taBT1J1PTjwjYRQQ9S2b3GErm2ce7zyLRk9jE7rjG after 10 attempts: Key doesn't exist
[WARN] Manifest fetch returned error: Failed to fetch manifest: Failed to fetch manifest zDvZRwzkyD6taBT1J1PTjwjYRQQ9S2b3GErm2ce7zyLRk9jE7rjG after 10 attempts: Key doesn't exist
[WARN] Manifest fetch returned error: Failed to fetch manifest: Failed to fetch manifest zDvZRwzkyD6taBT1J1PTjwjYRQQ9S2b3GErm2ce7zyLRk9jE7rjG after 10 attempts: Key doesn't exist
[INFO] Manifest fetch attempt 2/5 failed, waiting 10s for DHT peer discovery...
{"method":"downloadManifest","module":"storage_module","result":{"error":null,"success":true,"value":null},"status":"ok"}
[WARN] Manifest fetch returned error: Failed to fetch manifest: Failed to fetch manifest zDvZRwzkyD6taBT1J1PTjwjYRQQ9S2b3GErm2ce7zyLRk9jE7rjG after 10 attempts: Key doesn't exist
[WARN] Manifest fetch returned error: Failed to fetch manifest: Failed to fetch manifest zDvZRwzkyD6taBT1J1PTjwjYRQQ9S2b3GErm2ce7zyLRk9jE7rjG after 10 attempts: Key doesn't exist
[WARN] Manifest fetch returned error: Failed to fetch manifest: Failed to fetch manifest zDvZRwzkyD6taBT1J1PTjwjYRQQ9S2b3GErm2ce7zyLRk9jE7rjG after 10 attempts: Key doesn't exist
[WARN] Manifest fetch returned error: Failed to fetch manifest: Failed to fetch manifest zDvZRwzkyD6taBT1J1PTjwjYRQQ9S2b3GErm2ce7zyLRk9jE7rjG after 10 attempts: Key doesn't exist
[WARN] Manifest fetch returned error: Failed to fetch manifest: Failed to fetch manifest zDvZRwzkyD6taBT1J1PTjwjYRQQ9S2b3GErm2ce7zyLRk9jE7rjG after 10 attempts: Key doesn't exist
[WARN] Manifest fetch returned error: Failed to fetch manifest: Failed to fetch manifest zDvZRwzkyD6taBT1J1PTjwjYRQQ9S2b3GErm2ce7zyLRk9jE7rjG after 10 attempts: Key doesn't exist
[WARN] Manifest fetch returned error: Failed to fetch manifest: Failed to fetch manifest zDvZRwzkyD6taBT1J1PTjwjYRQQ9S2b3GErm2ce7zyLRk9jE7rjG after 10 attempts: Key doesn't exist
[WARN] Manifest fetch returned error: Failed to fetch manifest: Failed to fetch manifest zDvZRwzkyD6taBT1J1PTjwjYRQQ9S2b3GErm2ce7zyLRk9jE7rjG after 10 attempts: Key doesn't exist
[WARN] Manifest fetch returned error: Failed to fetch manifest: Failed to fetch manifest zDvZRwzkyD6taBT1J1PTjwjYRQQ9S2b3GErm2ce7zyLRk9jE7rjG after 10 attempts: Key doesn't exist
[WARN] Manifest fetch returned error: Failed to fetch manifest: Failed to fetch manifest zDvZRwzkyD6taBT1J1PTjwjYRQQ9S2b3GErm2ce7zyLRk9jE7rjG after 10 attempts: Key doesn't exist
[WARN] Manifest fetch returned error: Failed to fetch manifest: Failed to fetch manifest zDvZRwzkyD6taBT1J1PTjwjYRQQ9S2b3GErm2ce7zyLRk9jE7rjG after 10 attempts: Key doesn't exist
[WARN] Manifest fetch returned error: Failed to fetch manifest: Failed to fetch manifest zDvZRwzkyD6taBT1J1PTjwjYRQQ9S2b3GErm2ce7zyLRk9jE7rjG after 10 attempts: Key doesn't exist
[WARN] Manifest fetch returned error: Failed to fetch manifest: Failed to fetch manifest zDvZRwzkyD6taBT1J1PTjwjYRQQ9S2b3GErm2ce7zyLRk9jE7rjG after 10 attempts: Key doesn't exist
[WARN] Manifest fetch returned error: Failed to fetch manifest: Failed to fetch manifest zDvZRwzkyD6taBT1J1PTjwjYRQQ9S2b3GErm2ce7zyLRk9jE7rjG after 10 attempts: Key doesn't exist
[WARN] Manifest fetch returned error: Failed to fetch manifest: Failed to fetch manifest zDvZRwzkyD6taBT1J1PTjwjYRQQ9S2b3GErm2ce7zyLRk9jE7rjG after 10 attempts: Key doesn't exist
[WARN] Manifest fetch returned error: Failed to fetch manifest: Failed to fetch manifest zDvZRwzkyD6taBT1J1PTjwjYRQQ9S2b3GErm2ce7zyLRk9jE7rjG after 10 attempts: Key doesn't exist
[WARN] Manifest fetch returned error: Failed to fetch manifest: Failed to fetch manifest zDvZRwzkyD6taBT1J1PTjwjYRQQ9S2b3GErm2ce7zyLRk9jE7rjG after 10 attempts: Key doesn't exist
[INFO] Manifest fetch attempt 3/5 failed, waiting 10s for DHT peer discovery...
{"method":"downloadManifest","module":"storage_module","result":{"error":null,"success":true,"value":null},"status":"ok"}
[WARN] Manifest fetch returned error: Failed to fetch manifest: Failed to fetch manifest zDvZRwzkyD6taBT1J1PTjwjYRQQ9S2b3GErm2ce7zyLRk9jE7rjG after 10 attempts: Key doesn't exist
[WARN] Manifest fetch returned error: Failed to fetch manifest: Failed to fetch manifest zDvZRwzkyD6taBT1J1PTjwjYRQQ9S2b3GErm2ce7zyLRk9jE7rjG after 10 attempts: Key doesn't exist
[WARN] Manifest fetch returned error: Failed to fetch manifest: Failed to fetch manifest zDvZRwzkyD6taBT1J1PTjwjYRQQ9S2b3GErm2ce7zyLRk9jE7rjG after 10 attempts: Key doesn't exist
[WARN] Manifest fetch returned error: Failed to fetch manifest: Failed to fetch manifest zDvZRwzkyD6taBT1J1PTjwjYRQQ9S2b3GErm2ce7zyLRk9jE7rjG after 10 attempts: Key doesn't exist
[WARN] Manifest fetch returned error: Failed to fetch manifest: Failed to fetch manifest zDvZRwzkyD6taBT1J1PTjwjYRQQ9S2b3GErm2ce7zyLRk9jE7rjG after 10 attempts: Key doesn't exist
[WARN] Manifest fetch returned error: Failed to fetch manifest: Failed to fetch manifest zDvZRwzkyD6taBT1J1PTjwjYRQQ9S2b3GErm2ce7zyLRk9jE7rjG after 10 attempts: Key doesn't exist
[WARN] Manifest fetch returned error: Failed to fetch manifest: Failed to fetch manifest zDvZRwzkyD6taBT1J1PTjwjYRQQ9S2b3GErm2ce7zyLRk9jE7rjG after 10 attempts: Key doesn't exist
[WARN] Manifest fetch returned error: Failed to fetch manifest: Failed to fetch manifest zDvZRwzkyD6taBT1J1PTjwjYRQQ9S2b3GErm2ce7zyLRk9jE7rjG after 10 attempts: Key doesn't exist
[WARN] Manifest fetch returned error: Failed to fetch manifest: Failed to fetch manifest zDvZRwzkyD6taBT1J1PTjwjYRQQ9S2b3GErm2ce7zyLRk9jE7rjG after 10 attempts: Key doesn't exist
[WARN] Manifest fetch returned error: Failed to fetch manifest: Failed to fetch manifest zDvZRwzkyD6taBT1J1PTjwjYRQQ9S2b3GErm2ce7zyLRk9jE7rjG after 10 attempts: Key doesn't exist
[WARN] Manifest fetch returned error: Failed to fetch manifest: Failed to fetch manifest zDvZRwzkyD6taBT1J1PTjwjYRQQ9S2b3GErm2ce7zyLRk9jE7rjG after 10 attempts: Key doesn't exist
================================================================================
LP-0018 A1 COVERAGE PIPELINE EXECUTION
================================================================================

--- Preflight: Checking VPS & Local Disk Space ---
VPS Available Disk Space: 66 GB
VPS Storage Node SPR: spr:CiUIAhIhA0DhJ1C6-HZQW8dqk8k90jLwB4qsts-jvsA5oZyT__uZEgIDARo7CicAJQgCEiEDQOEnULr4dlBbx2qTyT3SMvAHiqy2z6O-wDmhnJP_-5kQ86HE1QYaCgoIBMfnu2EGH4YqRjBEAiAeDhBJo1-jT4HsXyQb0lADD0mODQaNUreSmwsrnvaCewIgG6VNnv752rdfJlYDPHay-sWD07cDosUe-AUxezWidR4

[Entry 1/25] china/henan (China) verified from prior canonical testnet deployment.
Loaded 8 existing entries from /mnt/c/Users/Aftab/Desktop/atlasmirror/evidence/a1-coverage-manifest.json
[GIT] Committed progress locally: feat(coverage): verified 8/25 regions (asia/malaysia-singapore-brunei)
[2/25] Region africa/ethiopia (Ethiopia) already verified in manifest. Skipping.
[3/25] Region asia/pakistan (Pakistan) already verified in manifest. Skipping.
[4/25] Region europe/bulgaria (Bulgaria) already verified in manifest. Skipping.
[5/25] Region africa/egypt (Egypt) already verified in manifest. Skipping.
[6/25] Region asia/iran (Iran) already verified in manifest. Skipping.
[7/25] Region africa/morocco (Morocco) already verified in manifest. Skipping.
[8/25] Region asia/malaysia-singapore-brunei (Malaysia) already verified in manifest. Skipping.

================================================================================
[9/25] Processing Region: europe/malta (Malta)
================================================================================
Fetching published MD5 from https://download.geofabrik.de/europe/malta-latest.osm.pbf.md5...
Published MD5: 7315b7284ffe89c8286882398eb2394b
Truthful Source Version/Date: 2026-09-20
Downloading https://download.geofabrik.de/europe/malta-latest.osm.pbf...
Download finished in 104.5s
Downloaded Size: 8914777 bytes (8.50 MB)
Computed MD5:    7315b7284ffe89c8286882398eb2394b
✅ Geofabrik MD5 verified!
Transferring to VPS: /root/atlasmirror_vps/staging_europe_malta.osm.pbf...
Uploading to VPS Logos Storage...
uploadUrl response: {"method":"uploadUrl","module":"storage_module","result":{"error":null,"success":true,"value":"0"},"status":"ok"}
Waiting for VPS block ingestion to complete...
VPS block ingestion finished at 2954 blocks.
Candidate Logos Storage CID: zDvZRwzm66tTqLYiHoTD3VTiAgRQZhEjEsFdXqSFyPdvzkp57Wi3

[Integrity Gate] Executing independent external retrieval for CID zDvZRwzm66tTqLYiHoTD3VTiAgRQZhEjEsFdXqSFyPdvzkp57Wi3 before on-chain registration...
External retrieval attempt 1/5 for europe/malta (CID: zDvZRwzm66tTqLYiHoTD3VTiAgRQZhEjEsFdXqSFyPdvzkp57Wi3)...
Live VPS SPR: spr:CiUIAhIhA0DhJ1C6-HZQW8dqk8k90jLwB4qsts-jvsA5oZyT__uZEgID...
{"dependencies_loaded":[],"module":"storage_module","status":"ok","version":"2.1.3"}
{"method":"init","module":"storage_module","result":true,"status":"ok"}
{"method":"start","module":"storage_module","result":true,"status":"ok"}
{"method":"downloadManifest","module":"storage_module","result":{"error":null,"success":true,"value":null},"status":"ok"}
✅ Manifest downloaded and verified in local cache!
{"method":"downloadToUrl","module":"storage_module","result":{"error":null,"success":true,"value":"zDvZRwzm66tTqLYiHoTD3VTiAgRQZhEjEsFdXqSFyPdvzkp57Wi3"},"status":"ok"}
[0s] Download progress: 0.0 MB / 8.5 MB (0.0%)
[15s] Download progress: 0.0 MB / 8.5 MB (0.0%)
[30s] Download progress: 1.0 MB / 8.5 MB (11.8%)
[45s] Download progress: 2.0 MB / 8.5 MB (23.5%)
[60s] Download progress: 3.0 MB / 8.5 MB (35.3%)
[75s] Download progress: 4.0 MB / 8.5 MB (47.0%)
[90s] Download progress: 4.0 MB / 8.5 MB (47.0%)
[105s] Download progress: 4.0 MB / 8.5 MB (47.0%)
[120s] Download progress: 7.0 MB / 8.5 MB (82.3%)
External retrieval complete: 8914777/8914777 bytes (132s)
Retrieved Size: 8914777 (Expected: 8914777)
Retrieved MD5:  7315b7284ffe89c8286882398eb2394b (Expected: 7315b7284ffe89c8286882398eb2394b)
✅ CID zDvZRwzm66tTqLYiHoTD3VTiAgRQZhEjEsFdXqSFyPdvzkp57Wi3 CRYPTOGRAPHICALLY PROVEN: 100% MD5 MATCH WITH GEOFABRIK!

Registering/updating europe/malta on Canonical Logos Testnet (account T8T4nfBcLDNUycWNQ4SyrvsduRZZ8Uxk5XSzS2XMvci)...
Registration parameters: CID=zDvZRwzm66tTqLYiHoTD3VTiAgRQZhEjEsFdXqSFyPdvzkp57Wi3, MD5=7315b7284ffe89c8286882398eb2394b, Version=2026-09-20, Timestamp=1789989616
On-chain submission attempt 1/3 for europe/malta...
Program ID: [1108401340, 224902513, 3719279011, 2256696779, 2279479750, 2288278838, 1677050569, 1334542228]
Building RegisterRegion instruction: RegisterRegionArgs { region: "europe/malta", parent: Some("europe"), level: Subregion, cid: "zDvZRwzm66tTqLYiHoTD3VTiAgRQZhEjEsFdXqSFyPdvzkp57Wi3", source_url: "https://download.geofabrik.de/europe/malta-latest.osm.pbf", checksum: "7315b7284ffe89c8286882398eb2394b", version: "2026-09-20", hosted: true, timestamp: 1789989616 }
Transaction submitted! Hash: 26d58d5f214bee2d87ee3cd33576679750a39a798f5d942392e26f782805b263
Polling for transaction finalization...
Transaction hash is 26d58d5f214bee2d87ee3cd33576679750a39a798f5d942392e26f782805b263
Transaction is included in block 18549
Transaction data is Public(PublicTransaction { message: Message { program_id: "bcdc104271bd670da3b1afddcb758286c619de87365d6488c9c2f563947f8b4f", account_ids: [T8T4nfBcLDNUycWNQ4SyrvsduRZZ8Uxk5XSzS2XMvci], nonces: [Nonce(10)], instruction_data: [1, 12, 1869772133, 1831822704, 1635019873, 1, 6, 1869772133, 25968, 1, 52, 1517700218, 1836742482, 1416902198, 1767459953, 1146384200, 1767134771, 1364354881, 1782933594, 1682338629, 1179873624, 1986285689, 896559994, 862541623, 57, 1886680168, 791624307, 1853321060, 1684107116, 1868916526, 1919050086, 1680763753, 1969565541, 1701867378, 1818324271, 1814913396, 1936028769, 1936666228, 1651519085, 102, 32, 892416823, 942815074, 1701209652, 946026808, 943077426, 959656504, 845309240, 1647589683, 10, 909258802, 758722605, 12338, 1, 1789989616, 0] }, witness_set: WitnessSet { signatures_and_public_keys: [(d01d8319e67487b3aae9a8508783fdc0566e7e06ddc902bf9cfad8be2f8ced7e0fc44fab9c745317c46b028008757dd0b161a418883d9bc27dc21523f154d5f3, 922b3959aead75f725bc70b319bc7733350630b8d1cc14aa366b917b785554da)] } })
Stored persistent accounts at /root/.lee/wallet-testnet-compatible/storage.json
Transaction finalized successfully! Result: TransactionExecuted { tx_hash: 26d58d5f214bee2d87ee3cd33576679750a39a798f5d942392e26f782805b263 }

✅ On-chain registration/update confirmed! Tx: 26d58d5f214bee2d87ee3cd33576679750a39a798f5d942392e26f782805b263, Block: 18549
✅ Canonical on-chain query verified!
[GIT] Committed progress locally: feat(coverage): verified 9/25 regions (europe/malta)
✅ Region europe/malta verified and added to manifest (9/25).

================================================================================
[10/25] Processing Region: oceania/fiji (Fiji)
================================================================================
Fetching published MD5 from https://download.geofabrik.de/oceania/fiji-latest.osm.pbf.md5...
[WARN] Error fetching MD5 from https://download.geofabrik.de/oceania/fiji-latest.osm.pbf.md5 (attempt 1/5): HTTP Error 404: Not Found
[WARN] Error fetching MD5 from https://download.geofabrik.de/oceania/fiji-latest.osm.pbf.md5 (attempt 2/5): HTTP Error 404: Not Found
[WARN] Error fetching MD5 from https://download.geofabrik.de/oceania/fiji-latest.osm.pbf.md5 (attempt 3/5): HTTP Error 404: Not Found
[WARN] Error fetching MD5 from https://download.geofabrik.de/oceania/fiji-latest.osm.pbf.md5 (attempt 4/5): HTTP Error 404: Not Found
[WARN] Error fetching MD5 from https://download.geofabrik.de/oceania/fiji-latest.osm.pbf.md5 (attempt 5/5): HTTP Error 404: Not Found
Traceback (most recent call last):
  File "/mnt/c/Users/Aftab/Desktop/atlasmirror/scripts/run_a1_coverage.py", line 936, in <module>
    main()
    ~~~~^^
  File "/mnt/c/Users/Aftab/Desktop/atlasmirror/scripts/run_a1_coverage.py", line 577, in main
    published_md5, source_version = fetch_geofabrik_metadata(pbf_url, md5_url)
                                    ~~~~~~~~~~~~~~~~~~~~~~~~^^^^^^^^^^^^^^^^^^
  File "/mnt/c/Users/Aftab/Desktop/atlasmirror/scripts/run_a1_coverage.py", line 362, in fetch_geofabrik_metadata
    raise RuntimeError(f"Failed to fetch published MD5 from {md5_url} after 5 attempts!")
RuntimeError: Failed to fetch published MD5 from https://download.geofabrik.de/oceania/fiji-latest.osm.pbf.md5 after 5 attempts!
================================================================================
LP-0018 A1 COVERAGE PIPELINE EXECUTION
================================================================================

--- Preflight: Checking VPS & Local Disk Space ---
VPS Available Disk Space: 66 GB
VPS Storage Node SPR: spr:CiUIAhIhA0DhJ1C6-HZQW8dqk8k90jLwB4qsts-jvsA5oZyT__uZEgIDARo7CicAJQgCEiEDQOEnULr4dlBbx2qTyT3SMvAHiqy2z6O-wDmhnJP_-5kQvavE1QYaCgoIBMfnu2EGH4YqRzBFAiEAgAVkgAO2go8CodSDgnJl_WDqlztR7ASWid65zkvPqIACIH0pEjkfrkvmB1Gq61iLuaCqz2XxUfNE3ZJIX8R8kArC

[Entry 1/25] china/henan (China) verified from prior canonical testnet deployment.
Loaded 9 existing entries from /mnt/c/Users/Aftab/Desktop/atlasmirror/evidence/a1-coverage-manifest.json
[GIT] Committed progress locally: feat(coverage): verified 9/25 regions (europe/malta)
[2/25] Region africa/ethiopia (Ethiopia) already verified in manifest. Skipping.
[3/25] Region asia/pakistan (Pakistan) already verified in manifest. Skipping.
[4/25] Region europe/bulgaria (Bulgaria) already verified in manifest. Skipping.
[5/25] Region africa/egypt (Egypt) already verified in manifest. Skipping.
[6/25] Region asia/iran (Iran) already verified in manifest. Skipping.
[7/25] Region africa/morocco (Morocco) already verified in manifest. Skipping.
[8/25] Region asia/malaysia-singapore-brunei (Malaysia) already verified in manifest. Skipping.
[9/25] Region europe/malta (Malta) already verified in manifest. Skipping.

================================================================================
[10/25] Processing Region: central-america/belize (Belize)
================================================================================
Fetching published MD5 from https://download.geofabrik.de/central-america/belize-latest.osm.pbf.md5...
Published MD5: 871fd979e6f5112d2fdadd578b0ecd3d
================================================================================
LP-0018 A1 COVERAGE PIPELINE EXECUTION
================================================================================

--- Preflight: Checking VPS & Local Disk Space ---
VPS Available Disk Space: 66 GB
VPS Storage Node SPR: spr:CiUIAhIhA0DhJ1C6-HZQW8dqk8k90jLwB4qsts-jvsA5oZyT__uZEgIDARo7CicAJQgCEiEDQOEnULr4dlBbx2qTyT3SMvAHiqy2z6O-wDmhnJP_-5kQg67E1QYaCgoIBMfnu2EGH4YqRjBEAiA6NstMJT6i1fFJutwjqsvB7JzKPKz_RJSWnOMsxj8w3wIgTE3z_0eZ_yhGO2Z59hXtv3HS7nlM-DDgIOULK_WPqg4

[Entry 1/25] china/henan (China) verified from prior canonical testnet deployment.
Loaded 9 existing entries from /mnt/c/Users/Aftab/Desktop/atlasmirror/evidence/a1-coverage-manifest.json
[GIT] Committed progress locally: feat(coverage): verified 9/25 regions (europe/malta)
[2/25] Region africa/ethiopia (Ethiopia) already verified in manifest. Skipping.
[3/25] Region asia/pakistan (Pakistan) already verified in manifest. Skipping.
[4/25] Region europe/bulgaria (Bulgaria) already verified in manifest. Skipping.
[5/25] Region africa/egypt (Egypt) already verified in manifest. Skipping.
[6/25] Region asia/iran (Iran) already verified in manifest. Skipping.
[7/25] Region africa/morocco (Morocco) already verified in manifest. Skipping.
[8/25] Region asia/malaysia-singapore-brunei (Malaysia) already verified in manifest. Skipping.
[9/25] Region europe/malta (Malta) already verified in manifest. Skipping.

================================================================================
[10/25] Processing Region: central-america/belize (Belize)
================================================================================
Fetching published MD5 from https://download.geofabrik.de/central-america/belize-latest.osm.pbf.md5...
Published MD5: 871fd979e6f5112d2fdadd578b0ecd3d
Truthful Source Version/Date: 2026-09-20
Downloading https://download.geofabrik.de/central-america/belize-latest.osm.pbf...
Download finished in 10.9s
Downloaded Size: 18262587 bytes (17.42 MB)
Computed MD5:    871fd979e6f5112d2fdadd578b0ecd3d
✅ Geofabrik MD5 verified!
Transferring to VPS: /root/atlasmirror_vps/staging_central-america_belize.osm.pbf...
Uploading to VPS Logos Storage...
uploadUrl response: {"method":"uploadUrl","module":"storage_module","result":{"error":null,"success":true,"value":"1"},"status":"ok"}
Waiting for VPS block ingestion to complete...
VPS block ingestion finished at 2961 blocks.
Candidate Logos Storage CID: zDvZRwzm7Z6itHsGr4c8SuTbvo7ehQQefCrZdvMasJk3FmL8fQez

[Integrity Gate] Executing independent external retrieval for CID zDvZRwzm7Z6itHsGr4c8SuTbvo7ehQQefCrZdvMasJk3FmL8fQez before on-chain registration...
External retrieval attempt 1/5 for central-america/belize (CID: zDvZRwzm7Z6itHsGr4c8SuTbvo7ehQQefCrZdvMasJk3FmL8fQez)...
Live VPS SPR: spr:CiUIAhIhA0DhJ1C6-HZQW8dqk8k90jLwB4qsts-jvsA5oZyT__uZEgID...
{"dependencies_loaded":[],"module":"storage_module","status":"ok","version":"2.1.3"}
{"method":"init","module":"storage_module","result":true,"status":"ok"}
{"method":"start","module":"storage_module","result":true,"status":"ok"}
{"method":"downloadManifest","module":"storage_module","result":{"error":null,"success":true,"value":null},"status":"ok"}
✅ Manifest downloaded and verified in local cache!
{"method":"downloadToUrl","module":"storage_module","result":{"error":null,"success":true,"value":"zDvZRwzm7Z6itHsGr4c8SuTbvo7ehQQefCrZdvMasJk3FmL8fQez"},"status":"ok"}
[0s] Download progress: 0.0 MB / 17.4 MB (0.0%)
[15s] Download progress: 4.0 MB / 17.4 MB (23.0%)
[30s] Download progress: 7.0 MB / 17.4 MB (40.2%)
[45s] Download progress: 13.0 MB / 17.4 MB (74.6%)
External retrieval complete: 18262587/18262587 bytes (56s)
Retrieved Size: 18262587 (Expected: 18262587)
Retrieved MD5:  871fd979e6f5112d2fdadd578b0ecd3d (Expected: 871fd979e6f5112d2fdadd578b0ecd3d)
✅ CID zDvZRwzm7Z6itHsGr4c8SuTbvo7ehQQefCrZdvMasJk3FmL8fQez CRYPTOGRAPHICALLY PROVEN: 100% MD5 MATCH WITH GEOFABRIK!

Registering/updating central-america/belize on Canonical Logos Testnet (account T8T4nfBcLDNUycWNQ4SyrvsduRZZ8Uxk5XSzS2XMvci)...
Registration parameters: CID=zDvZRwzm7Z6itHsGr4c8SuTbvo7ehQQefCrZdvMasJk3FmL8fQez, MD5=871fd979e6f5112d2fdadd578b0ecd3d, Version=2026-09-20, Timestamp=1789990904
On-chain submission attempt 1/3 for central-america/belize...
Program ID: [1108401340, 224902513, 3719279011, 2256696779, 2279479750, 2288278838, 1677050569, 1334542228]
Building RegisterRegion instruction: RegisterRegionArgs { region: "central-america/belize", parent: Some("central-america"), level: Subregion, cid: "zDvZRwzm7Z6itHsGr4c8SuTbvo7ehQQefCrZdvMasJk3FmL8fQez", source_url: "https://download.geofabrik.de/central-america/belize-latest.osm.pbf", checksum: "871fd979e6f5112d2fdadd578b0ecd3d", version: "2026-09-20", hosted: true, timestamp: 1789990904 }
Transaction submitted! Hash: d40df425c8dd961fdd409117d7f0030817d944a1c4e2daa8211cbf7ac14c61df
Polling for transaction finalization...
Transaction hash is d40df425c8dd961fdd409117d7f0030817d944a1c4e2daa8211cbf7ac14c61df
Transaction is included in block 18570
Transaction data is Public(PublicTransaction { message: Message { program_id: "bcdc104271bd670da3b1afddcb758286c619de87365d6488c9c2f563947f8b4f", account_ids: [T8T4nfBcLDNUycWNQ4SyrvsduRZZ8Uxk5XSzS2XMvci], nonces: [Nonce(11)], instruction_data: [1, 22, 1953391971, 762077554, 1919249761, 794911593, 1768711522, 25978, 1, 15, 1953391971, 762077554, 1919249761, 6382441, 1, 52, 1517700218, 1836742482, 1765169719, 1198737524, 946025586, 1649702227, 1698131830, 1699828072, 1517437798, 1632466532, 862669427, 944532806, 2053460326, 67, 1886680168, 791624307, 1853321060, 1684107116, 1868916526, 1919050086, 1680763753, 1700999013, 1634890862, 1835085164, 1667854949, 1700933473, 1702521196, 1952541741, 779383653, 778924911, 6709872, 32, 1714501432, 959920484, 895891045, 1681010993, 1633969714, 926245988, 1697669688, 1681089635, 10, 909258802, 758722605, 12338, 1, 1789990904, 0] }, witness_set: WitnessSet { signatures_and_public_keys: [(a2f258425a7421c44c74c8f16b42236555c85a7c80f424f7cfdbeebf650322b743192cd1174f36144e8f54a4fe6c8a008df2df9cd00a8a5b72a7fa38f9d86023, 922b3959aead75f725bc70b319bc7733350630b8d1cc14aa366b917b785554da)] } })
Stored persistent accounts at /root/.lee/wallet-testnet-compatible/storage.json
Transaction finalized successfully! Result: TransactionExecuted { tx_hash: d40df425c8dd961fdd409117d7f0030817d944a1c4e2daa8211cbf7ac14c61df }

✅ On-chain registration/update confirmed! Tx: d40df425c8dd961fdd409117d7f0030817d944a1c4e2daa8211cbf7ac14c61df, Block: 18570
✅ Canonical on-chain query verified!
[GIT] Committed progress locally: feat(coverage): verified 10/25 regions (central-america/belize)
✅ Region central-america/belize verified and added to manifest (10/25).

================================================================================
[11/25] Processing Region: europe/macedonia (North Macedonia)
================================================================================
Fetching published MD5 from https://download.geofabrik.de/europe/macedonia-latest.osm.pbf.md5...
Published MD5: 10ccfc90c9d91cb2f913d289c51bbb0e
